run,policy,obs_timestep,elapsed_s,current_p,ablation,seed,error,p_first,p_end,p_max,p_mean,first_dist_current,end_dist_current,first_dist_safe,end_dist_safe,chunk_step_mean
recorded_obs-0629-01,new_latest,0,0.0,0.0,current_image_current_state,0,,0.009489119619221926,-0.1056853061274412,0.009489119619221926,-0.03895440727169432,8.830402104959797,41.8336775131341,143.46602904729656,164.52704319808439,1.3769086599349976
recorded_obs-0629-01,new_latest,0,0.0,0.0,current_image_current_state,1,,0.010546327824346545,-0.10921566281550392,0.010546327824346545,-0.039857187316914365,8.817991150780543,44.399491439841654,143.31116017608198,165.64414733010634,1.4317240715026855
recorded_obs-0629-01,new_latest,0,0.0,0.0,current_image_current_state,2,,0.010116197677508779,-0.09569230272787393,0.010116197677508779,-0.033622822144611736,8.617153674414048,39.44943648984323,143.3616666589989,162.65797864371336,1.2650172710418701
recorded_obs-0629-01,new_latest,0,0.0,0.0,current_image_current_state,3,,0.008993735835141799,-0.11643902542752144,0.008993735835141799,-0.04412858646583145,8.653029129122359,42.27180066332082,143.52737936319963,165.99857720146824,1.3779957294464111
recorded_obs-0629-01,new_latest,0,0.0,0.0,current_image_current_state,4,,0.0098867385316906,-0.10832601748033174,0.0098867385316906,-0.03978391291460033,8.816992459111713,41.1409918801349,143.40726420150673,164.6877670599111,1.3492422103881836
recorded_obs-0629-01,new_latest,0,0.0,0.0,current_image_current_state,5,,0.008631474697856285,-0.09212233957830789,0.008631474697856285,-0.03209050449995331,8.630920437448971,40.81196015636449,143.57879328610326,162.5353595034284,1.3032740354537964
recorded_obs-0629-01,new_latest,0,0.0,0.0,current_image_current_state,6,,0.009884152943537441,-0.11514272997441584,0.009884152943537441,-0.0427804985817067,8.634580387109079,40.68148606765662,143.39654156204023,165.4370501625658,1.3978278636932373
recorded_obs-0629-01,new_latest,0,0.0,0.0,current_image_current_state,7,,0.008546127870240349,-0.11032669155952958,0.008546127870240349,-0.04477578976060317,8.820192628062921,40.638718437764474,143.60271791641514,164.81692204997793,1.3467316627502441
recorded_obs-0629-01,new_latest,0,0.0,0.0,current_image_current_state,8,,0.00957168784609101,-0.10961812623120847,0.00957168784609101,-0.0409622803788935,8.844800080492384,41.46596518358062,143.45488638865464,164.9330740165009,1.3594926595687866
recorded_obs-0629-01,new_latest,0,0.0,0.0,current_image_current_state,9,,0.007916985035943066,-0.11345648988709445,0.008807054839146915,-0.03872657800258071,8.612959323464038,43.76781508012869,143.6816882394037,166.01074373230205,1.335360050201416
recorded_obs-0629-01,new_latest,0,0.0,0.0,current_image_current_state,10,,0.011505096335603735,-0.10753443072785056,0.011505096335603735,-0.03928137693646118,8.510573571764528,41.87405475366077,143.1526552794666,164.77204147639216,1.3157572746276855
recorded_obs-0629-01,new_latest,0,0.0,0.0,current_image_current_state,11,,0.012254820736818299,-0.11432679650080214,0.012254820736818299,-0.04372326198387145,8.321785929496398,42.13009131814067,143.03204082575195,165.69632128001322,1.3552924394607544
recorded_obs-0629-01,new_latest,0,0.0,0.0,current_image_current_state,12,,0.009885989943097147,-0.10429099628827139,0.009885989943097147,-0.037163181006915895,8.645419997407807,40.10217903910482,143.39692691776258,163.91763374901467,1.3452028036117554
recorded_obs-0629-01,new_latest,0,0.0,0.0,current_image_current_state,13,,0.009424424308861678,-0.1032316269731181,0.009424424308861678,-0.03532520615602018,8.62702919005916,36.69771387324476,143.46308075700256,162.98234238092206,1.2839142084121704
recorded_obs-0629-01,new_latest,0,0.0,0.0,current_image_current_state,14,,0.00977485581500545,-0.10889354338199017,0.00977485581500545,-0.0403945499573283,8.67207668041336,41.57230555634666,143.41473406966475,164.86800760838,1.331040382385254
recorded_obs-0629-01,new_latest,0,0.0,0.0,current_image_current_state,15,,0.012292871363851772,-0.10914768878301162,0.012292871363851772,-0.042004909554964276,8.618191497577268,39.94373944303484,143.04403237950086,164.49720225129803,1.3475266695022583
recorded_obs-0629-01,new_latest,0,0.0,0.0,current_image_current_state,16,,0.0091254852615433,-0.1070201822451205,0.009764356319621048,-0.03993642300587197,8.72067493206665,41.455741573927384,143.51228673727803,164.60094436639238,1.3178516626358032
recorded_obs-0629-01,new_latest,0,0.0,0.0,current_image_current_state,17,,0.009938441807290062,-0.10487138957818165,0.009938441807290062,-0.03759214448179802,8.705249849660989,39.28145205114777,143.3929012342063,163.7928575676177,1.2841238975524902
recorded_obs-0629-01,new_latest,0,0.0,0.0,current_image_current_state,18,,0.011915018383329513,-0.10591106491965947,0.011915018383329513,-0.038988069339416585,8.712787934093543,41.395680022635815,143.10496079689486,164.44491767791163,1.281466007232666
recorded_obs-0629-01,new_latest,0,0.0,0.0,current_image_current_state,19,,0.012377269583034521,-0.09928646638936516,0.012377269583034521,-0.03916032802631898,8.643349491646866,39.33133874777101,143.03321788361154,163.09064597312184,1.343341588973999
recorded_obs-0629-01,new_latest,0,0.0,0.0,start_image_current_state,0,,0.009489119619221926,-0.1056853061274412,0.009489119619221926,-0.03895440727169432,8.830402104959797,41.8336775131341,143.46602904729656,164.52704319808439,1.3769086599349976
recorded_obs-0629-01,new_latest,0,0.0,0.0,start_image_current_state,1,,0.010546327824346545,-0.10921566281550392,0.010546327824346545,-0.039857187316914365,8.817991150780543,44.399491439841654,143.31116017608198,165.64414733010634,1.4317240715026855
recorded_obs-0629-01,new_latest,0,0.0,0.0,start_image_current_state,2,,0.010116197677508779,-0.09569230272787393,0.010116197677508779,-0.033622822144611736,8.617153674414048,39.44943648984323,143.3616666589989,162.65797864371336,1.2650172710418701
recorded_obs-0629-01,new_latest,0,0.0,0.0,start_image_current_state,3,,0.008993735835141799,-0.11643902542752144,0.008993735835141799,-0.04412858646583145,8.653029129122359,42.27180066332082,143.52737936319963,165.99857720146824,1.3779957294464111
recorded_obs-0629-01,new_latest,0,0.0,0.0,start_image_current_state,4,,0.0098867385316906,-0.10832601748033174,0.0098867385316906,-0.03978391291460033,8.816992459111713,41.1409918801349,143.40726420150673,164.6877670599111,1.3492422103881836
recorded_obs-0629-01,new_latest,0,0.0,0.0,start_image_current_state,5,,0.008631474697856285,-0.09212233957830789,0.008631474697856285,-0.03209050449995331,8.630920437448971,40.81196015636449,143.57879328610326,162.5353595034284,1.3032740354537964
recorded_obs-0629-01,new_latest,0,0.0,0.0,start_image_current_state,6,,0.009884152943537441,-0.11514272997441584,0.009884152943537441,-0.0427804985817067,8.634580387109079,40.68148606765662,143.39654156204023,165.4370501625658,1.3978278636932373
recorded_obs-0629-01,new_latest,0,0.0,0.0,start_image_current_state,7,,0.008546127870240349,-0.11032669155952958,0.008546127870240349,-0.04477578976060317,8.820192628062921,40.638718437764474,143.60271791641514,164.81692204997793,1.3467316627502441
recorded_obs-0629-01,new_latest,0,0.0,0.0,start_image_current_state,8,,0.00957168784609101,-0.10961812623120847,0.00957168784609101,-0.0409622803788935,8.844800080492384,41.46596518358062,143.45488638865464,164.9330740165009,1.3594926595687866
recorded_obs-0629-01,new_latest,0,0.0,0.0,start_image_current_state,9,,0.007916985035943066,-0.11345648988709445,0.008807054839146915,-0.03872657800258071,8.612959323464038,43.76781508012869,143.6816882394037,166.01074373230205,1.335360050201416
recorded_obs-0629-01,new_latest,0,0.0,0.0,start_image_current_state,10,,0.011505096335603735,-0.10753443072785056,0.011505096335603735,-0.03928137693646118,8.510573571764528,41.87405475366077,143.1526552794666,164.77204147639216,1.3157572746276855
recorded_obs-0629-01,new_latest,0,0.0,0.0,start_image_current_state,11,,0.012254820736818299,-0.11432679650080214,0.012254820736818299,-0.04372326198387145,8.321785929496398,42.13009131814067,143.03204082575195,165.69632128001322,1.3552924394607544
recorded_obs-0629-01,new_latest,0,0.0,0.0,start_image_current_state,12,,0.009885989943097147,-0.10429099628827139,0.009885989943097147,-0.037163181006915895,8.645419997407807,40.10217903910482,143.39692691776258,163.91763374901467,1.3452028036117554
recorded_obs-0629-01,new_latest,0,0.0,0.0,start_image_current_state,13,,0.009424424308861678,-0.1032316269731181,0.009424424308861678,-0.03532520615602018,8.62702919005916,36.69771387324476,143.46308075700256,162.98234238092206,1.2839142084121704
recorded_obs-0629-01,new_latest,0,0.0,0.0,start_image_current_state,14,,0.00977485581500545,-0.10889354338199017,0.00977485581500545,-0.0403945499573283,8.67207668041336,41.57230555634666,143.41473406966475,164.86800760838,1.331040382385254
recorded_obs-0629-01,new_latest,0,0.0,0.0,start_image_current_state,15,,0.012292871363851772,-0.10914768878301162,0.012292871363851772,-0.042004909554964276,8.618191497577268,39.94373944303484,143.04403237950086,164.49720225129803,1.3475266695022583
recorded_obs-0629-01,new_latest,0,0.0,0.0,start_image_current_state,16,,0.0091254852615433,-0.1070201822451205,0.009764356319621048,-0.03993642300587197,8.72067493206665,41.455741573927384,143.51228673727803,164.60094436639238,1.3178516626358032
recorded_obs-0629-01,new_latest,0,0.0,0.0,start_image_current_state,17,,0.009938441807290062,-0.10487138957818165,0.009938441807290062,-0.03759214448179802,8.705249849660989,39.28145205114777,143.3929012342063,163.7928575676177,1.2841238975524902
recorded_obs-0629-01,new_latest,0,0.0,0.0,start_image_current_state,18,,0.011915018383329513,-0.10591106491965947,0.011915018383329513,-0.038988069339416585,8.712787934093543,41.395680022635815,143.10496079689486,164.44491767791163,1.281466007232666
recorded_obs-0629-01,new_latest,0,0.0,0.0,start_image_current_state,19,,0.012377269583034521,-0.09928646638936516,0.012377269583034521,-0.03916032802631898,8.643349491646866,39.33133874777101,143.03321788361154,163.09064597312184,1.343341588973999
recorded_obs-0629-01,new_latest,0,0.0,0.0,current_image_start_state,0,,0.009489119619221926,-0.1056853061274412,0.009489119619221926,-0.03895440727169432,8.830402104959797,41.8336775131341,143.46602904729656,164.52704319808439,1.3769086599349976
recorded_obs-0629-01,new_latest,0,0.0,0.0,current_image_start_state,1,,0.010546327824346545,-0.10921566281550392,0.010546327824346545,-0.039857187316914365,8.817991150780543,44.399491439841654,143.31116017608198,165.64414733010634,1.4317240715026855
recorded_obs-0629-01,new_latest,0,0.0,0.0,current_image_start_state,2,,0.010116197677508779,-0.09569230272787393,0.010116197677508779,-0.033622822144611736,8.617153674414048,39.44943648984323,143.3616666589989,162.65797864371336,1.2650172710418701
recorded_obs-0629-01,new_latest,0,0.0,0.0,current_image_start_state,3,,0.008993735835141799,-0.11643902542752144,0.008993735835141799,-0.04412858646583145,8.653029129122359,42.27180066332082,143.52737936319963,165.99857720146824,1.3779957294464111
recorded_obs-0629-01,new_latest,0,0.0,0.0,current_image_start_state,4,,0.0098867385316906,-0.10832601748033174,0.0098867385316906,-0.03978391291460033,8.816992459111713,41.1409918801349,143.40726420150673,164.6877670599111,1.3492422103881836
recorded_obs-0629-01,new_latest,0,0.0,0.0,current_image_start_state,5,,0.008631474697856285,-0.09212233957830789,0.008631474697856285,-0.03209050449995331,8.630920437448971,40.81196015636449,143.57879328610326,162.5353595034284,1.3032740354537964
recorded_obs-0629-01,new_latest,0,0.0,0.0,current_image_start_state,6,,0.009884152943537441,-0.11514272997441584,0.009884152943537441,-0.0427804985817067,8.634580387109079,40.68148606765662,143.39654156204023,165.4370501625658,1.3978278636932373
recorded_obs-0629-01,new_latest,0,0.0,0.0,current_image_start_state,7,,0.008546127870240349,-0.11032669155952958,0.008546127870240349,-0.04477578976060317,8.820192628062921,40.638718437764474,143.60271791641514,164.81692204997793,1.3467316627502441
recorded_obs-0629-01,new_latest,0,0.0,0.0,current_image_start_state,8,,0.00957168784609101,-0.10961812623120847,0.00957168784609101,-0.0409622803788935,8.844800080492384,41.46596518358062,143.45488638865464,164.9330740165009,1.3594926595687866
recorded_obs-0629-01,new_latest,0,0.0,0.0,current_image_start_state,9,,0.007916985035943066,-0.11345648988709445,0.008807054839146915,-0.03872657800258071,8.612959323464038,43.76781508012869,143.6816882394037,166.01074373230205,1.335360050201416
recorded_obs-0629-01,new_latest,0,0.0,0.0,current_image_start_state,10,,0.011505096335603735,-0.10753443072785056,0.011505096335603735,-0.03928137693646118,8.510573571764528,41.87405475366077,143.1526552794666,164.77204147639216,1.3157572746276855
recorded_obs-0629-01,new_latest,0,0.0,0.0,current_image_start_state,11,,0.012254820736818299,-0.11432679650080214,0.012254820736818299,-0.04372326198387145,8.321785929496398,42.13009131814067,143.03204082575195,165.69632128001322,1.3552924394607544
recorded_obs-0629-01,new_latest,0,0.0,0.0,current_image_start_state,12,,0.009885989943097147,-0.10429099628827139,0.009885989943097147,-0.037163181006915895,8.645419997407807,40.10217903910482,143.39692691776258,163.91763374901467,1.3452028036117554
recorded_obs-0629-01,new_latest,0,0.0,0.0,current_image_start_state,13,,0.009424424308861678,-0.1032316269731181,0.009424424308861678,-0.03532520615602018,8.62702919005916,36.69771387324476,143.46308075700256,162.98234238092206,1.2839142084121704
recorded_obs-0629-01,new_latest,0,0.0,0.0,current_image_start_state,14,,0.00977485581500545,-0.10889354338199017,0.00977485581500545,-0.0403945499573283,8.67207668041336,41.57230555634666,143.41473406966475,164.86800760838,1.331040382385254
recorded_obs-0629-01,new_latest,0,0.0,0.0,current_image_start_state,15,,0.012292871363851772,-0.10914768878301162,0.012292871363851772,-0.042004909554964276,8.618191497577268,39.94373944303484,143.04403237950086,164.49720225129803,1.3475266695022583
recorded_obs-0629-01,new_latest,0,0.0,0.0,current_image_start_state,16,,0.0091254852615433,-0.1070201822451205,0.009764356319621048,-0.03993642300587197,8.72067493206665,41.455741573927384,143.51228673727803,164.60094436639238,1.3178516626358032
recorded_obs-0629-01,new_latest,0,0.0,0.0,current_image_start_state,17,,0.009938441807290062,-0.10487138957818165,0.009938441807290062,-0.03759214448179802,8.705249849660989,39.28145205114777,143.3929012342063,163.7928575676177,1.2841238975524902
recorded_obs-0629-01,new_latest,0,0.0,0.0,current_image_start_state,18,,0.011915018383329513,-0.10591106491965947,0.011915018383329513,-0.038988069339416585,8.712787934093543,41.395680022635815,143.10496079689486,164.44491767791163,1.281466007232666
recorded_obs-0629-01,new_latest,0,0.0,0.0,current_image_start_state,19,,0.012377269583034521,-0.09928646638936516,0.012377269583034521,-0.03916032802631898,8.643349491646866,39.33133874777101,143.03321788361154,163.09064597312184,1.343341588973999
recorded_obs-0629-01,new_latest,0,0.0,0.0,start_image_start_state,0,,0.009489119619221926,-0.1056853061274412,0.009489119619221926,-0.03895440727169432,8.830402104959797,41.8336775131341,143.46602904729656,164.52704319808439,1.3769086599349976
recorded_obs-0629-01,new_latest,0,0.0,0.0,start_image_start_state,1,,0.010546327824346545,-0.10921566281550392,0.010546327824346545,-0.039857187316914365,8.817991150780543,44.399491439841654,143.31116017608198,165.64414733010634,1.4317240715026855
recorded_obs-0629-01,new_latest,0,0.0,0.0,start_image_start_state,2,,0.010116197677508779,-0.09569230272787393,0.010116197677508779,-0.033622822144611736,8.617153674414048,39.44943648984323,143.3616666589989,162.65797864371336,1.2650172710418701
recorded_obs-0629-01,new_latest,0,0.0,0.0,start_image_start_state,3,,0.008993735835141799,-0.11643902542752144,0.008993735835141799,-0.04412858646583145,8.653029129122359,42.27180066332082,143.52737936319963,165.99857720146824,1.3779957294464111
recorded_obs-0629-01,new_latest,0,0.0,0.0,start_image_start_state,4,,0.0098867385316906,-0.10832601748033174,0.0098867385316906,-0.03978391291460033,8.816992459111713,41.1409918801349,143.40726420150673,164.6877670599111,1.3492422103881836
recorded_obs-0629-01,new_latest,0,0.0,0.0,start_image_start_state,5,,0.008631474697856285,-0.09212233957830789,0.008631474697856285,-0.03209050449995331,8.630920437448971,40.81196015636449,143.57879328610326,162.5353595034284,1.3032740354537964
recorded_obs-0629-01,new_latest,0,0.0,0.0,start_image_start_state,6,,0.009884152943537441,-0.11514272997441584,0.009884152943537441,-0.0427804985817067,8.634580387109079,40.68148606765662,143.39654156204023,165.4370501625658,1.3978278636932373
recorded_obs-0629-01,new_latest,0,0.0,0.0,start_image_start_state,7,,0.008546127870240349,-0.11032669155952958,0.008546127870240349,-0.04477578976060317,8.820192628062921,40.638718437764474,143.60271791641514,164.81692204997793,1.3467316627502441
recorded_obs-0629-01,new_latest,0,0.0,0.0,start_image_start_state,8,,0.00957168784609101,-0.10961812623120847,0.00957168784609101,-0.0409622803788935,8.844800080492384,41.46596518358062,143.45488638865464,164.9330740165009,1.3594926595687866
recorded_obs-0629-01,new_latest,0,0.0,0.0,start_image_start_state,9,,0.007916985035943066,-0.11345648988709445,0.008807054839146915,-0.03872657800258071,8.612959323464038,43.76781508012869,143.6816882394037,166.01074373230205,1.335360050201416
recorded_obs-0629-01,new_latest,0,0.0,0.0,start_image_start_state,10,,0.011505096335603735,-0.10753443072785056,0.011505096335603735,-0.03928137693646118,8.510573571764528,41.87405475366077,143.1526552794666,164.77204147639216,1.3157572746276855
recorded_obs-0629-01,new_latest,0,0.0,0.0,start_image_start_state,11,,0.012254820736818299,-0.11432679650080214,0.012254820736818299,-0.04372326198387145,8.321785929496398,42.13009131814067,143.03204082575195,165.69632128001322,1.3552924394607544
recorded_obs-0629-01,new_latest,0,0.0,0.0,start_image_start_state,12,,0.009885989943097147,-0.10429099628827139,0.009885989943097147,-0.037163181006915895,8.645419997407807,40.10217903910482,143.39692691776258,163.91763374901467,1.3452028036117554
recorded_obs-0629-01,new_latest,0,0.0,0.0,start_image_start_state,13,,0.009424424308861678,-0.1032316269731181,0.009424424308861678,-0.03532520615602018,8.62702919005916,36.69771387324476,143.46308075700256,162.98234238092206,1.2839142084121704
recorded_obs-0629-01,new_latest,0,0.0,0.0,start_image_start_state,14,,0.00977485581500545,-0.10889354338199017,0.00977485581500545,-0.0403945499573283,8.67207668041336,41.57230555634666,143.41473406966475,164.86800760838,1.331040382385254
recorded_obs-0629-01,new_latest,0,0.0,0.0,start_image_start_state,15,,0.012292871363851772,-0.10914768878301162,0.012292871363851772,-0.042004909554964276,8.618191497577268,39.94373944303484,143.04403237950086,164.49720225129803,1.3475266695022583
recorded_obs-0629-01,new_latest,0,0.0,0.0,start_image_start_state,16,,0.0091254852615433,-0.1070201822451205,0.009764356319621048,-0.03993642300587197,8.72067493206665,41.455741573927384,143.51228673727803,164.60094436639238,1.3178516626358032
recorded_obs-0629-01,new_latest,0,0.0,0.0,start_image_start_state,17,,0.009938441807290062,-0.10487138957818165,0.009938441807290062,-0.03759214448179802,8.705249849660989,39.28145205114777,143.3929012342063,163.7928575676177,1.2841238975524902
recorded_obs-0629-01,new_latest,0,0.0,0.0,start_image_start_state,18,,0.011915018383329513,-0.10591106491965947,0.011915018383329513,-0.038988069339416585,8.712787934093543,41.395680022635815,143.10496079689486,164.44491767791163,1.281466007232666
recorded_obs-0629-01,new_latest,0,0.0,0.0,start_image_start_state,19,,0.012377269583034521,-0.09928646638936516,0.012377269583034521,-0.03916032802631898,8.643349491646866,39.33133874777101,143.03321788361154,163.09064597312184,1.343341588973999
recorded_obs-0629-01,new_latest,49,4.079432,0.09560780949049413,current_image_current_state,0,,0.07238359859718306,-0.07585765794854389,0.07259400394856307,0.0009410603957378175,6.424905527640399,37.030466905820866,136.17051175509732,161.93139068760848,1.304235816001892
recorded_obs-0629-01,new_latest,49,4.079432,0.09560780949049413,current_image_current_state,1,,0.07208326592955187,-0.07837640641807661,0.07208326592955187,-0.0006015270115857892,6.573879141289864,38.656109115500854,136.19666372025992,162.84348227525498,1.3280657529830933
recorded_obs-0629-01,new_latest,49,4.079432,0.09560780949049413,current_image_current_state,2,,0.07364920579814796,-0.06473359466891762,0.07364920579814796,0.00764607311154191,6.289809429788072,34.53991202973215,135.96065256035038,159.8628669497827,1.1827263832092285
recorded_obs-0629-01,new_latest,49,4.079432,0.09560780949049413,current_image_current_state,3,,0.0725958926606605,-0.08735224727449184,0.0725958926606605,-0.004906459395749176,6.361992993186466,38.05992585627608,136.1214242104599,163.47976456362622,1.2882435321807861
recorded_obs-0629-01,new_latest,49,4.079432,0.09560780949049413,current_image_current_state,4,,0.07299216653981037,-0.0782898914215193,0.07299216653981037,-0.0004009063817888851,6.505231677520377,36.89967930454259,136.08479540405045,162.10385815248932,1.2801117897033691
recorded_obs-0629-01,new_latest,49,4.079432,0.09560780949049413,current_image_current_state,5,,0.07208852320850193,-0.06379003386156032,0.07208852320850193,0.007356219567580606,6.528790850056813,35.30127753319293,136.17378161970484,160.0833351840542,1.2150441408157349
recorded_obs-0629-01,new_latest,49,4.079432,0.09560780949049413,current_image_current_state,6,,0.07324877795962709,-0.0854804544391291,0.07324877795962709,-0.003022304206251148,6.313937354318132,36.98731197296675,136.01897482950088,162.82652852979555,1.33180570602417
recorded_obs-0629-01,new_latest,49,4.079432,0.09560780949049413,current_image_current_state,7,,0.07219989404589945,-0.08169910987337185,0.07219989404589945,-0.005201681941325973,6.689563834733532,36.99305371357056,136.2313301449088,162.47690822186195,1.2977815866470337
recorded_obs-0629-01,new_latest,49,4.079432,0.09560780949049413,current_image_current_state,8,,0.07204385261480165,-0.08068225772957442,0.07204385261480165,-0.002168392887235413,6.571345696277539,37.208012709468825,136.22332120851962,162.44627993058282,1.2703883647918701
recorded_obs-0629-01,new_latest,49,4.079432,0.09560780949049413,current_image_current_state,9,,0.07262376028578948,-0.08323511213964954,0.07262376028578948,0.000801299116997546,6.411896271554022,38.688073931608876,136.11089531434075,163.30808093139822,1.2386908531188965
recorded_obs-0629-01,new_latest,49,4.079432,0.09560780949049413,current_image_current_state,10,,0.07419840163482376,-0.07798807006513656,0.07419840163482376,0.0003621024774212679,6.280967407924731,37.323701830555386,135.86523581541272,162.2444319529244,1.2262381315231323
recorded_obs-0629-01,new_latest,49,4.079432,0.09560780949049413,current_image_current_state,11,,0.07666675776882166,-0.08639888880115232,0.07666675776882166,-0.00460170746205635,5.968279486959739,38.41338917157991,135.48291571973883,163.49243425580997,1.286109209060669
recorded_obs-0629-01,new_latest,49,4.079432,0.09560780949049413,current_image_current_state,12,,0.07375272201101828,-0.07486124140794928,0.07375272201101828,0.0030800090864734502,6.214744536222293,35.75120227073786,135.9396687476477,161.38252994555143,1.2882930040359497
recorded_obs-0629-01,new_latest,49,4.079432,0.09560780949049413,current_image_current_state,13,,0.07216871163535478,-0.07277740717229235,0.07216871163535478,0.005308146855939959,6.417955105106869,33.53108882923315,136.17030089875416,160.29038283530173,1.2459633350372314
recorded_obs-0629-01,new_latest,49,4.079432,0.09560780949049413,current_image_current_state,14,,0.07341833375931324,-0.07857739552935024,0.07341833375931324,-0.0009856333467514538,6.4719121267192365,36.99889812337946,136.01999955742403,162.18784984987715,1.2421084642410278
recorded_obs-0629-01,new_latest,49,4.079432,0.09560780949049413,current_image_current_state,15,,0.07489463204711548,-0.07961198474028303,0.07489463204711548,-0.002037625843087454,6.264784034821071,36.314714802226476,135.76870217054883,162.01683840986533,1.277623176574707
recorded_obs-0629-01,new_latest,49,4.079432,0.09560780949049413,current_image_current_state,16,,0.07189458507405921,-0.07809693066375598,0.07315462397479451,-0.0012163885355092278,6.5430253910075935,36.55141731544942,136.24025073038646,161.99310194040083,1.237139344215393
recorded_obs-0629-01,new_latest,49,4.079432,0.09560780949049413,current_image_current_state,17,,0.07196719180172881,-0.07492527515740018,0.07196719180172881,0.002296265313752096,6.499445442665289,35.26178286920397,136.21051503343736,161.12907531620556,1.2239388227462769
recorded_obs-0629-01,new_latest,49,4.079432,0.09560780949049413,current_image_current_state,18,,0.07449875539839537,-0.07762981436220626,0.07449875539839537,0.0004901483052364791,6.183364017085958,36.90290027505142,135.8531774714098,162.0730317331934,1.2391499280929565
recorded_obs-0629-01,new_latest,49,4.079432,0.09560780949049413,current_image_current_state,19,,0.07383202480370063,-0.07013283966191589,0.07383202480370063,0.00025574321207510423,6.42985993126873,35.06813482793359,135.94400188301998,160.5862172869691,1.2682008743286133
recorded_obs-0629-01,new_latest,49,4.079432,0.09560780949049413,start_image_current_state,0,,0.08072853308274594,-0.061107269625712564,0.08091882801855363,0.013695719348894311,6.657274469580334,34.3810227956246,135.14524967666182,159.41937731291736,1.2525867223739624
recorded_obs-0629-01,new_latest,49,4.079432,0.09560780949049413,start_image_current_state,1,,0.0794650561299804,-0.0633088652247438,0.0794650561299804,0.012700311885010468,6.813657330995941,35.9159744961711,135.29952178714356,160.26215761442103,1.2839763164520264
recorded_obs-0629-01,new_latest,49,4.079432,0.09560780949049413,start_image_current_state,2,,0.08316553115821018,-0.05079591352382895,0.08316553115821018,0.02014219315748685,6.53843372476814,32.054249855019535,134.77725124497158,157.50689772641755,1.1516070365905762
recorded_obs-0629-01,new_latest,49,4.079432,0.09560780949049413,start_image_current_state,3,,0.08118498972739037,-0.07304839386072921,0.08118498972739037,0.007336903498945935,6.646281710457429,35.39290258695052,135.06709278262792,161.02179732095289,1.2361263036727905
recorded_obs-0629-01,new_latest,49,4.079432,0.09560780949049413,start_image_current_state,4,,0.08147220446989609,-0.064475190805645,0.08183238746957223,0.012101129549414037,6.771523787264269,34.41638704923124,135.04394336860926,159.75678994163707,1.2460931539535522
recorded_obs-0629-01,new_latest,49,4.079432,0.09560780949049413,start_image_current_state,5,,0.0808122896554274,-0.047517060576148,0.0808122896554274,0.021458046056335334,6.7378647391613145,32.50966731612397,135.09391596082037,157.35944715893373,1.1706923246383667
recorded_obs-0629-01,new_latest,49,4.079432,0.09560780949049413,start_image_current_state,6,,0.08189957805051593,-0.07274197440110666,0.08189957805051593,0.008334492222515153,6.565955071760695,34.579764085161976,134.9512326431964,160.62419199945427,1.3191149234771729
recorded_obs-0629-01,new_latest,49,4.079432,0.09560780949049413,start_image_current_state,7,,0.08078728461193141,-0.06817991587335331,0.08078728461193141,0.006366245979732454,6.986016664294603,34.42629637431363,135.18766504025112,160.13580217871214,1.2723311185836792
recorded_obs-0629-01,new_latest,49,4.079432,0.09560780949049413,start_image_current_state,8,,0.08100669574027172,-0.06631256059240448,0.08100669574027172,0.010313536675933769,6.852335490122308,34.696238923232514,135.1238101677884,160.03415320607888,1.245142936706543
recorded_obs-0629-01,new_latest,49,4.079432,0.09560780949049413,start_image_current_state,9,,0.08101411715589771,-0.06957360652727246,0.08101411715589771,0.013425685367677924,6.680995780785793,36.07801915067443,135.08471654590653,160.9184716457771,1.1869035959243774
recorded_obs-0629-01,new_latest,49,4.079432,0.09560780949049413,start_image_current_state,10,,0.08203189078522258,-0.0638530485466296,0.08203189078522258,0.01306227047322355,6.58014925933226,34.82763378807626,134.91730405903365,159.85932324932858,1.1811965703964233
recorded_obs-0629-01,new_latest,49,4.079432,0.09560780949049413,start_image_current_state,11,,0.08524000027665891,-0.07306942669046265,0.08524000027665891,0.007102291040976915,6.282159159439922,35.964028810613115,134.42757734387806,161.19921964069135,1.233839988708496
recorded_obs-0629-01,new_latest,49,4.079432,0.09560780949049413,start_image_current_state,12,,0.0829161899055561,-0.061027800826948794,0.0829161899055561,0.015522551977504694,6.531359484938077,33.13698911758141,134.81964309228536,158.9989917599657,1.2464042901992798
recorded_obs-0629-01,new_latest,49,4.079432,0.09560780949049413,start_image_current_state,13,,0.08080784803227518,-0.05968400255334835,0.08080784803227518,0.01772898465735427,6.664432704686723,31.067932772915597,135.11321145616847,158.0531205934237,1.2150170803070068
recorded_obs-0629-01,new_latest,49,4.079432,0.09560780949049413,start_image_current_state,14,,0.08178042324411819,-0.06341979516561892,0.08178042324411819,0.01146268490596006,6.772683622800407,34.27589498576457,135.00136358239584,159.61599643737296,1.1958743333816528
recorded_obs-0629-01,new_latest,49,4.079432,0.09560780949049413,start_image_current_state,15,,0.08308657696133712,-0.06691194409917814,0.08308657696133712,0.00934246339951588,6.583839828077711,33.89061493491564,134.76540201954572,159.8153454615837,1.2504985332489014
recorded_obs-0629-01,new_latest,49,4.079432,0.09560780949049413,start_image_current_state,16,,0.08043397119204555,-0.06373163154302502,0.0818799903243151,0.011176357566432555,6.8147193785633124,33.97516037295062,135.190525746139,159.56270224301895,1.2134368419647217
recorded_obs-0629-01,new_latest,49,4.079432,0.09560780949049413,start_image_current_state,17,,0.08077422044537286,-0.06183470231667858,0.08077422044537286,0.014532655106817472,6.78177702083398,32.7552842279075,135.1303653771243,158.85190775288115,1.174621343612671
recorded_obs-0629-01,new_latest,49,4.079432,0.09560780949049413,start_image_current_state,18,,0.0829666568347741,-0.0631563873322701,0.0829666568347741,0.013135082852615885,6.589474108401865,34.28575851088283,134.8293075133191,159.61151256124785,1.1926071643829346
recorded_obs-0629-01,new_latest,49,4.079432,0.09560780949049413,start_image_current_state,19,,0.08249852722468631,-0.056020961157406096,0.08249852722468631,0.012510759347585453,6.764411003151662,32.508688275033535,134.89890584685634,158.18859783641344,1.2756026983261108
recorded_obs-0629-01,new_latest,49,4.079432,0.09560780949049413,current_image_start_state,0,,-0.0007029068377431488,-0.11961726272096859,-0.0007029068377431488,-0.05239497232621875,18.82574962178029,38.324608311565704,144.88495745134247,166.37041421231888,1.3861173391342163
recorded_obs-0629-01,new_latest,49,4.079432,0.09560780949049413,current_image_start_state,1,,0.0007421291137142366,-0.12327569060281428,0.0007421291137142366,-0.05370307057092741,18.98886298488649,40.061448695430165,144.67221022540272,167.50321804727477,1.4341931343078613
recorded_obs-0629-01,new_latest,49,4.079432,0.09560780949049413,current_image_start_state,2,,-0.0005407649442649545,-0.10874202090585929,-0.0005407649442649545,-0.04698045807456084,19.108654435513166,35.963039101842,144.84724442054727,164.4023668372541,1.269153356552124
recorded_obs-0629-01,new_latest,49,4.079432,0.09560780949049413,current_image_start_state,3,,-0.0012390895340369534,-0.12962647942004749,-0.0012390895340369534,-0.05729132515376312,19.07357480366359,39.468403204048165,144.95313370194157,167.76807258048055,1.4037599563598633
recorded_obs-0629-01,new_latest,49,4.079432,0.09560780949049413,current_image_start_state,4,,-6.699549186471605e-05,-0.12108066734318243,-6.699549186471605e-05,-0.05290949386632747,18.910683399086516,38.13665432586254,144.79528509578947,166.3908894492424,1.3723578453063965
recorded_obs-0629-01,new_latest,49,4.079432,0.09560780949049413,current_image_start_state,5,,-0.0019138613370795732,-0.10703865004320266,-0.0019138613370795732,-0.04667108994725934,19.425462621251626,36.57005162611994,145.0498189906409,164.57278156176656,1.3148025274276733
recorded_obs-0629-01,new_latest,49,4.079432,0.09560780949049413,current_image_start_state,6,,-0.001226929193375644,-0.12843292913650248,-0.001226929193375644,-0.0552291176477649,19.18198691671059,38.71140605548124,144.94971675932408,167.2267341901228,1.3951350450515747
recorded_obs-0629-01,new_latest,49,4.079432,0.09560780949049413,current_image_start_state,7,,-0.002199334541936528,-0.12354142325116338,-0.002199334541936528,-0.057277586485720317,19.07180838872443,38.14085400736304,145.10331203693715,166.5843330693259,1.348239541053772
recorded_obs-0629-01,new_latest,49,4.079432,0.09560780949049413,current_image_start_state,8,,-0.0007789940472433603,-0.12301173067425368,-0.0007789940472433603,-0.05414862825001198,18.902239056581262,38.51670140860313,144.89506183683113,166.70465759441555,1.3747022151947021
recorded_obs-0629-01,new_latest,49,4.079432,0.09560780949049413,current_image_start_state,9,,-0.0028289512121284694,-0.12662806971200138,-0.0024918210556016725,-0.05221855533603805,19.357619444155933,40.10552479798013,145.18320954144642,167.773302350205,1.339318037033081
recorded_obs-0629-01,new_latest,49,4.079432,0.09560780949049413,current_image_start_state,10,,0.0007317017107358952,-0.12143156175540801,0.0007317017107358952,-0.05266831541270788,19.144145661011265,38.60217759757722,144.65744874451977,166.63094621129025,1.328635811805725
recorded_obs-0629-01,new_latest,49,4.079432,0.09560780949049413,current_image_start_state,11,,0.0013234765079990685,-0.12704818339304852,0.0013234765079990685,-0.05643321883420252,19.277847282873847,39.23474416260494,144.55855931556763,167.3774816500223,1.3763208389282227
recorded_obs-0629-01,new_latest,49,4.079432,0.09560780949049413,current_image_start_state,12,,-0.0014384505097849215,-0.11782556067760687,-0.0014384505097849215,-0.050515064993395496,19.27569396501231,37.19432066083073,144.97455447232338,165.78020691437428,1.3360639810562134
recorded_obs-0629-01,new_latest,49,4.079432,0.09560780949049413,current_image_start_state,13,,-0.0008637901627554284,-0.11515586838215564,-0.0008637901627554284,-0.04843673418210189,19.239004672801677,35.3130598863515,144.89748274983202,164.6430261531082,1.2997034788131714
recorded_obs-0629-01,new_latest,49,4.079432,0.09560780949049413,current_image_start_state,14,,-0.00016936891905743298,-0.12342410591577266,-0.00016936891905743298,-0.05368465705364931,19.040853147196007,38.652872093787614,144.8002650470582,166.84077309875815,1.3515430688858032
recorded_obs-0629-01,new_latest,49,4.079432,0.09560780949049413,current_image_start_state,15,,0.0021097019498407675,-0.1214095349591518,0.0021097019498407675,-0.054408765872202926,19.053913676146422,37.53144868570104,144.46337134713977,166.15504723154274,1.3402831554412842
recorded_obs-0629-01,new_latest,49,4.079432,0.09560780949049413,current_image_start_state,16,,-0.0009797843006291566,-0.1212640522401366,-0.0009797843006291566,-0.05328331040879245,19.04382837514987,38.172598359800155,144.91827248517882,166.5049856572433,1.3161098957061768
recorded_obs-0629-01,new_latest,49,4.079432,0.09560780949049413,current_image_start_state,17,,-0.00034994184737719585,-0.11833549010847445,-0.00034994184737719585,-0.05066640960406655,19.103788652989408,37.03525900012251,144.8251753544681,165.64953003443068,1.3085929155349731
recorded_obs-0629-01,new_latest,49,4.079432,0.09560780949049413,current_image_start_state,18,,0.0008646627945959548,-0.1199062303192786,0.0008646627945959548,-0.05247032864999091,18.936412540909515,38.093489225466875,144.64272625274026,166.33441504726568,1.298822283744812
recorded_obs-0629-01,new_latest,49,4.079432,0.09560780949049413,current_image_start_state,19,,0.0011404971506345314,-0.11297221283914835,0.0011404971506345314,-0.052402257917992856,18.9746144804505,36.4461494062178,144.5990990893775,164.9500542195498,1.3233243227005005
recorded_obs-0629-01,new_latest,49,4.079432,0.09560780949049413,start_image_start_state,0,,0.009489119619221926,-0.1056853061274412,0.009489119619221926,-0.03895440727169432,17.22831397208491,36.87263213650903,143.46602904729656,164.52704319808439,1.3769086599349976
recorded_obs-0629-01,new_latest,49,4.079432,0.09560780949049413,start_image_start_state,1,,0.010546327824346545,-0.10921566281550392,0.010546327824346545,-0.039857187316914365,17.39592754739617,38.61890940104998,143.31116017608198,165.64414733010634,1.4317240715026855
recorded_obs-0629-01,new_latest,49,4.079432,0.09560780949049413,start_image_start_state,2,,0.010116197677508779,-0.09569230272787393,0.010116197677508779,-0.033622822144611736,17.365387688068193,34.55699545393077,143.3616666589989,162.65797864371336,1.2650172710418701
recorded_obs-0629-01,new_latest,49,4.079432,0.09560780949049413,start_image_start_state,3,,0.008993735835141799,-0.11643902542752144,0.008993735835141799,-0.04412858646583145,17.434990923426046,38.02171720335335,143.52737936319963,165.99857720146824,1.3779957294464111
recorded_obs-0629-01,new_latest,49,4.079432,0.09560780949049413,start_image_start_state,4,,0.0098867385316906,-0.10832601748033174,0.0098867385316906,-0.03978391291460033,17.396051697239706,36.745772694673796,143.40726420150673,164.6877670599111,1.3492422103881836
recorded_obs-0629-01,new_latest,49,4.079432,0.09560780949049413,start_image_start_state,5,,0.008631474697856285,-0.09212233957830789,0.008631474697856285,-0.03209050449995331,17.795671955271224,34.90804639833187,143.57879328610326,162.5353595034284,1.3032740354537964
recorded_obs-0629-01,new_latest,49,4.079432,0.09560780949049413,start_image_start_state,6,,0.009884152943537441,-0.11514272997441584,0.009884152943537441,-0.0427804985817067,17.469048975188397,37.19582898996746,143.39654156204023,165.4370501625658,1.3978278636932373
recorded_obs-0629-01,new_latest,49,4.079432,0.09560780949049413,start_image_start_state,7,,0.008546127870240349,-0.11032669155952958,0.008546127870240349,-0.04477578976060317,17.410721766916595,36.65157757249413,143.60271791641514,164.81692204997793,1.3467316627502441
recorded_obs-0629-01,new_latest,49,4.079432,0.09560780949049413,start_image_start_state,8,,0.00957168784609101,-0.10961812623120847,0.00957168784609101,-0.0409622803788935,17.30645493378643,37.089896989984126,143.45488638865464,164.9330740165009,1.3594926595687866
recorded_obs-0629-01,new_latest,49,4.079432,0.09560780949049413,start_image_start_state,9,,0.007916985035943066,-0.11345648988709445,0.008807054839146915,-0.03872657800258071,17.685162253201586,38.69587762867508,143.6816882394037,166.01074373230205,1.335360050201416
recorded_obs-0629-01,new_latest,49,4.079432,0.09560780949049413,start_image_start_state,10,,0.011505096335603735,-0.10753443072785056,0.011505096335603735,-0.03928137693646118,17.479658360178156,37.0761873016961,143.1526552794666,164.77204147639216,1.3157572746276855
recorded_obs-0629-01,new_latest,49,4.079432,0.09560780949049413,start_image_start_state,11,,0.012254820736818299,-0.11432679650080214,0.012254820736818299,-0.04372326198387145,17.528093798892513,37.8913154363463,143.03204082575195,165.69632128001322,1.3552924394607544
recorded_obs-0629-01,new_latest,49,4.079432,0.09560780949049413,start_image_start_state,12,,0.009885989943097147,-0.10429099628827139,0.009885989943097147,-0.037163181006915895,17.43124180283336,35.58300534690557,143.39692691776258,163.91763374901467,1.3452028036117554
recorded_obs-0629-01,new_latest,49,4.079432,0.09560780949049413,start_image_start_state,13,,0.009424424308861678,-0.1032316269731181,0.009424424308861678,-0.03532520615602018,17.589168285140477,33.78745248193328,143.46308075700256,162.98234238092206,1.2839142084121704
recorded_obs-0629-01,new_latest,49,4.079432,0.09560780949049413,start_image_start_state,14,,0.00977485581500545,-0.10889354338199017,0.00977485581500545,-0.0403945499573283,17.47126243342927,36.99953529025728,143.41473406966475,164.86800760838,1.331040382385254
recorded_obs-0629-01,new_latest,49,4.079432,0.09560780949049413,start_image_start_state,15,,0.012292871363851772,-0.10914768878301162,0.012292871363851772,-0.042004909554964276,17.39666224646734,36.12513754361205,143.04403237950086,164.49720225129803,1.3475266695022583
recorded_obs-0629-01,new_latest,49,4.079432,0.09560780949049413,start_image_start_state,16,,0.0091254852615433,-0.1070201822451205,0.009764356319621048,-0.03993642300587197,17.43373963326988,36.63394145413443,143.51228673727803,164.60094436639238,1.3178516626358032
recorded_obs-0629-01,new_latest,49,4.079432,0.09560780949049413,start_image_start_state,17,,0.009938441807290062,-0.10487138957818165,0.009938441807290062,-0.03759214448179802,17.48799984509443,35.422301666507714,143.3929012342063,163.7928575676177,1.2841238975524902
recorded_obs-0629-01,new_latest,49,4.079432,0.09560780949049413,start_image_start_state,18,,0.011915018383329513,-0.10591106491965947,0.011915018383329513,-0.038988069339416585,17.125783195453298,36.549030231973326,143.10496079689486,164.44491767791163,1.281466007232666
recorded_obs-0629-01,new_latest,49,4.079432,0.09560780949049413,start_image_start_state,19,,0.012377269583034521,-0.09928646638936516,0.012377269583034521,-0.03916032802631898,17.18380958395221,34.88494976203071,143.03321788361154,163.09064597312184,1.343341588973999
recorded_obs-0629-01,new_latest,66,5.223427,0.11858095536642346,current_image_current_state,0,,0.09566705651086306,-0.05317332076286433,0.09566705651086306,0.02540666123255838,6.931951719888647,37.4493414699907,132.47734920260797,157.80721616661566,1.2798070907592773
recorded_obs-0629-01,new_latest,66,5.223427,0.11858095536642346,current_image_current_state,1,,0.09432139077728988,-0.054534890995280534,0.09432139077728988,0.02335386058379787,7.011612072635224,38.9179850493787,132.65428253012274,158.5108533844895,1.3096582889556885
recorded_obs-0629-01,new_latest,66,5.223427,0.11858095536642346,current_image_current_state,2,,0.09771898819540294,-0.04179644947490814,0.09771898819540294,0.03178777650549758,6.6487803352000645,35.014570636762045,132.1571913503941,155.75828252146138,1.1705926656723022
recorded_obs-0629-01,new_latest,66,5.223427,0.11858095536642346,current_image_current_state,3,,0.09560996326522947,-0.06480834460878429,0.09560996326522947,0.019340415632402134,6.77172000591188,38.46947017423007,132.45164950963763,159.3774387606949,1.2719638347625732
recorded_obs-0629-01,new_latest,66,5.223427,0.11858095536642346,current_image_current_state,4,,0.09565285045943854,-0.055586538637933336,0.09606248761488083,0.02362489540706632,6.956630948646985,37.266259198416655,132.4755933347791,157.97987905110963,1.2574958801269531
recorded_obs-0629-01,new_latest,66,5.223427,0.11858095536642346,current_image_current_state,5,,0.09503750858315942,-0.04023034402354864,0.09503750858315942,0.03199094135845594,6.894697617749901,35.69019938610274,132.53389574560902,155.85593679567242,1.192725658416748
recorded_obs-0629-01,new_latest,66,5.223427,0.11858095536642346,current_image_current_state,6,,0.09661563212871875,-0.06367162765866528,0.09661563212871875,0.020675241154101517,6.7246767068966715,37.455825735844215,132.31008234316374,158.85800284416425,1.3176885843276978
recorded_obs-0629-01,new_latest,66,5.223427,0.11858095536642346,current_image_current_state,7,,0.09558381922099962,-0.058394244182110595,0.09558381922099962,0.01854389836024283,7.010371505093822,37.21926690002622,132.501160185566,158.24640849176816,1.2885302305221558
recorded_obs-0629-01,new_latest,66,5.223427,0.11858095536642346,current_image_current_state,8,,0.09518568855134472,-0.05841448829942338,0.09518568855134472,0.021900730882648357,7.026849373269954,37.70223099151262,132.55121944564854,158.4103127885721,1.2532354593276978
recorded_obs-0629-01,new_latest,66,5.223427,0.11858095536642346,current_image_current_state,9,,0.0949048166517788,-0.06049951323747442,0.0949048166517788,0.02512754553959444,6.911556790243928,39.09176002173373,132.5631468827422,159.15544920241504,1.2262004613876343
recorded_obs-0629-01,new_latest,66,5.223427,0.11858095536642346,current_image_current_state,10,,0.09652395430216136,-0.05556043119318027,0.09652395430216136,0.024335250910164214,6.631908439882551,37.71832585794948,132.2929940880939,158.13800098516236,1.212591290473938
recorded_obs-0629-01,new_latest,66,5.223427,0.11858095536642346,current_image_current_state,11,,0.09938790681676081,-0.06336156705985767,0.09938790681676081,0.01957530750406707,6.34463386200996,38.6207685349452,131.86769455986186,159.25730597187325,1.2570866346359253
recorded_obs-0629-01,new_latest,66,5.223427,0.11858095536642346,current_image_current_state,12,,0.0971296857848437,-0.05181940521240317,0.0971296857848437,0.02696738062096335,6.63322291546885,36.15869752989068,132.22210216492388,157.24620338863105,1.2494791746139526
recorded_obs-0629-01,new_latest,66,5.223427,0.11858095536642346,current_image_current_state,13,,0.09522247866159246,-0.05113730138044196,0.09522247866159246,0.02927923723147551,6.834727090142187,34.08903708107409,132.51407869963867,156.41155502675394,1.2340723276138306
recorded_obs-0629-01,new_latest,66,5.223427,0.11858095536642346,current_image_current_state,14,,0.09625688570849061,-0.055392635158253246,0.09625688570849061,0.023062412029239976,6.890139521124421,37.29877645071682,132.3822906843079,157.97762794185672,1.2375586032867432
recorded_obs-0629-01,new_latest,66,5.223427,0.11858095536642346,current_image_current_state,15,,0.09769640525583224,-0.056574886965800104,0.09769640525583224,0.021572783077369425,6.6487197950010595,36.70748186088058,132.14038372716914,157.8843575363496,1.2640568017959595
recorded_obs-0629-01,new_latest,66,5.223427,0.11858095536642346,current_image_current_state,16,,0.09486100437882825,-0.055284363238518965,0.09657628603490631,0.023267463629834437,6.9749430962764745,37.06952247996246,132.584587848687,157.9120124425759,1.237109899520874
recorded_obs-0629-01,new_latest,66,5.223427,0.11858095536642346,current_image_current_state,17,,0.09498347784891129,-0.05310634944799448,0.09498347784891129,0.026193060885592586,6.927798999224361,35.781964984445594,132.55325381813407,157.1756741761906,1.206969141960144
recorded_obs-0629-01,new_latest,66,5.223427,0.11858095536642346,current_image_current_state,18,,0.09746321299030293,-0.05470017972090815,0.09746321299030293,0.02464943686489411,6.672397383781766,37.24360855449962,132.19408903587055,157.9073489570463,1.219724178314209
recorded_obs-0629-01,new_latest,66,5.223427,0.11858095536642346,current_image_current_state,19,,0.09709130659392726,-0.04813949144115399,0.09709130659392726,0.02410067309720859,6.817399354237784,35.634714160386245,132.2632103469051,156.62129278331886,1.2666442394256592
recorded_obs-0629-01,new_latest,66,5.223427,0.11858095536642346,start_image_current_state,0,,0.10758010267390955,-0.043512875713795314,0.10807868864324748,0.03863735697909046,7.495174188100737,38.16708697739289,130.98229816441838,157.06129206479818,1.3192778825759888
recorded_obs-0629-01,new_latest,66,5.223427,0.11858095536642346,start_image_current_state,1,,0.10557730162122639,-0.04546461770069649,0.10557730162122639,0.03748343710003761,7.5717904951652235,39.9064739880085,131.25995448751266,157.93089153759578,1.334082841873169
recorded_obs-0629-01,new_latest,66,5.223427,0.11858095536642346,start_image_current_state,2,,0.11093390693881683,-0.0315442348615372,0.11093390693881683,0.04579496595218212,7.3698558963384055,35.648190754929445,130.5042651986844,154.90093013700076,1.216667890548706
recorded_obs-0629-01,new_latest,66,5.223427,0.11858095536642346,start_image_current_state,3,,0.1085396660582861,-0.05594535290555636,0.10957119631133554,0.03193500375728541,7.385993688467691,39.13115792418485,130.8318444832067,158.71751975694875,1.3104000091552734
recorded_obs-0629-01,new_latest,66,5.223427,0.11858095536642346,start_image_current_state,4,,0.10810799907004139,-0.04653638868024042,0.10998144332952267,0.03687372805667544,7.556758618387385,38.04829880637118,130.91754608059128,157.32466490865636,1.2928104400634766
recorded_obs-0629-01,new_latest,66,5.223427,0.11858095536642346,start_image_current_state,5,,0.10812860849665011,-0.02819691477254263,0.10812860849665011,0.047356761600585315,7.4514927252990555,36.226700628606146,130.88764313472888,154.7675259910378,1.2100591659545898
recorded_obs-0629-01,new_latest,66,5.223427,0.11858095536642346,start_image_current_state,6,,0.11021166056351166,-0.05535942722831737,0.11021166056351166,0.032850236281542204,7.361607224113916,38.079174633622465,130.59738024063117,158.24183208858935,1.3632160425186157
recorded_obs-0629-01,new_latest,66,5.223427,0.11858095536642346,start_image_current_state,7,,0.10838521768216666,-0.051138869547484304,0.10838521768216666,0.030497734375156023,7.661780878148459,38.07848420110674,130.9022534485886,157.81700186906784,1.328586220741272
recorded_obs-0629-01,new_latest,66,5.223427,0.11858095536642346,start_image_current_state,8,,0.10857109211765072,-0.04844963291298885,0.10857109211765072,0.035213447311529526,7.638657953903388,38.30420426196244,130.87030830435566,157.60845293955038,1.2970918416976929
recorded_obs-0629-01,new_latest,66,5.223427,0.11858095536642346,start_image_current_state,9,,0.10927747712296952,-0.051809629616750605,0.10927747712296952,0.038120196512614245,7.459028005615996,39.90258249592744,130.73705658407255,158.55770648448768,1.2545193433761597
recorded_obs-0629-01,new_latest,66,5.223427,0.11858095536642346,start_image_current_state,10,,0.10880956174997014,-0.04613158328365287,0.10880956174997014,0.03789601147380253,7.283511626248157,38.48588724372115,130.76779025704178,157.44811870528176,1.2410387992858887
recorded_obs-0629-01,new_latest,66,5.223427,0.11858095536642346,start_image_current_state,11,,0.1129691417448193,-0.056193617177303555,0.1129691417448193,0.03155693320674655,7.033966352109316,39.70922956734773,130.1475615940898,158.9264483951716,1.292711853981018
recorded_obs-0629-01,new_latest,66,5.223427,0.11858095536642346,start_image_current_state,12,,0.11071149989182398,-0.043265352136552304,0.11071149989182398,0.04051887254415879,7.3586837026172685,36.76805205761117,130.52372191292682,156.58147391509942,1.3035635948181152
recorded_obs-0629-01,new_latest,66,5.223427,0.11858095536642346,start_image_current_state,13,,0.1076575311963638,-0.0413262806257882,0.1087415849500385,0.04314970070837807,7.402436539308207,34.32318254689957,130.95921699877462,155.49091418646432,1.2569618225097656
recorded_obs-0629-01,new_latest,66,5.223427,0.11858095536642346,start_image_current_state,14,,0.10837567611982106,-0.04565392667396887,0.10837567611982106,0.03627000465102171,7.549689342042192,37.975677730786906,130.8789400771856,157.22017614022815,1.2511637210845947
recorded_obs-0629-01,new_latest,66,5.223427,0.11858095536642346,start_image_current_state,15,,0.10942907917499672,-0.04925897270042076,0.10942907917499672,0.03356837621489649,7.372338301483658,37.43197334006195,130.69589616229473,157.40223417846659,1.3085154294967651
recorded_obs-0629-01,new_latest,66,5.223427,0.11858095536642346,start_image_current_state,16,,0.10762081853218917,-0.0452419629095306,0.10933407802903627,0.03602431526755645,7.5331586257926215,37.57373164445118,130.98147589604392,157.0540074903849,1.2563940286636353
recorded_obs-0629-01,new_latest,66,5.223427,0.11858095536642346,start_image_current_state,17,,0.10726217741200918,-0.04345377697384598,0.10826268284486013,0.039621155166625656,7.52705123803712,36.202734125427774,131.02465688206738,156.3327045118657,1.2472091913223267
recorded_obs-0629-01,new_latest,66,5.223427,0.11858095536642346,start_image_current_state,18,,0.11045289340805278,-0.045076558308465256,0.11045289340805278,0.03791997107262854,7.486206855852991,37.892483134382616,130.59037058602576,157.14560451951553,1.2507306337356567
recorded_obs-0629-01,new_latest,66,5.223427,0.11858095536642346,start_image_current_state,19,,0.10907501110879828,-0.037243745613272636,0.11011576129803594,0.037610577495228156,7.686558913239468,35.95955859134041,130.81175774689396,155.59849902894246,1.3058362007141113
recorded_obs-0629-01,new_latest,66,5.223427,0.11858095536642346,current_image_start_state,0,,-0.0013749462900960732,-0.1149469498604552,-0.0013749462900960732,-0.050937411410743094,19.697672710073956,40.98551005956376,144.96476607731796,165.00547637489234,1.3064736127853394
recorded_obs-0629-01,new_latest,66,5.223427,0.11858095536642346,current_image_start_state,1,,-0.0004944592280737898,-0.1175599961743168,-0.0004944592280737898,-0.05248050116686945,19.74677043632416,42.4776623773141,144.8355955298245,165.89940441507278,1.3562183380126953
recorded_obs-0629-01,new_latest,66,5.223427,0.11858095536642346,current_image_start_state,2,,-0.0014342522067289699,-0.10437765894067873,-0.0014342522067289699,-0.04603314921027259,19.850432891428184,38.68241946337872,144.95900019701327,163.11292103024266,1.1913472414016724
recorded_obs-0629-01,new_latest,66,5.223427,0.11858095536642346,current_image_start_state,3,,-0.0026725075640802267,-0.1237161575343842,-0.0026725075640802267,-0.05541459337768747,19.993794653649932,41.984997506102204,145.13994978836635,166.2211941565679,1.3239918947219849
recorded_obs-0629-01,new_latest,66,5.223427,0.11858095536642346,current_image_start_state,4,,-0.0010477269057785593,-0.11620957760217883,-0.0010477269057785593,-0.05161010593516559,19.72926908097083,40.78756034988651,144.9176538920178,165.012243523917,1.3040821552276611
recorded_obs-0629-01,new_latest,66,5.223427,0.11858095536642346,current_image_start_state,5,,-0.002377879278184941,-0.10272565291552564,-0.002377879278184941,-0.045582113275814434,20.097108529908674,39.28550973941594,145.10120430795695,163.2461942740117,1.240527868270874
recorded_obs-0629-01,new_latest,66,5.223427,0.11858095536642346,current_image_start_state,6,,-0.002154289284688841,-0.12334561760273154,-0.002154289284688841,-0.05380432977716164,19.99858111528236,41.4036605252202,145.06700129892863,165.87875556104208,1.323124885559082
recorded_obs-0629-01,new_latest,66,5.223427,0.11858095536642346,current_image_start_state,7,,-0.003023478423341479,-0.11738630434800018,-0.003023478423341479,-0.055531812691074316,19.94842789079016,40.63349254790507,145.20138857833174,165.04421840920674,1.27739679813385
recorded_obs-0629-01,new_latest,66,5.223427,0.11858095536642346,current_image_start_state,8,,-0.0019527542461823682,-0.11873640002027748,-0.0019527542461823682,-0.05280939675615675,19.805240262791138,41.25890624531565,145.04707679973856,165.42314737707247,1.2881815433502197
recorded_obs-0629-01,new_latest,66,5.223427,0.11858095536642346,current_image_start_state,9,,-0.003997498864130741,-0.12093203341501751,-0.003231940799575061,-0.05045335476799912,20.216044687476696,42.56708108156482,145.33628836034273,166.204588246994,1.2709267139434814
recorded_obs-0629-01,new_latest,66,5.223427,0.11858095536642346,current_image_start_state,10,,-0.00013164519775738903,-0.11630869857850781,-0.00013164519775738903,-0.05142934355615877,19.834189143965183,41.11565028132049,144.7654195780332,165.16471659371143,1.240916132926941
recorded_obs-0629-01,new_latest,66,5.223427,0.11858095536642346,current_image_start_state,11,,0.0005340651793232562,-0.12126673418730795,0.0005340651793232562,-0.05458187689193606,19.8153161931185,41.67779525243207,144.6602093682387,165.82266354696463,1.2872936725616455
recorded_obs-0629-01,new_latest,66,5.223427,0.11858095536642346,current_image_start_state,12,,-0.002192509605690943,-0.11278649165137082,-0.002192509605690943,-0.04944595118581233,20.06545482219293,39.85296399074577,145.0653790669891,164.39224705729637,1.2566871643066406
recorded_obs-0629-01,new_latest,66,5.223427,0.11858095536642346,current_image_start_state,13,,-0.00249593472853131,-0.11167607085913575,-0.00249593472853131,-0.04762790848980558,20.079570617688663,38.2727093020219,145.11786610294348,163.58325866357814,1.2345287799835205
recorded_obs-0629-01,new_latest,66,5.223427,0.11858095536642346,current_image_start_state,14,,-0.0013864569762279573,-0.11839815510686237,-0.0013864569762279573,-0.052337397459022356,19.848524885376996,41.23198466951028,144.95950986838668,165.40891157710763,1.280822515487671
recorded_obs-0629-01,new_latest,66,5.223427,0.11858095536642346,current_image_start_state,15,,0.0013129305089670685,-0.1164106161749954,0.0013129305089670685,-0.05296566209319269,19.63593634868487,40.226229683447016,144.56343166802452,164.80356031135727,1.2743949890136719
recorded_obs-0629-01,new_latest,66,5.223427,0.11858095536642346,current_image_start_state,16,,-0.002529036992678846,-0.11561789410109541,-0.0023056267494047525,-0.051497484068591136,19.94267475462525,40.79120101565475,145.12778951223316,165.03839866030984,1.2379480600357056
recorded_obs-0629-01,new_latest,66,5.223427,0.11858095536642346,current_image_start_state,17,,-0.00138702761543803,-0.1138943323819356,-0.00138702761543803,-0.04949760616160964,19.90678706040005,39.755724197038944,144.9596055636181,164.36816500104283,1.234952449798584
recorded_obs-0629-01,new_latest,66,5.223427,0.11858095536642346,current_image_start_state,18,,-0.00015571298830292248,-0.11456432558161983,-0.00015571298830292248,-0.05094527668882471,19.706650884567598,40.684885771152594,144.77404395751836,164.87376526525594,1.2202695608139038
recorded_obs-0629-01,new_latest,66,5.223427,0.11858095536642346,current_image_start_state,19,,0.0009191620040044559,-0.10883281670330867,0.0009191620040044559,-0.05124486930492986,19.589857841028593,39.30234203287599,144.61364980834813,163.739333677482,1.2553828954696655
recorded_obs-0629-01,new_latest,66,5.223427,0.11858095536642346,start_image_start_state,0,,0.009489119619221926,-0.1056853061274412,0.009489119619221926,-0.03895440727169432,17.706206720367213,41.842978316324626,143.46602904729656,164.52704319808439,1.3769086599349976
recorded_obs-0629-01,new_latest,66,5.223427,0.11858095536642346,start_image_start_state,1,,0.010546327824346545,-0.10921566281550392,0.010546327824346545,-0.039857187316914365,17.71605717881758,43.683759300973286,143.31116017608198,165.64414733010634,1.4317240715026855
recorded_obs-0629-01,new_latest,66,5.223427,0.11858095536642346,start_image_start_state,2,,0.010116197677508779,-0.09569230272787393,0.010116197677508779,-0.033622822144611736,17.725507988023182,39.48791332170091,143.3616666589989,162.65797864371336,1.2650172710418701
recorded_obs-0629-01,new_latest,66,5.223427,0.11858095536642346,start_image_start_state,3,,0.008993735835141799,-0.11643902542752144,0.008993735835141799,-0.04412858646583145,17.861659638240017,42.96663047947552,143.52737936319963,165.99857720146824,1.3779957294464111
recorded_obs-0629-01,new_latest,66,5.223427,0.11858095536642346,start_image_start_state,4,,0.0098867385316906,-0.10832601748033174,0.0098867385316906,-0.03978391291460033,17.769145441495095,41.66763388251152,143.40726420150673,164.6877670599111,1.3492422103881836
recorded_obs-0629-01,new_latest,66,5.223427,0.11858095536642346,start_image_start_state,5,,0.008631474697856285,-0.09212233957830789,0.008631474697856285,-0.03209050449995331,18.093197456597313,39.923493540225685,143.57879328610326,162.5353595034284,1.3032740354537964
recorded_obs-0629-01,new_latest,66,5.223427,0.11858095536642346,start_image_start_state,6,,0.009884152943537441,-0.11514272997441584,0.009884152943537441,-0.0427804985817067,17.833173851043476,42.02240486839721,143.39654156204023,165.4370501625658,1.3978278636932373
recorded_obs-0629-01,new_latest,66,5.223427,0.11858095536642346,start_image_start_state,7,,0.008546127870240349,-0.11032669155952958,0.008546127870240349,-0.04477578976060317,17.858125192596674,41.534318183132264,143.60271791641514,164.81692204997793,1.3467316627502441
recorded_obs-0629-01,new_latest,66,5.223427,0.11858095536642346,start_image_start_state,8,,0.00957168784609101,-0.10961812623120847,0.00957168784609101,-0.0409622803788935,17.731648594462253,42.00316943175196,143.45488638865464,164.9330740165009,1.3594926595687866
recorded_obs-0629-01,new_latest,66,5.223427,0.11858095536642346,start_image_start_state,9,,0.007916985035943066,-0.11345648988709445,0.008807054839146915,-0.03872657800258071,18.089099828055737,43.70643091005401,143.6816882394037,166.01074373230205,1.335360050201416
recorded_obs-0629-01,new_latest,66,5.223427,0.11858095536642346,start_image_start_state,10,,0.011505096335603735,-0.10753443072785056,0.011505096335603735,-0.03928137693646118,17.720887938049472,42.03435092628451,143.1526552794666,164.77204147639216,1.3157572746276855
recorded_obs-0629-01,new_latest,66,5.223427,0.11858095536642346,start_image_start_state,11,,0.012254820736818299,-0.11432679650080214,0.012254820736818299,-0.04372326198387145,17.70931108621863,42.81957125150718,143.03204082575195,165.69632128001322,1.3552924394607544
recorded_obs-0629-01,new_latest,66,5.223427,0.11858095536642346,start_image_start_state,12,,0.009885989943097147,-0.10429099628827139,0.009885989943097147,-0.037163181006915895,17.814492458604764,40.51469945897262,143.39692691776258,163.91763374901467,1.3452028036117554
recorded_obs-0629-01,new_latest,66,5.223427,0.11858095536642346,start_image_start_state,13,,0.009424424308861678,-0.1032316269731181,0.009424424308861678,-0.03532520615602018,17.912001666932316,38.525213303494525,143.46308075700256,162.98234238092206,1.2839142084121704
recorded_obs-0629-01,new_latest,66,5.223427,0.11858095536642346,start_image_start_state,14,,0.00977485581500545,-0.10889354338199017,0.00977485581500545,-0.0403945499573283,17.829237159080392,41.93987280905356,143.41473406966475,164.86800760838,1.331040382385254
recorded_obs-0629-01,new_latest,66,5.223427,0.11858095536642346,start_image_start_state,15,,0.012292871363851772,-0.10914768878301162,0.012292871363851772,-0.042004909554964276,17.615180967144955,40.985057280281815,143.04403237950086,164.49720225129803,1.3475266695022583
recorded_obs-0629-01,new_latest,66,5.223427,0.11858095536642346,start_image_start_state,16,,0.0091254852615433,-0.1070201822451205,0.009764356319621048,-0.03993642300587197,17.84818736913755,41.60185256505033,143.51228673727803,164.60094436639238,1.3178516626358032
recorded_obs-0629-01,new_latest,66,5.223427,0.11858095536642346,start_image_start_state,17,,0.009938441807290062,-0.10487138957818165,0.009938441807290062,-0.03759214448179802,17.832624585772876,40.26710647522279,143.3929012342063,163.7928575676177,1.2841238975524902
recorded_obs-0629-01,new_latest,66,5.223427,0.11858095536642346,start_image_start_state,18,,0.011915018383329513,-0.10591106491965947,0.011915018383329513,-0.038988069339416585,17.492238311331302,41.51837491969586,143.10496079689486,164.44491767791163,1.281466007232666
recorded_obs-0629-01,new_latest,66,5.223427,0.11858095536642346,start_image_start_state,19,,0.012377269583034521,-0.09928646638936516,0.012377269583034521,-0.03916032802631898,17.461787088092777,39.775159991260054,143.03321788361154,163.09064597312184,1.343341588973999
recorded_obs-0629-01,new_latest,119,8.781629,0.1576133953373097,current_image_current_state,0,,0.1613642042583306,-0.04263520776637003,0.1613642042583306,0.06638382569227408,11.346554694673632,56.002209089999056,122.22443355060466,158.74542475038064,1.6480109691619873
recorded_obs-0629-01,new_latest,119,8.781629,0.1576133953373097,current_image_current_state,1,,0.15785841824598562,-0.04720008228479194,0.15785841824598562,0.06380570629112246,11.339294011369137,58.44202391056676,122.74749268162022,160.15524173287926,1.6719796657562256
recorded_obs-0629-01,new_latest,119,8.781629,0.1576133953373097,current_image_current_state,2,,0.16609843912887468,-0.027560674586661865,0.16609843912887468,0.07541665123215065,11.27700155085882,53.08531449993235,121.54228085638263,156.0321487794546,1.5194001197814941
recorded_obs-0629-01,new_latest,119,8.781629,0.1576133953373097,current_image_current_state,3,,0.16333824712113754,-0.05439654146393315,0.1643556832437404,0.0605743242137609,11.23940778851939,56.82622525176248,121.93504324881734,160.3268374199675,1.649346947669983
recorded_obs-0629-01,new_latest,119,8.781629,0.1576133953373097,current_image_current_state,4,,0.16139629394528135,-0.043171490189876406,0.1658240840945868,0.06480061882388892,11.430915162036502,55.42661200301278,122.23928605052626,158.59569885827602,1.6325186491012573
recorded_obs-0629-01,new_latest,119,8.781629,0.1576133953373097,current_image_current_state,5,,0.16205968656410152,-0.025823839564449932,0.16205968656410152,0.07545539863835296,11.07323179409207,54.298493711212984,122.12550939257714,156.28163189462967,1.5448371171951294
recorded_obs-0629-01,new_latest,119,8.781629,0.1576133953373097,current_image_current_state,6,,0.1655350358701635,-0.05118599971123702,0.1655350358701635,0.062129304681061155,11.299213147050311,55.06458451218253,121.63005265837126,159.35455892847406,1.6414729356765747
recorded_obs-0629-01,new_latest,119,8.781629,0.1576133953373097,current_image_current_state,7,,0.16257969552489054,-0.048916493478837496,0.16274015348701915,0.05860017869814757,11.238151047495947,55.40291500151238,122.05364610760336,159.21640641890212,1.6391140222549438
recorded_obs-0629-01,new_latest,119,8.781629,0.1576133953373097,current_image_current_state,8,,0.1632667445652729,-0.04535959213091175,0.1632667445652729,0.06409846196391583,11.554298411848508,55.60450553996815,121.9829763659798,158.9026391018193,1.6263017654418945
recorded_obs-0629-01,new_latest,119,8.781629,0.1576133953373097,current_image_current_state,9,,0.16398669505982463,-0.05130397076331144,0.16398669505982463,0.06578438879152952,11.36436633275207,58.009935968588685,121.86439218311313,160.4290506328541,1.610572338104248
recorded_obs-0629-01,new_latest,119,8.781629,0.1576133953373097,current_image_current_state,10,,0.1622088893667225,-0.043723610775389915,0.1622088893667225,0.06582744974683757,11.054790604239148,56.02427636880067,122.08347085599387,158.87005188163587,1.594586730003357
recorded_obs-0629-01,new_latest,119,8.781629,0.1576133953373097,current_image_current_state,11,,0.16725440566901353,-0.052849025705744006,0.16725440566901353,0.060548434044183405,10.921479317731158,56.87507368128264,121.3345185188054,160.16572899538332,1.6427357196807861
recorded_obs-0629-01,new_latest,119,8.781629,0.1576133953373097,current_image_current_state,12,,0.16666628191086624,-0.040273017798483614,0.16666628191086624,0.06936501985051789,11.478574901580236,54.49119905158591,121.4753702387001,157.94947257062694,1.6423267126083374
recorded_obs-0629-01,new_latest,119,8.781629,0.1576133953373097,current_image_current_state,13,,0.16293087110489965,-0.034398654838081764,0.16509285765118717,0.07302825830890325,11.288804749559986,50.695340412986646,122.01931106870303,155.9738162597025,1.540149450302124
recorded_obs-0629-01,new_latest,119,8.781629,0.1576133953373097,current_image_current_state,14,,0.161265315604675,-0.04549983712410573,0.161265315604675,0.06418574420581236,11.303989635642377,55.856768711752935,122.24420374175446,159.0114642623125,1.5866384506225586
recorded_obs-0629-01,new_latest,119,8.781629,0.1576133953373097,current_image_current_state,15,,0.16246611130280164,-0.04501940412910251,0.16246611130280164,0.062178068625702056,11.158346057031297,54.52460071522824,122.05797383789097,158.476946720232,1.598644733428955
recorded_obs-0629-01,new_latest,119,8.781629,0.1576133953373097,current_image_current_state,16,,0.1611508874723621,-0.04341429076310418,0.16323396373557794,0.06464089438721302,11.211692035102063,55.26478069312828,122.2481273487895,158.5689959817216,1.5743138790130615
recorded_obs-0629-01,new_latest,119,8.781629,0.1576133953373097,current_image_current_state,17,,0.16046268766678856,-0.04004983634719505,0.16234053397853335,0.0682998971769738,11.429267431357191,53.5984311201687,122.379671895363,157.59726215989875,1.56895112991333
recorded_obs-0629-01,new_latest,119,8.781629,0.1576133953373097,current_image_current_state,18,,0.16634162357580762,-0.0430385513628093,0.16634162357580762,0.06551036307535447,11.514487151425637,55.60490230398022,121.5281442165921,158.64531953455878,1.584932804107666
recorded_obs-0629-01,new_latest,119,8.781629,0.1576133953373097,current_image_current_state,19,,0.16185164735089386,-0.03289947012660776,0.1659632675259616,0.06664829895335417,11.905945072121439,53.096031636996656,122.22203335734004,156.6276710844807,1.5708569288253784
recorded_obs-0629-01,new_latest,119,8.781629,0.1576133953373097,start_image_current_state,0,,0.1636373766497427,-0.03256460596452901,0.16474679631580785,0.0739041959187781,11.83076068477414,53.76718526844591,121.94005273342316,156.84063145555754,1.5952316522598267
recorded_obs-0629-01,new_latest,119,8.781629,0.1576133953373097,start_image_current_state,1,,0.15984381945920906,-0.0369134346877612,0.15984381945920906,0.07160442411617675,11.790022046192991,56.27317897819329,122.50172125235353,158.23306082816583,1.6164131164550781
recorded_obs-0629-01,new_latest,119,8.781629,0.1576133953373097,start_image_current_state,2,,0.1687500680101343,-0.017387214115885664,0.1687500680101343,0.08309608201950189,11.890044921354999,50.92651117229976,121.21892153202775,154.14856676501535,1.4749364852905273
recorded_obs-0629-01,new_latest,119,8.781629,0.1576133953373097,start_image_current_state,3,,0.16561834059186556,-0.04539747442242707,0.16777109433184811,0.0676703935932023,11.8572626892317,54.65548423788301,121.66596708956807,158.56691415257433,1.6027699708938599
recorded_obs-0629-01,new_latest,119,8.781629,0.1576133953373097,start_image_current_state,4,,0.1641227519436681,-0.034097987856928594,0.168806065396809,0.07224698961679839,11.952858525035246,53.35768671234092,121.89485503037575,156.86303118862907,1.5672528743743896
recorded_obs-0629-01,new_latest,119,8.781629,0.1576133953373097,start_image_current_state,5,,0.16510658374059262,-0.013488129536944641,0.16510658374059262,0.08416163853910208,11.673479274592813,51.906416988101235,121.74186955720953,154.06011175781802,1.476399540901184
recorded_obs-0629-01,new_latest,119,8.781629,0.1576133953373097,start_image_current_state,6,,0.16858820236561642,-0.04270387585989647,0.16858820236561642,0.06878863205054568,11.952174380943923,52.98781175117097,121.24796163069074,157.69651661013023,1.5948060750961304
recorded_obs-0629-01,new_latest,119,8.781629,0.1576133953373097,start_image_current_state,7,,0.16519765936938854,-0.03985214168115228,0.1659633865425972,0.0653415298550462,11.823904597631246,53.24554809555612,121.7300897336977,157.46168745645846,1.5893720388412476
recorded_obs-0629-01,new_latest,119,8.781629,0.1576133953373097,start_image_current_state,8,,0.1661081387377974,-0.035725985435791946,0.1661081387377974,0.07111705977325586,12.186382174691797,53.494714614023074,121.63668293694784,157.0951448574261,1.5668811798095703
recorded_obs-0629-01,new_latest,119,8.781629,0.1576133953373097,start_image_current_state,9,,0.16698424339127138,-0.042048084050326166,0.16698424339127138,0.07284166642855099,11.95145272444045,55.814727522639366,121.48409229929867,158.620220161371,1.5559557676315308
recorded_obs-0629-01,new_latest,119,8.781629,0.1576133953373097,start_image_current_state,10,,0.1650161623168152,-0.03333807858214011,0.1650161623168152,0.07336268594189367,11.621222882676962,53.791540131531136,121.7287583395223,156.93460796063565,1.5273199081420898
recorded_obs-0629-01,new_latest,119,8.781629,0.1576133953373097,start_image_current_state,11,,0.1700540208164657,-0.043979921025777635,0.1700540208164657,0.06706789770354726,11.5013416211898,54.79123147708619,120.98068965464364,158.45081121722873,1.579633355140686
recorded_obs-0629-01,new_latest,119,8.781629,0.1576133953373097,start_image_current_state,12,,0.17010760361409663,-0.030743391622087394,0.17010760361409663,0.07689141727227478,12.150590356779505,52.264299673671225,121.04357670715972,156.11825133741806,1.5688637495040894
recorded_obs-0629-01,new_latest,119,8.781629,0.1576133953373097,start_image_current_state,13,,0.1656489989806,-0.02409316113727745,0.16838970820012136,0.08062647345249849,11.850247907680295,48.478494763886445,121.67815694393396,154.08994363685255,1.4895700216293335
recorded_obs-0629-01,new_latest,119,8.781629,0.1576133953373097,start_image_current_state,14,,0.16431114374534192,-0.03530378648285272,0.16431114374534192,0.0718111589776674,11.848972852277026,53.63426584144401,121.85394599932928,157.10069542640113,1.5182909965515137
recorded_obs-0629-01,new_latest,119,8.781629,0.1576133953373097,start_image_current_state,15,,0.16508685800035267,-0.03679277748167391,0.16508685800035267,0.06850506546113383,11.703672943583905,52.39676127606468,121.72714585259423,156.82989093147162,1.55942964553833
recorded_obs-0629-01,new_latest,119,8.781629,0.1576133953373097,start_image_current_state,16,,0.16412843400227609,-0.032690436692532014,0.1663116037606456,0.07188960862069732,11.779797124717433,52.955793872155304,121.87083095932681,156.5749381616045,1.5086346864700317
recorded_obs-0629-01,new_latest,119,8.781629,0.1576133953373097,start_image_current_state,17,,0.16343711708959016,-0.02992552972965162,0.16522303364946608,0.07581672875367862,11.905382058461015,51.37699857373677,121.99655421137678,155.7091053341047,1.5107401609420776
recorded_obs-0629-01,new_latest,119,8.781629,0.1576133953373097,start_image_current_state,18,,0.16894949606384768,-0.03252528112968509,0.16894949606384768,0.07293633227256811,12.156880442709037,53.38376909129344,121.21374007986105,156.7001828423625,1.5278319120407104
recorded_obs-0629-01,new_latest,119,8.781629,0.1576133953373097,start_image_current_state,19,,0.16553986394750916,-0.022993553951326295,0.1692095160581895,0.07378451711459368,12.5722718148163,50.973139799864875,121.75788996202562,154.79656809383698,1.5348342657089233
recorded_obs-0629-01,new_latest,119,8.781629,0.1576133953373097,current_image_start_state,0,,0.00579752399566131,-0.11378359287248059,0.00579752399566131,-0.04545969957180229,22.66859845221181,55.539426728364596,143.9633444585364,166.16094238477706,1.4461922645568848
recorded_obs-0629-01,new_latest,119,8.781629,0.1576133953373097,current_image_start_state,1,,0.007319254577018384,-0.11746486790502911,0.007319254577018384,-0.046623335154322904,22.359753210471148,57.740674181035324,143.74368225905917,167.3287637908015,1.4870918989181519
recorded_obs-0629-01,new_latest,119,8.781629,0.1576133953373097,current_image_start_state,2,,0.006757916194253799,-0.10338851503611073,0.006757916194253799,-0.04000827202130641,22.44070873187154,53.07505534820275,143.8110814891833,164.2201411152534,1.3162730932235718
recorded_obs-0629-01,new_latest,119,8.781629,0.1576133953373097,current_image_start_state,3,,0.005895453366385101,-0.12347025033687037,0.005895453366385101,-0.050156315704330434,22.605649344506084,56.42268501075674,143.94010691147722,167.47129491725332,1.43878972530365
recorded_obs-0629-01,new_latest,119,8.781629,0.1576133953373097,current_image_start_state,4,,0.006255795143662812,-0.11593414569654244,0.006255795143662812,-0.04613122497032358,22.57329510633212,55.06281081280904,143.90038251546633,166.21677524930453,1.404738426208496
recorded_obs-0629-01,new_latest,119,8.781629,0.1576133953373097,current_image_start_state,5,,0.0051478786702165375,-0.10225243370909365,0.0051478786702165375,-0.03927358472789004,22.617719693990487,54.14985086825356,144.04909336649928,164.48329594265897,1.3593873977661133
recorded_obs-0629-01,new_latest,119,8.781629,0.1576133953373097,current_image_start_state,6,,0.00575209310282143,-0.12277998764716001,0.00575209310282143,-0.04861147985542983,22.594235029559997,55.197960659346464,143.95778973504747,166.9861884347865,1.4488617181777954
recorded_obs-0629-01,new_latest,119,8.781629,0.1576133953373097,current_image_start_state,7,,0.004857161401688624,-0.11759337845188929,0.004857161401688624,-0.050555618756935115,22.75405948771323,54.80447121844658,144.10190355238652,166.30173245097996,1.395409107208252
recorded_obs-0629-01,new_latest,119,8.781629,0.1576133953373097,current_image_start_state,8,,0.006194776581677864,-0.11663730016391585,0.006194776581677864,-0.04707068566832225,22.600340582117877,55.303597023097936,143.90516893989005,166.37718651575634,1.4151954650878906
recorded_obs-0629-01,new_latest,119,8.781629,0.1576133953373097,current_image_start_state,9,,0.0044403580535480195,-0.12092221015966616,0.004635081019357039,-0.04505671431331045,22.788039531298484,57.537632550060586,144.1496177349067,167.60761186598265,1.402001142501831
recorded_obs-0629-01,new_latest,119,8.781629,0.1576133953373097,current_image_start_state,10,,0.008007883448878175,-0.11524397396392042,0.008007883448878175,-0.04567642686416825,22.251087893551748,55.57262843510069,143.6259503469929,166.32268681673006,1.3819701671600342
recorded_obs-0629-01,new_latest,119,8.781629,0.1576133953373097,current_image_start_state,11,,0.008524242600707816,-0.12145202786391604,0.008524242600707816,-0.04947667537203542,22.139434054980853,56.18981810125395,143.53883101087325,167.17108245874826,1.421625018119812
recorded_obs-0629-01,new_latest,119,8.781629,0.1576133953373097,current_image_start_state,12,,0.0062379083981251165,-0.11260097429899808,0.0062379083981251165,-0.04352718089924106,22.53957824744475,54.25188094255318,143.88606927722697,165.5982595260598,1.403931736946106
recorded_obs-0629-01,new_latest,119,8.781629,0.1576133953373097,current_image_start_state,13,,0.005558763928336461,-0.11024127655118836,0.005558763928336461,-0.04145125724256488,22.546653713391585,51.38930426006508,143.98884950334806,164.3836988861104,1.3342734575271606
recorded_obs-0629-01,new_latest,119,8.781629,0.1576133953373097,current_image_start_state,14,,0.006326566481866232,-0.11699827343985034,0.006326566481866232,-0.04685679271037827,22.522877008063674,55.57275635005734,143.8780218588171,166.51487437938746,1.3913110494613647
recorded_obs-0629-01,new_latest,119,8.781629,0.1576133953373097,current_image_start_state,15,,0.009262666062177748,-0.11561433547953927,0.009262666062177748,-0.047646956846774155,22.06761149587597,54.148414435574324,143.4515557440064,165.87152026399258,1.3959934711456299
recorded_obs-0629-01,new_latest,119,8.781629,0.1576133953373097,current_image_start_state,16,,0.0054477047741173686,-0.11514564211081382,0.005830113228418946,-0.04620454700924501,22.674490555967726,55.366625839377825,144.00929276189186,166.2473976418593,1.3699374198913574
recorded_obs-0629-01,new_latest,119,8.781629,0.1576133953373097,current_image_start_state,17,,0.006727478824582357,-0.1126749658167303,0.006727478824582357,-0.04376901524952352,22.45764069098435,53.548305522661266,143.82089985382135,165.35472843841256,1.355622410774231
recorded_obs-0629-01,new_latest,119,8.781629,0.1576133953373097,current_image_start_state,18,,0.00848420899812549,-0.11382269140695375,0.00848420899812549,-0.04544284761868823,22.25598799481559,55.25432389719703,143.56160797274586,166.06411125444234,1.3496568202972412
recorded_obs-0629-01,new_latest,119,8.781629,0.1576133953373097,current_image_start_state,19,,0.008512225548854176,-0.10744824216298234,0.008512225548854176,-0.04529272013694307,22.240247310539097,53.137516932502365,143.55700523547435,164.67172071784282,1.3756380081176758
recorded_obs-0629-01,new_latest,119,8.781629,0.1576133953373097,start_image_start_state,0,,0.009489119619221926,-0.1056853061274412,0.009489119619221926,-0.03895440727169432,22.343556506995032,53.22645845622484,143.46602904729656,164.52704319808439,1.3769086599349976
recorded_obs-0629-01,new_latest,119,8.781629,0.1576133953373097,start_image_start_state,1,,0.010546327824346545,-0.10921566281550392,0.010546327824346545,-0.039857187316914365,22.080265903932023,55.37304546312965,143.31116017608198,165.64414733010634,1.4317240715026855
recorded_obs-0629-01,new_latest,119,8.781629,0.1576133953373097,start_image_start_state,2,,0.010116197677508779,-0.09569230272787393,0.010116197677508779,-0.033622822144611736,22.143857374711594,50.80296599349919,143.3616666589989,162.65797864371336,1.2650172710418701
recorded_obs-0629-01,new_latest,119,8.781629,0.1576133953373097,start_image_start_state,3,,0.008993735835141799,-0.11643902542752144,0.008993735835141799,-0.04412858646583145,22.348788464698913,54.254253124420224,143.52737936319963,165.99857720146824,1.3779957294464111
recorded_obs-0629-01,new_latest,119,8.781629,0.1576133953373097,start_image_start_state,4,,0.0098867385316906,-0.10832601748033174,0.0098867385316906,-0.03978391291460033,22.224216452679578,52.89255533224999,143.40726420150673,164.6877670599111,1.3492422103881836
recorded_obs-0629-01,new_latest,119,8.781629,0.1576133953373097,start_image_start_state,5,,0.008631474697856285,-0.09212233957830789,0.008631474697856285,-0.03209050449995331,22.28467687189845,51.52822590428203,143.57879328610326,162.5353595034284,1.3032740354537964
recorded_obs-0629-01,new_latest,119,8.781629,0.1576133953373097,start_image_start_state,6,,0.009884152943537441,-0.11514272997441584,0.009884152943537441,-0.0427804985817067,22.193722717110184,52.949347124322905,143.39654156204023,165.4370501625658,1.3978278636932373
recorded_obs-0629-01,new_latest,119,8.781629,0.1576133953373097,start_image_start_state,7,,0.008546127870240349,-0.11032669155952958,0.008546127870240349,-0.04477578976060317,22.412786417717577,52.63599514411517,143.60271791641514,164.81692204997793,1.3467316627502441
recorded_obs-0629-01,new_latest,119,8.781629,0.1576133953373097,start_image_start_state,8,,0.00957168784609101,-0.10961812623120847,0.00957168784609101,-0.0409622803788935,22.30964612778026,53.19808485190264,143.45488638865464,164.9330740165009,1.3594926595687866
recorded_obs-0629-01,new_latest,119,8.781629,0.1576133953373097,start_image_start_state,9,,0.007916985035943066,-0.11345648988709445,0.008807054839146915,-0.03872657800258071,22.457422338679173,55.16857826066128,143.6816882394037,166.01074373230205,1.335360050201416
recorded_obs-0629-01,new_latest,119,8.781629,0.1576133953373097,start_image_start_state,10,,0.011505096335603735,-0.10753443072785056,0.011505096335603735,-0.03928137693646118,21.920649730751123,53.373656341723894,143.1526552794666,164.77204147639216,1.3157572746276855
recorded_obs-0629-01,new_latest,119,8.781629,0.1576133953373097,start_image_start_state,11,,0.012254820736818299,-0.11432679650080214,0.012254820736818299,-0.04372326198387145,21.76641794284467,54.040215405433635,143.03204082575195,165.69632128001322,1.3552924394607544
recorded_obs-0629-01,new_latest,119,8.781629,0.1576133953373097,start_image_start_state,12,,0.009885989943097147,-0.10429099628827139,0.009885989943097147,-0.037163181006915895,22.228698271408792,51.82118672044792,143.39692691776258,163.91763374901467,1.3452028036117554
recorded_obs-0629-01,new_latest,119,8.781629,0.1576133953373097,start_image_start_state,13,,0.009424424308861678,-0.1032316269731181,0.009424424308861678,-0.03532520615602018,22.17845730097948,49.311242033960156,143.46308075700256,162.98234238092206,1.2839142084121704
recorded_obs-0629-01,new_latest,119,8.781629,0.1576133953373097,start_image_start_state,14,,0.00977485581500545,-0.10889354338199017,0.00977485581500545,-0.0403945499573283,22.223200478159374,53.21347847972926,143.41473406966475,164.86800760838,1.331040382385254
recorded_obs-0629-01,new_latest,119,8.781629,0.1576133953373097,start_image_start_state,15,,0.012292871363851772,-0.10914768878301162,0.012292871363851772,-0.042004909554964276,21.80911811844447,52.05946670668389,143.04403237950086,164.49720225129803,1.3475266695022583
recorded_obs-0629-01,new_latest,119,8.781629,0.1576133953373097,start_image_start_state,16,,0.0091254852615433,-0.1070201822451205,0.009764356319621048,-0.03993642300587197,22.340453962078552,53.00690775138471,143.51228673727803,164.60094436639238,1.3178516626358032
recorded_obs-0629-01,new_latest,119,8.781629,0.1576133953373097,start_image_start_state,17,,0.009938441807290062,-0.10487138957818165,0.009938441807290062,-0.03759214448179802,22.182151793791785,51.294137847215076,143.3929012342063,163.7928575676177,1.2841238975524902
recorded_obs-0629-01,new_latest,119,8.781629,0.1576133953373097,start_image_start_state,18,,0.011915018383329513,-0.10591106491965947,0.011915018383329513,-0.038988069339416585,21.968429635844565,52.91207421734705,143.10496079689486,164.44491767791163,1.281466007232666
recorded_obs-0629-01,new_latest,119,8.781629,0.1576133953373097,start_image_start_state,19,,0.012377269583034521,-0.09928646638936516,0.012377269583034521,-0.03916032802631898,21.87570893891774,50.94713921397249,143.03321788361154,163.09064597312184,1.343341588973999
recorded_obs-0629-01,new_latest,134,9.790626,0.4443086715533535,current_image_current_state,0,,0.3643545449193077,0.04070976213123597,0.3652332792125004,0.20067368756897758,13.45160109087301,64.00106944233613,99.94940575836132,149.52053550770998,1.6701953411102295
recorded_obs-0629-01,new_latest,134,9.790626,0.4443086715533535,current_image_current_state,1,,0.35492013456979343,0.03571704933399084,0.35492013456979343,0.19344545231078414,14.66198217654567,65.45536977551032,101.2503460693979,151.02364205648882,1.6733144521713257
recorded_obs-0629-01,new_latest,134,9.790626,0.4443086715533535,current_image_current_state,2,,0.3690784304233958,0.061584897577716305,0.37303166461994874,0.21579012435043365,12.724990065539842,60.331301495748455,99.32488361982408,145.8620923754175,1.5641855001449585
recorded_obs-0629-01,new_latest,134,9.790626,0.4443086715533535,current_image_current_state,3,,0.3660603718346356,0.0279722940134145,0.3711229330534527,0.19459348229622184,13.163061973858957,65.73161315574012,99.74298228423251,151.24032456622535,1.7490733861923218
recorded_obs-0629-01,new_latest,134,9.790626,0.4443086715533535,current_image_current_state,4,,0.36176282466246257,0.03738355005513867,0.3710335529198847,0.19635282192776604,13.740194652667661,64.42989669628471,100.26158716807538,149.92653399783046,1.7371572256088257
recorded_obs-0629-01,new_latest,134,9.790626,0.4443086715533535,current_image_current_state,5,,0.36640300056010733,0.0665567426084857,0.3664642120893627,0.21461457479584334,13.148578322397126,60.002000484828855,99.73833373824374,145.62164176864854,1.5627117156982422
recorded_obs-0629-01,new_latest,134,9.790626,0.4443086715533535,current_image_current_state,6,,0.3703132459622417,0.030993898802858518,0.3703132459622417,0.1958650339049569,12.683022815515098,64.68027639626003,99.27157831571448,150.18097459360035,1.7163532972335815
recorded_obs-0629-01,new_latest,134,9.790626,0.4443086715533535,current_image_current_state,7,,0.3650125707600701,0.0278757024475995,0.36675033603133256,0.18911681623515905,13.224621994586329,65.59753459672933,99.8176727854723,151.09313489420265,1.7395144701004028
recorded_obs-0629-01,new_latest,134,9.790626,0.4443086715533535,current_image_current_state,8,,0.36451525164368026,0.03635168062703322,0.36592915536526843,0.19599676359267124,13.493161600166392,64.47299044293594,100.00039358033261,149.9725863598732,1.6916848421096802
recorded_obs-0629-01,new_latest,134,9.790626,0.4443086715533535,current_image_current_state,9,,0.36737157754614513,0.031284791528151494,0.36737157754614513,0.1982955047040826,13.033929778263081,65.62748099348823,99.59325013191429,151.16260883491398,1.6742924451828003
recorded_obs-0629-01,new_latest,134,9.790626,0.4443086715533535,current_image_current_state,10,,0.36488443020010564,0.03891374565935713,0.36488443020010564,0.19854797430995424,13.321647850188253,64.32730879737188,99.9024629994422,149.8456367931483,1.6635030508041382
recorded_obs-0629-01,new_latest,134,9.790626,0.4443086715533535,current_image_current_state,11,,0.36998411423533095,0.023854636003537173,0.36998411423533095,0.19152080094523577,12.640285465967173,66.60214002735101,99.18146714197671,152.06752478606148,1.7642393112182617
recorded_obs-0629-01,new_latest,134,9.790626,0.4443086715533535,current_image_current_state,12,,0.3684090910758712,0.04433214260014455,0.370951409031227,0.20476260600255755,13.02026532280123,62.98646116458362,99.45906492060207,148.56606070726266,1.6988402605056763
recorded_obs-0629-01,new_latest,134,9.790626,0.4443086715533535,current_image_current_state,13,,0.36525927704118444,0.05545687217093719,0.36986909489522507,0.21230233555598982,13.335847325047336,60.218850082752574,100.01573857969323,145.67398776120504,1.602003812789917
recorded_obs-0629-01,new_latest,134,9.790626,0.4443086715533535,current_image_current_state,14,,0.36152530368754854,0.04036575985471758,0.3648360105006328,0.1976151901740568,13.84849216661537,63.807418174342665,100.34594657892593,149.34847654373655,1.6247276067733765
recorded_obs-0629-01,new_latest,134,9.790626,0.4443086715533535,current_image_current_state,15,,0.3636351292890546,0.033769902092288494,0.3636351292890546,0.1922064135553033,13.576369261554065,64.58690362010897,100.10654774869114,150.09638856969366,1.6837514638900757
recorded_obs-0629-01,new_latest,134,9.790626,0.4443086715533535,current_image_current_state,16,,0.36537174138875284,0.04137533003385004,0.3681060805347296,0.19695325335222943,13.356688699231269,63.451335452204404,99.88747770783398,149.00436546094798,1.6457722187042236
recorded_obs-0629-01,new_latest,134,9.790626,0.4443086715533535,current_image_current_state,17,,0.359740107151137,0.04434070232902087,0.3632658746278996,0.20204495449931464,14.011765778532386,62.63829537440413,100.57155502264345,148.09483204886698,1.623076319694519
recorded_obs-0629-01,new_latest,134,9.790626,0.4443086715533535,current_image_current_state,18,,0.3688155321400827,0.03945371484550031,0.3688155321400827,0.1977260124616849,12.937834727931584,64.13296935459829,99.45882210432687,149.66831295253314,1.666203260421753
recorded_obs-0629-01,new_latest,134,9.790626,0.4443086715533535,current_image_current_state,19,,0.3572552126784933,0.04761779301806947,0.36529377182521866,0.19787912958977646,14.432843177185424,62.47123796527094,101.01186731565096,147.95739436935705,1.6769368648529053
recorded_obs-0629-01,new_latest,134,9.790626,0.4443086715533535,start_image_current_state,0,,0.3614882141672573,0.017216387989074183,0.3614882141672573,0.18213169430276965,14.006640831589724,68.39686266727544,100.44664586786304,153.83067851483344,1.7882254123687744
recorded_obs-0629-01,new_latest,134,9.790626,0.4443086715533535,start_image_current_state,1,,0.3517673029301754,0.01106231402951692,0.3517673029301754,0.1750835571583084,15.239023465738708,70.12674136288851,101.79617030981439,155.57799532209188,1.7868728637695312
recorded_obs-0629-01,new_latest,134,9.790626,0.4443086715533535,start_image_current_state,2,,0.36738522440773336,0.03881239725355698,0.37000485562258945,0.19796408431720114,13.119140181821136,64.52952810630454,99.6929154209833,149.99242564552853,1.6776400804519653
recorded_obs-0629-01,new_latest,134,9.790626,0.4443086715533535,start_image_current_state,3,,0.36521478685963865,0.00434583707446781,0.36666905310230885,0.17638888732787586,13.473120138592481,70.1199631957617,99.99789330527179,155.56166306675794,1.856474757194519
recorded_obs-0629-01,new_latest,134,9.790626,0.4443086715533535,start_image_current_state,4,,0.3591293331871285,0.014144596467158092,0.3674077019605966,0.1784767817500797,14.30205411474941,68.75878546501617,100.77584297247293,154.17315716840352,1.8344703912734985
recorded_obs-0629-01,new_latest,134,9.790626,0.4443086715533535,start_image_current_state,5,,0.3645174163514482,0.043000913370540975,0.3645174163514482,0.1963349632271103,13.559647937819133,64.39637859661234,100.12133625961647,149.91222877812712,1.6639418601989746
recorded_obs-0629-01,new_latest,134,9.790626,0.4443086715533535,start_image_current_state,6,,0.3687390817101721,0.007971406663070666,0.3687390817101721,0.17811884673599596,13.031401456958775,68.97239093903246,99.57149492196844,154.42059395194659,1.8505207300186157
recorded_obs-0629-01,new_latest,134,9.790626,0.4443086715533535,start_image_current_state,7,,0.3634024289365267,0.004062764826476806,0.3634024289365267,0.17077537111239283,13.609549742719215,70.07836310631029,100.15322015060198,155.5002720403472,1.8524467945098877
recorded_obs-0629-01,new_latest,134,9.790626,0.4443086715533535,start_image_current_state,8,,0.3629873377274919,0.014914706817061295,0.3629873377274919,0.17827775056985942,13.874715024368497,68.55163956155612,100.35217437157073,153.96278279284235,1.7992955446243286
recorded_obs-0629-01,new_latest,134,9.790626,0.4443086715533535,start_image_current_state,9,,0.36634845180936276,0.006652284874303166,0.36634845180936276,0.1799106312986989,13.391489109594652,70.24935834109839,99.88905421154524,155.6985427151618,1.8052314519882202
recorded_obs-0629-01,new_latest,134,9.790626,0.4443086715533535,start_image_current_state,10,,0.3618553609205133,0.01667134108374623,0.3618553609205133,0.18059006046437626,13.901317797910759,68.49581307524461,100.43750526440203,153.9317127454106,1.7726125717163086
recorded_obs-0629-01,new_latest,134,9.790626,0.4443086715533535,start_image_current_state,11,,0.36870662531852,-0.00012349528733003498,0.36870662531852,0.17297682060728506,13.008294048230539,71.11753167682986,99.50017041783748,156.49241765778336,1.8731406927108765
recorded_obs-0629-01,new_latest,134,9.790626,0.4443086715533535,start_image_current_state,12,,0.3671323282451646,0.020336350309821474,0.3679032016038044,0.18668031224118883,13.40834554790119,67.41415860310453,99.78776084600258,152.92924800607474,1.812029242515564
recorded_obs-0629-01,new_latest,134,9.790626,0.4443086715533535,start_image_current_state,13,,0.36419633331243756,0.034650388254837246,0.36642997779181136,0.19498275802137147,13.691117654663415,64.03947818113691,100.31759094878349,149.44749224107366,1.7011995315551758
recorded_obs-0629-01,new_latest,134,9.790626,0.4443086715533535,start_image_current_state,14,,0.35877582515054524,0.016556726673384314,0.36003669110045683,0.17967115315873233,14.374856772543476,68.26893402405393,100.82083110972265,153.72393762247512,1.7304799556732178
recorded_obs-0629-01,new_latest,134,9.790626,0.4443086715533535,start_image_current_state,15,,0.3599889003092048,0.009915685164277033,0.3599889003092048,0.17406017240364025,14.228736421537976,68.99604364355083,100.73239950002336,154.43646602983924,1.7951159477233887
recorded_obs-0629-01,new_latest,134,9.790626,0.4443086715533535,start_image_current_state,16,,0.3625556455130348,0.018269440313998207,0.3639585678293709,0.17885887505378242,13.890466227755878,67.74337366230719,100.36624966348043,153.2368572697331,1.7579622268676758
recorded_obs-0629-01,new_latest,134,9.790626,0.4443086715533535,start_image_current_state,17,,0.3567888523298843,0.02247714276537853,0.35905308587221085,0.18436985858713184,14.603519987952808,66.74309210769954,101.12706490793798,152.14443715047318,1.7160894870758057
recorded_obs-0629-01,new_latest,134,9.790626,0.4443086715533535,start_image_current_state,18,,0.36689580223418305,0.01590807263318024,0.36689580223418305,0.1791945801334734,13.36618628260626,68.51239060403401,99.86474594072837,153.96734260139212,1.7771986722946167
recorded_obs-0629-01,new_latest,134,9.790626,0.4443086715533535,start_image_current_state,19,,0.353805810776346,0.025730150624898283,0.3620943860361159,0.18031402718135595,15.116924242273686,66.52093721131924,101.65903936584601,151.9380379087823,1.7931478023529053
recorded_obs-0629-01,new_latest,134,9.790626,0.4443086715533535,current_image_start_state,0,,0.004783080554803262,-0.0985159457396739,0.004783080554803262,-0.0381339933841203,69.74715164206174,80.14701568731047,144.12542818441594,162.49504642767707,1.2682772874832153
recorded_obs-0629-01,new_latest,134,9.790626,0.4443086715533535,current_image_start_state,1,,0.00630754317057932,-0.10022278122306634,0.00630754317057932,-0.038955193870233946,69.65216252729388,80.3969802323591,143.90164003391757,163.26849427316824,1.3100247383117676
recorded_obs-0629-01,new_latest,134,9.790626,0.4443086715533535,current_image_start_state,2,,0.005633465283830171,-0.08802383497429879,0.005633465283830171,-0.03349065422679244,69.77098971597682,78.61834889860864,143.98449332896513,160.66424073594445,1.1574925184249878
recorded_obs-0629-01,new_latest,134,9.790626,0.4443086715533535,current_image_start_state,3,,0.004471502632988442,-0.10818045735785696,0.004471502632988442,-0.04275226422055316,69.92292406083465,81.5401079564439,144.1560531044863,163.8404284795131,1.2686275243759155
recorded_obs-0629-01,new_latest,134,9.790626,0.4443086715533535,current_image_start_state,4,,0.0052005776011201914,-0.10031162555453522,0.0052005776011201914,-0.03890146729818922,69.79350849301726,80.43572542252772,144.06100070181319,162.62421249726825,1.2466671466827393
recorded_obs-0629-01,new_latest,134,9.790626,0.4443086715533535,current_image_start_state,5,,0.003981630808822002,-0.08557942071270619,0.003981630808822002,-0.03206645531609668,70.06661728255668,78.17730099381097,144.22705623900526,160.6401475970731,1.1831454038619995
recorded_obs-0629-01,new_latest,134,9.790626,0.4443086715533535,current_image_start_state,6,,0.004731244004806279,-0.10799874667408627,0.004731244004806279,-0.04188779268308724,69.89149056915562,81.55104498035759,144.12062807612912,163.52330996540772,1.29246985912323
recorded_obs-0629-01,new_latest,134,9.790626,0.4443086715533535,current_image_start_state,7,,0.0033467236740307767,-0.10162448942302856,0.0033467236740307767,-0.043236745289851074,69.95309267659823,80.60648855635493,144.33276939422365,162.6407639825602,1.2226029634475708
recorded_obs-0629-01,new_latest,134,9.790626,0.4443086715533535,current_image_start_state,8,,0.004482061647184988,-0.10277044376195542,0.0046083023166997965,-0.039964072148625296,69.84826429837962,80.79698749089174,144.16691287032847,163.0212022413998,1.2530415058135986
recorded_obs-0629-01,new_latest,134,9.790626,0.4443086715533535,current_image_start_state,9,,0.0030923839694026,-0.10454481889781349,0.004356045770843,-0.037826344661233205,70.09510994664821,81.03051885528018,144.35858267508854,163.6728970226755,1.2143051624298096
recorded_obs-0629-01,new_latest,134,9.790626,0.4443086715533535,current_image_start_state,10,,0.006744877453038196,-0.10017921957587424,0.006744877453038196,-0.03853737429510166,69.75646845720529,80.41876144252196,143.81787558972948,162.7438223280403,1.1887986660003662
recorded_obs-0629-01,new_latest,134,9.790626,0.4443086715533535,current_image_start_state,11,,0.0076316389420316745,-0.10597213615784426,0.0076316389420316745,-0.04248338049612252,69.74756787975069,81.3217025637379,143.67354031555283,163.4878554995639,1.2356030941009521
recorded_obs-0629-01,new_latest,134,9.790626,0.4443086715533535,current_image_start_state,12,,0.004882233653946889,-0.09699410830833981,0.004882233653946889,-0.036538782418784,69.92788704416384,79.82696817446028,144.092073554818,161.9829589107434,1.206712245941162
recorded_obs-0629-01,new_latest,134,9.790626,0.4443086715533535,current_image_start_state,13,,0.004302402612008723,-0.0971407641698113,0.004302402612008723,-0.035364002242089326,69.93100352240585,79.99220278085653,144.18285612450717,161.3593015203154,1.1856191158294678
recorded_obs-0629-01,new_latest,134,9.790626,0.4443086715533535,current_image_start_state,14,,0.005132721614755292,-0.10182474277805749,0.005132721614755292,-0.03974415323504966,69.85531000820987,80.59609327786593,144.06459437545539,162.9002867680475,1.224789023399353
recorded_obs-0629-01,new_latest,134,9.790626,0.4443086715533535,current_image_start_state,15,,0.008356841166396026,-0.1009968831252166,0.008356841166396026,-0.040951570103452614,69.53375149159403,80.55547618118489,143.59183351685817,162.46975860478793,1.2285387516021729
recorded_obs-0629-01,new_latest,134,9.790626,0.4443086715533535,current_image_start_state,16,,0.004406720709744081,-0.09885830330624071,0.005435876915874357,-0.038542184945501025,69.88486142888745,80.1290364360818,144.17240603798308,162.46969276944512,1.2144883871078491
recorded_obs-0629-01,new_latest,134,9.790626,0.4443086715533535,current_image_start_state,17,,0.005649244876611694,-0.09892788380541273,0.005649244876611694,-0.03721283688644675,69.78003011635083,80.2589964114752,143.98978798006172,162.0597672587336,1.1805044412612915
recorded_obs-0629-01,new_latest,134,9.790626,0.4443086715533535,current_image_start_state,18,,0.006786318567214697,-0.09840303332330431,0.006786318567214697,-0.03810944617323926,69.5968707365037,80.09212542385643,143.8230038280017,162.39276065697067,1.1605113744735718
recorded_obs-0629-01,new_latest,134,9.790626,0.4443086715533535,current_image_start_state,19,,0.007054922912929343,-0.09279922564329803,0.007054922912929343,-0.038577273496331214,69.69818717229647,79.3193365287061,143.7755629373595,161.31302571729643,1.2288849353790283
recorded_obs-0629-01,new_latest,134,9.790626,0.4443086715533535,start_image_start_state,0,,0.009489119619221926,-0.1056853061274412,0.009489119619221926,-0.03895440727169432,69.08276500722998,81.40040215114972,143.46602904729656,164.52704319808439,1.3769086599349976
recorded_obs-0629-01,new_latest,134,9.790626,0.4443086715533535,start_image_start_state,1,,0.010546327824346545,-0.10921566281550392,0.010546327824346545,-0.039857187316914365,69.03713860822593,82.05120244134643,143.31116017608198,165.64414733010634,1.4317240715026855
recorded_obs-0629-01,new_latest,134,9.790626,0.4443086715533535,start_image_start_state,2,,0.010116197677508779,-0.09569230272787393,0.010116197677508779,-0.033622822144611736,69.09037832334593,79.84405430322651,143.3616666589989,162.65797864371336,1.2650172710418701
recorded_obs-0629-01,new_latest,134,9.790626,0.4443086715533535,start_image_start_state,3,,0.008993735835141799,-0.11643902542752144,0.008993735835141799,-0.04412858646583145,69.22280436548196,82.9396610085124,143.52737936319963,165.99857720146824,1.3779957294464111
recorded_obs-0629-01,new_latest,134,9.790626,0.4443086715533535,start_image_start_state,4,,0.0098867385316906,-0.10832601748033174,0.0098867385316906,-0.03978391291460033,69.12208917170653,81.75288411951603,143.40726420150673,164.6877670599111,1.3492422103881836
recorded_obs-0629-01,new_latest,134,9.790626,0.4443086715533535,start_image_start_state,5,,0.008631474697856285,-0.09212233957830789,0.008631474697856285,-0.03209050449995331,69.37739578296696,79.32309452736706,143.57879328610326,162.5353595034284,1.3032740354537964
recorded_obs-0629-01,new_latest,134,9.790626,0.4443086715533535,start_image_start_state,6,,0.009884152943537441,-0.11514272997441584,0.009884152943537441,-0.0427804985817067,69.15308439621037,82.67697807628768,143.39654156204023,165.4370501625658,1.3978278636932373
recorded_obs-0629-01,new_latest,134,9.790626,0.4443086715533535,start_image_start_state,7,,0.008546127870240349,-0.11032669155952958,0.008546127870240349,-0.04477578976060317,69.2176524172626,81.98068350736659,143.60271791641514,164.81692204997793,1.3467316627502441
recorded_obs-0629-01,new_latest,134,9.790626,0.4443086715533535,start_image_start_state,8,,0.00957168784609101,-0.10961812623120847,0.00957168784609101,-0.0409622803788935,69.12197713643211,81.95679909096178,143.45488638865464,164.9330740165009,1.3594926595687866
recorded_obs-0629-01,new_latest,134,9.790626,0.4443086715533535,start_image_start_state,9,,0.007916985035943066,-0.11345648988709445,0.008807054839146915,-0.03872657800258071,69.40810371218078,82.60605258005803,143.6816882394037,166.01074373230205,1.335360050201416
recorded_obs-0629-01,new_latest,134,9.790626,0.4443086715533535,start_image_start_state,10,,0.011505096335603735,-0.10753443072785056,0.011505096335603735,-0.03928137693646118,69.05935548619546,81.66755601312367,143.1526552794666,164.77204147639216,1.3157572746276855
recorded_obs-0629-01,new_latest,134,9.790626,0.4443086715533535,start_image_start_state,11,,0.012254820736818299,-0.11432679650080214,0.012254820736818299,-0.04372326198387145,69.0262376744164,82.72138866609183,143.03204082575195,165.69632128001322,1.3552924394607544
recorded_obs-0629-01,new_latest,134,9.790626,0.4443086715533535,start_image_start_state,12,,0.009885989943097147,-0.10429099628827139,0.009885989943097147,-0.037163181006915895,69.16034650451512,80.99149213864511,143.39692691776258,163.91763374901467,1.3452028036117554
recorded_obs-0629-01,new_latest,134,9.790626,0.4443086715533535,start_image_start_state,13,,0.009424424308861678,-0.1032316269731181,0.009424424308861678,-0.03532520615602018,69.20383352525502,80.80296050280577,143.46308075700256,162.98234238092206,1.2839142084121704
recorded_obs-0629-01,new_latest,134,9.790626,0.4443086715533535,start_image_start_state,14,,0.00977485581500545,-0.10889354338199017,0.00977485581500545,-0.0403945499573283,69.18411357190189,81.77948483269473,143.41473406966475,164.86800760838,1.331040382385254
recorded_obs-0629-01,new_latest,134,9.790626,0.4443086715533535,start_image_start_state,15,,0.012292871363851772,-0.10914768878301162,0.012292871363851772,-0.042004909554964276,68.93801103750383,81.80887009047777,143.04403237950086,164.49720225129803,1.3475266695022583
recorded_obs-0629-01,new_latest,134,9.790626,0.4443086715533535,start_image_start_state,16,,0.0091254852615433,-0.1070201822451205,0.009764356319621048,-0.03993642300587197,69.21580778661512,81.48952754568013,143.51228673727803,164.60094436639238,1.3178516626358032
recorded_obs-0629-01,new_latest,134,9.790626,0.4443086715533535,start_image_start_state,17,,0.009938441807290062,-0.10487138957818165,0.009938441807290062,-0.03759214448179802,69.15142126976767,81.18057166483126,143.3929012342063,163.7928575676177,1.2841238975524902
recorded_obs-0629-01,new_latest,134,9.790626,0.4443086715533535,start_image_start_state,18,,0.011915018383329513,-0.10591106491965947,0.011915018383329513,-0.038988069339416585,68.85362565880409,81.3630654194714,143.10496079689486,164.44491767791163,1.281466007232666
recorded_obs-0629-01,new_latest,134,9.790626,0.4443086715533535,start_image_start_state,19,,0.012377269583034521,-0.09928646638936516,0.012377269583034521,-0.03916032802631898,68.88662545831679,80.35252423083732,143.03321788361154,163.09064597312184,1.343341588973999
recorded_obs-0629-01,new_latest,136,9.929213,0.4597378665824849,current_image_current_state,0,,0.3651662753126713,0.008350518500459508,0.3651662753126713,0.17758967437274367,15.47565391405708,72.20466369242934,100.4213557331501,155.99246341832145,1.8361510038375854
recorded_obs-0629-01,new_latest,136,9.929213,0.4597378665824849,current_image_current_state,1,,0.35393949669923325,0.0006678728368262803,0.35393949669923325,0.16964074546039423,16.91318886224145,74.07646459207682,101.93052641863795,157.9188522566384,1.8479822874069214
recorded_obs-0629-01,new_latest,136,9.929213,0.4597378665824849,current_image_current_state,2,,0.36952203470248973,0.02895692838376604,0.3706619788296264,0.19267216506465912,14.763352483587182,68.47579344870014,99.85735292293701,152.28540736565492,1.7178120613098145
recorded_obs-0629-01,new_latest,136,9.929213,0.4597378665824849,current_image_current_state,3,,0.36723870736081465,-0.0043416595002353986,0.36831874136483617,0.17183627976807084,15.109787275348923,73.94130225908792,100.16746800412082,157.7134145138886,1.9051233530044556
recorded_obs-0629-01,new_latest,136,9.929213,0.4597378665824849,current_image_current_state,4,,0.3602136746659143,0.005597904909047134,0.3672567003527249,0.17349187590670148,16.089856081115563,72.50817374448607,101.05414878725355,156.28071753672643,1.8671411275863647
recorded_obs-0629-01,new_latest,136,9.929213,0.4597378665824849,current_image_current_state,5,,0.36725781648317124,0.03197675470391409,0.36725781648317124,0.19018107079322655,15.116090192918927,68.4542206404917,100.18395864910825,152.33491960141524,1.72517991065979
recorded_obs-0629-01,new_latest,136,9.929213,0.4597378665824849,current_image_current_state,6,,0.3712337970060122,-0.0011132953849644265,0.3712337970060122,0.1738907195954607,14.607780896781382,72.91826825576477,99.69446244364613,156.7025607161938,1.9031484127044678
recorded_obs-0629-01,new_latest,136,9.929213,0.4597378665824849,current_image_current_state,7,,0.3658346949310115,-0.004246031777716958,0.3658346949310115,0.16657296492277038,15.236744703376983,73.80450158192916,100.26928669181571,157.57928348024114,1.9027961492538452
recorded_obs-0629-01,new_latest,136,9.929213,0.4597378665824849,current_image_current_state,8,,0.36439115820759627,0.005350203581601693,0.36439115820759627,0.173569781793378,15.633610649495738,72.41132322444409,100.63019945658424,156.17228687181697,1.8489274978637695
recorded_obs-0629-01,new_latest,136,9.929213,0.4597378665824849,current_image_current_state,9,,0.3680395906729046,-0.0011114853290510682,0.3680395906729046,0.17561182926403254,15.045210788140611,73.87422308981064,100.09584444359537,157.68642259897115,1.847887396812439
recorded_obs-0629-01,new_latest,136,9.929213,0.4597378665824849,current_image_current_state,10,,0.36332386399252586,0.007019798782417276,0.36332386399252586,0.1751793446462598,15.640316772288955,72.36870836870176,100.70981889047512,156.15220362562883,1.8342150449752808
recorded_obs-0629-01,new_latest,136,9.929213,0.4597378665824849,current_image_current_state,11,,0.37016441174518155,-0.0077534219708965514,0.37016441174518155,0.1687995539355659,14.711467597516389,74.75175354926193,99.74763840084836,158.48221890362183,1.9202089309692383
recorded_obs-0629-01,new_latest,136,9.929213,0.4597378665824849,current_image_current_state,12,,0.3686464656366069,0.012110699203266528,0.3686464656366069,0.18177869001162542,15.076101426837766,71.1636488864466,100.00840844410087,155.01662500492196,1.85720694065094
recorded_obs-0629-01,new_latest,136,9.929213,0.4597378665824849,current_image_current_state,13,,0.36571076096324673,0.024813814424804025,0.3678728630511816,0.18932575635415597,15.397022529139154,68.00769333211166,100.55707147240638,151.72924166420964,1.7512999773025513
recorded_obs-0629-01,new_latest,136,9.929213,0.4597378665824849,current_image_current_state,14,,0.36131998656143743,0.006051683725069087,0.3614205925060519,0.17455466056463892,15.977974953950286,72.29440899140921,100.9363350508849,156.10922354849725,1.7888810634613037
recorded_obs-0629-01,new_latest,136,9.929213,0.4597378665824849,current_image_current_state,15,,0.3625498275163039,0.0027075158058809954,0.3625498275163039,0.1703381742212091,15.809902963477745,72.55495852351727,100.82192124847904,156.3314166633383,1.837670922279358
recorded_obs-0629-01,new_latest,136,9.929213,0.4597378665824849,current_image_current_state,16,,0.36514548514904016,0.00853553839489781,0.3652128452655336,0.17442843999960103,15.476989256720307,71.75314795824085,100.47517302435173,155.58564019736934,1.823351263999939
recorded_obs-0629-01,new_latest,136,9.929213,0.4597378665824849,current_image_current_state,17,,0.3585826304627517,0.012974570550101323,0.36042107122912337,0.17901357865279882,16.321706807939677,70.67514181998072,101.33965063415393,154.41708205707974,1.7683779001235962
recorded_obs-0629-01,new_latest,136,9.929213,0.4597378665824849,current_image_current_state,18,,0.3691949552167001,0.006402057779738527,0.3691949552167001,0.1741306990031848,14.954177172118293,72.41047531889211,99.97758077566802,156.2243495540486,1.8311063051223755
recorded_obs-0629-01,new_latest,136,9.929213,0.4597378665824849,current_image_current_state,19,,0.3539523456815391,0.016788052895423677,0.3620471704796917,0.175126776561327,17.028477955745135,70.42742284662994,102.07223376738241,154.1837085242296,1.8362078666687012
recorded_obs-0629-01,new_latest,136,9.929213,0.4597378665824849,start_image_current_state,0,,0.37509737075021266,0.024359042848948468,0.37509737075021266,0.1924473167279358,14.447564429598572,69.39047807465298,99.1328985092105,153.1262721310531,1.798207402229309
recorded_obs-0629-01,new_latest,136,9.929213,0.4597378665824849,start_image_current_state,1,,0.3634455179377848,0.018507255005832272,0.3634455179377848,0.18508619012798191,15.883774416607983,70.9978939345342,100.6946850422354,154.7986515159419,1.793054223060608
recorded_obs-0629-01,new_latest,136,9.929213,0.4597378665824849,start_image_current_state,2,,0.38058282603305527,0.047174660440168846,0.38403026693067965,0.20891745340495102,13.58732851499789,65.35378083806553,98.42867155302602,149.0905572314687,1.6886892318725586
recorded_obs-0629-01,new_latest,136,9.929213,0.4597378665824849,start_image_current_state,3,,0.3782237567853754,0.011710239716141567,0.3806294127861458,0.18651425779667571,13.954720025176233,71.12029859634613,98.75323307841002,154.83821555698586,1.8721380233764648
recorded_obs-0629-01,new_latest,136,9.929213,0.4597378665824849,start_image_current_state,4,,0.3715394333122809,0.021949056835527794,0.38054942514872586,0.18852561956775948,14.865807267393267,69.68597659008432,99.58912702046453,153.39474619793103,1.8509464263916016
recorded_obs-0629-01,new_latest,136,9.929213,0.4597378665824849,start_image_current_state,5,,0.37762286608329376,0.05254079886168945,0.37762286608329376,0.2075094075175255,14.025728978470235,64.97916450196797,98.86153004796192,148.80316979052475,1.6726003885269165
recorded_obs-0629-01,new_latest,136,9.929213,0.4597378665824849,start_image_current_state,6,,0.38301925265119313,0.014873535271971855,0.38301925265119313,0.1879989888058165,13.398943161705299,70.05135639725351,98.20463049347873,153.76075947075526,1.864601492881775
recorded_obs-0629-01,new_latest,136,9.929213,0.4597378665824849,start_image_current_state,7,,0.3771586605767966,0.011089613141074171,0.3771586605767966,0.18036458898681143,13.999726800056962,71.10436246812556,98.79805253720049,154.81796954196003,1.874009370803833
recorded_obs-0629-01,new_latest,136,9.929213,0.4597378665824849,start_image_current_state,8,,0.37632965453492057,0.02252313177692306,0.37632965453492057,0.18844094082298027,14.353387901553907,69.47469450781335,99.07543415757931,153.1775109383979,1.8196005821228027
recorded_obs-0629-01,new_latest,136,9.929213,0.4597378665824849,start_image_current_state,9,,0.3797947357990182,0.014822933886044505,0.3797947357990182,0.19004056090342722,13.831022529637513,71.06224690655654,98.58896609643897,154.82284181917967,1.8089579343795776
recorded_obs-0629-01,new_latest,136,9.929213,0.4597378665824849,start_image_current_state,10,,0.3746514780997317,0.02486013653307485,0.3746514780997317,0.19086073373025575,14.406285904966477,69.36088981975038,99.22368683021203,153.0995987038839,1.7811427116394043
recorded_obs-0629-01,new_latest,136,9.929213,0.4597378665824849,start_image_current_state,11,,0.3818201543849008,0.006767859144755101,0.3818201543849008,0.18275432542562006,13.51616342110947,72.16666303621095,98.25847132296214,155.84962933367345,1.8941845893859863
recorded_obs-0629-01,new_latest,136,9.929213,0.4597378665824849,start_image_current_state,12,,0.3811119871313365,0.028450829287736745,0.3816720026054166,0.19714258916479893,13.78000100700143,68.293722199147,98.4226934563203,152.08461911373348,1.8334400653839111
recorded_obs-0629-01,new_latest,136,9.929213,0.4597378665824849,start_image_current_state,13,,0.37687752763927085,0.04280246873304168,0.3805228756102899,0.20593476442701547,14.197648390485044,64.94212986281657,99.10877005052195,148.56649006374596,1.7184094190597534
recorded_obs-0629-01,new_latest,136,9.929213,0.4597378665824849,start_image_current_state,14,,0.37254771319532054,0.023899395675534927,0.37429389278711883,0.18974586054574055,14.800986758723242,69.23465950544478,99.50881002658328,152.98241142378473,1.7491503953933716
recorded_obs-0629-01,new_latest,136,9.929213,0.4597378665824849,start_image_current_state,15,,0.3728440317682543,0.01691566670404734,0.3728440317682543,0.18362039240153244,14.730599873363394,70.04790121348925,99.49238610863794,153.76412559704258,1.8043535947799683
recorded_obs-0629-01,new_latest,136,9.929213,0.4597378665824849,start_image_current_state,16,,0.37593942099667205,0.026082280012043733,0.37731963210535713,0.18868595721155557,14.338335876456037,68.61148636813394,99.08023377283233,152.38457275982915,1.765992522239685
recorded_obs-0629-01,new_latest,136,9.929213,0.4597378665824849,start_image_current_state,17,,0.37060916341705497,0.03087237144630083,0.37328786881994636,0.1947468104738331,15.000064348314005,67.60534188416804,99.78354388095883,151.2602758183368,1.7334781885147095
recorded_obs-0629-01,new_latest,136,9.929213,0.4597378665824849,start_image_current_state,18,,0.3802046558626093,0.02351277555414954,0.3802046558626093,0.18922569651500115,13.827589883759481,69.42991336528198,98.57831733836673,153.182542969825,1.7907919883728027
recorded_obs-0629-01,new_latest,136,9.929213,0.4597378665824849,start_image_current_state,19,,0.3661562081322172,0.03350728371539561,0.37523327188357886,0.19022688755905692,15.677502041425125,67.49747275050436,100.49162399968822,151.1879335459443,1.809788703918457
recorded_obs-0629-01,new_latest,136,9.929213,0.4597378665824849,current_image_start_state,0,,0.004132404349617491,-0.11504118397030554,0.004132404349617491,-0.048880576355188755,72.3533646765972,85.04306382592549,144.2444024401236,165.77898311417889,1.361446499824524
recorded_obs-0629-01,new_latest,136,9.929213,0.4597378665824849,current_image_start_state,1,,0.005150914668940636,-0.1197094631767184,0.005150914668940636,-0.05040716775243608,72.32600177925185,85.80695378126302,144.0920783117494,167.04714425279968,1.420741319656372
recorded_obs-0629-01,new_latest,136,9.929213,0.4597378665824849,current_image_start_state,2,,0.004553097226477311,-0.10478956792961659,0.004553097226477311,-0.04353532694620337,72.39645002097795,83.47310341199643,144.1687120957013,163.8902241183175,1.252572774887085
recorded_obs-0629-01,new_latest,136,9.929213,0.4597378665824849,current_image_start_state,3,,0.003703984251646851,-0.1256565556166439,0.003703984251646851,-0.05371417694559632,72.48835708425585,86.57535238788797,144.2934420709532,167.25323746366684,1.379626989364624
recorded_obs-0629-01,new_latest,136,9.929213,0.4597378665824849,current_image_start_state,4,,0.004538388788822207,-0.11754489447286466,0.004538388788822207,-0.04982263573951467,72.38356143428757,85.38739759427969,144.18373457793314,165.94527826208073,1.3289614915847778
recorded_obs-0629-01,new_latest,136,9.929213,0.4597378665824849,current_image_start_state,5,,0.003380637770164004,-0.10277642387015563,0.003380637770164004,-0.04290629721337439,72.60700841124243,83.15928682967677,144.34413327549876,163.9699312398615,1.2833760976791382
recorded_obs-0629-01,new_latest,136,9.929213,0.4597378665824849,current_image_start_state,6,,0.004263246446306921,-0.12431258545313928,0.004263246446306921,-0.052188491728303185,72.42980881818234,86.33062585460304,144.21531588017683,166.73387253057362,1.3943504095077515
recorded_obs-0629-01,new_latest,136,9.929213,0.4597378665824849,current_image_start_state,7,,0.0029830608455938836,-0.11893485563933076,0.0029830608455938836,-0.05407783383371653,72.51232224619915,85.56298184799631,144.41085944813176,165.962589088787,1.318536639213562
recorded_obs-0629-01,new_latest,136,9.929213,0.4597378665824849,current_image_start_state,8,,0.0042585557943166695,-0.1191484752015261,0.0042585557943166695,-0.05083989918976645,72.39252368878235,85.64602654630822,144.22451836282588,166.21354156964952,1.3428888320922852
recorded_obs-0629-01,new_latest,136,9.929213,0.4597378665824849,current_image_start_state,9,,0.00204314536516461,-0.12229955805433018,0.0028356069147449803,-0.048715941515063046,72.71253394560604,86.15134999154927,144.53873383014695,167.20205743446087,1.3215585947036743
recorded_obs-0629-01,new_latest,136,9.929213,0.4597378665824849,current_image_start_state,10,,0.006146919925245944,-0.11761393054674997,0.006146919925245944,-0.049286779222847674,72.31270821033064,85.41984764545977,143.93155654246664,166.10707092882143,1.2998472452163696
recorded_obs-0629-01,new_latest,136,9.929213,0.4597378665824849,current_image_start_state,11,,0.006504417217970973,-0.12288184297011787,0.006504417217970973,-0.05320464725567855,72.33017421212568,86.26878169121734,143.86543564207037,166.85722245217616,1.3405191898345947
recorded_obs-0629-01,new_latest,136,9.929213,0.4597378665824849,current_image_start_state,12,,0.004065610483453646,-0.11394825586083171,0.004065610483453646,-0.047158395668772286,72.53583489047978,84.72099132891547,144.23583739726752,165.28801045833424,1.3134899139404297
recorded_obs-0629-01,new_latest,136,9.929213,0.4597378665824849,current_image_start_state,13,,0.0038749577731909735,-0.11108928280614523,0.0038749577731909735,-0.04501348630261967,72.48801439358712,84.33199991882252,144.2708206798987,164.091987155646,1.2632288932800293
recorded_obs-0629-01,new_latest,136,9.929213,0.4597378665824849,current_image_start_state,14,,0.004641712071704079,-0.11867326124870185,0.004641712071704079,-0.05023162647317555,72.40413887553147,85.50736850128347,144.1628097071243,166.19542334778822,1.337281584739685
recorded_obs-0629-01,new_latest,136,9.929213,0.4597378665824849,current_image_start_state,15,,0.007201175557291277,-0.11725116025734834,0.007201175557291277,-0.05140572217431805,72.1978010414339,85.31583434005711,143.78182171979725,165.58574733691276,1.3228000402450562
recorded_obs-0629-01,new_latest,136,9.929213,0.4597378665824849,current_image_start_state,16,,0.0034890894832900073,-0.11633117232111465,0.0040234029617413816,-0.04960935598792499,72.4982817819069,85.14158313649864,144.33378972438678,165.8809862026648,1.3048028945922852
recorded_obs-0629-01,new_latest,136,9.929213,0.4597378665824849,current_image_start_state,17,,0.004506353837025671,-0.1145271801772932,0.004506353837025671,-0.047329974867872444,72.40155558881594,84.92687032349198,144.18342211800345,165.13462582669533,1.2823230028152466
recorded_obs-0629-01,new_latest,136,9.929213,0.4597378665824849,current_image_start_state,18,,0.006341099440399959,-0.11560739910244028,0.006341099440399959,-0.04909500496035874,72.18558421447221,85.0536491968539,143.90913366115691,165.75898957359723,1.2615505456924438
recorded_obs-0629-01,new_latest,136,9.929213,0.4597378665824849,current_image_start_state,19,,0.006622722989004077,-0.10880270482227306,0.006622722989004077,-0.04903854688525525,72.22690225699094,84.06888119137633,143.86414633725022,164.37312917283018,1.3115708827972412
recorded_obs-0629-01,new_latest,136,9.929213,0.4597378665824849,start_image_start_state,0,,0.009489119619221926,-0.1056853061274412,0.009489119619221926,-0.03895440727169432,71.79737582820461,83.6906525629512,143.46602904729656,164.52704319808439,1.3769086599349976
recorded_obs-0629-01,new_latest,136,9.929213,0.4597378665824849,start_image_start_state,1,,0.010546327824346545,-0.10921566281550392,0.010546327824346545,-0.039857187316914365,71.75337145676805,84.29587505146321,143.31116017608198,165.64414733010634,1.4317240715026855
recorded_obs-0629-01,new_latest,136,9.929213,0.4597378665824849,start_image_start_state,2,,0.010116197677508779,-0.09569230272787393,0.010116197677508779,-0.033622822144611736,71.80416538268052,82.17168318740609,143.3616666589989,162.65797864371336,1.2650172710418701
recorded_obs-0629-01,new_latest,136,9.929213,0.4597378665824849,start_image_start_state,3,,0.008993735835141799,-0.11643902542752144,0.008993735835141799,-0.04412858646583145,71.93729794318998,85.23469619344084,143.52737936319963,165.99857720146824,1.3779957294464111
recorded_obs-0629-01,new_latest,136,9.929213,0.4597378665824849,start_image_start_state,4,,0.0098867385316906,-0.10832601748033174,0.0098867385316906,-0.03978391291460033,71.83934915587416,84.05883173512231,143.40726420150673,164.6877670599111,1.3492422103881836
recorded_obs-0629-01,new_latest,136,9.929213,0.4597378665824849,start_image_start_state,5,,0.008631474697856285,-0.09212233957830789,0.008631474697856285,-0.03209050449995331,72.09319409288629,81.62232772859333,143.57879328610326,162.5353595034284,1.3032740354537964
recorded_obs-0629-01,new_latest,136,9.929213,0.4597378665824849,start_image_start_state,6,,0.009884152943537441,-0.11514272997441584,0.009884152943537441,-0.0427804985817067,71.86886684277947,84.9963416394919,143.39654156204023,165.4370501625658,1.3978278636932373
recorded_obs-0629-01,new_latest,136,9.929213,0.4597378665824849,start_image_start_state,7,,0.008546127870240349,-0.11032669155952958,0.008546127870240349,-0.04477578976060317,71.9312546901214,84.2960003606642,143.60271791641514,164.81692204997793,1.3467316627502441
recorded_obs-0629-01,new_latest,136,9.929213,0.4597378665824849,start_image_start_state,8,,0.00957168784609101,-0.10961812623120847,0.00957168784609101,-0.0409622803788935,71.83845345736077,84.25750408035861,143.45488638865464,164.9330740165009,1.3594926595687866
recorded_obs-0629-01,new_latest,136,9.929213,0.4597378665824849,start_image_start_state,9,,0.007916985035943066,-0.11345648988709445,0.008807054839146915,-0.03872657800258071,72.12280972445619,84.86241526009066,143.6816882394037,166.01074373230205,1.335360050201416
recorded_obs-0629-01,new_latest,136,9.929213,0.4597378665824849,start_image_start_state,10,,0.011505096335603735,-0.10753443072785056,0.011505096335603735,-0.03928137693646118,71.7777433615824,83.95867398057214,143.1526552794666,164.77204147639216,1.3157572746276855
recorded_obs-0629-01,new_latest,136,9.929213,0.4597378665824849,start_image_start_state,11,,0.012254820736818299,-0.11432679650080214,0.012254820736818299,-0.04372326198387145,71.74405579169793,85.01661952118202,143.03204082575195,165.69632128001322,1.3552924394607544
recorded_obs-0629-01,new_latest,136,9.929213,0.4597378665824849,start_image_start_state,12,,0.009885989943097147,-0.10429099628827139,0.009885989943097147,-0.037163181006915895,71.87731615197347,83.3132276488156,143.39692691776258,163.91763374901467,1.3452028036117554
recorded_obs-0629-01,new_latest,136,9.929213,0.4597378665824849,start_image_start_state,13,,0.009424424308861678,-0.1032316269731181,0.009424424308861678,-0.03532520615602018,71.91721052002713,83.18638182709294,143.46308075700256,162.98234238092206,1.2839142084121704
recorded_obs-0629-01,new_latest,136,9.929213,0.4597378665824849,start_image_start_state,14,,0.00977485581500545,-0.10889354338199017,0.00977485581500545,-0.0403945499573283,71.90130031398257,84.0738265361441,143.41473406966475,164.86800760838,1.331040382385254
recorded_obs-0629-01,new_latest,136,9.929213,0.4597378665824849,start_image_start_state,15,,0.012292871363851772,-0.10914768878301162,0.012292871363851772,-0.042004909554964276,71.65695866232005,84.1414966976186,143.04403237950086,164.49720225129803,1.3475266695022583
recorded_obs-0629-01,new_latest,136,9.929213,0.4597378665824849,start_image_start_state,16,,0.0091254852615433,-0.1070201822451205,0.009764356319621048,-0.03993642300587197,71.9317561366861,83.79028612474866,143.51228673727803,164.60094436639238,1.3178516626358032
recorded_obs-0629-01,new_latest,136,9.929213,0.4597378665824849,start_image_start_state,17,,0.009938441807290062,-0.10487138957818165,0.009938441807290062,-0.03759214448179802,71.86805870566651,83.51857209734882,143.3929012342063,163.7928575676177,1.2841238975524902
recorded_obs-0629-01,new_latest,136,9.929213,0.4597378665824849,start_image_start_state,18,,0.011915018383329513,-0.10591106491965947,0.011915018383329513,-0.038988069339416585,71.57041217746696,83.66260280224196,143.10496079689486,164.44491767791163,1.281466007232666
recorded_obs-0629-01,new_latest,136,9.929213,0.4597378665824849,start_image_start_state,19,,0.012377269583034521,-0.09928646638936516,0.012377269583034521,-0.03916032802631898,71.60512803207506,82.68331584904661,143.03321788361154,163.09064597312184,1.343341588973999
recorded_obs-0629-01,new_latest,151,10.933671,0.45630274731149434,current_image_current_state,0,,0.3398517161010397,-0.03743553005581602,0.3398517161010397,0.14421745902653987,18.602406940296763,73.08523822588128,112.26252224940194,164.12685926076423,1.8368741273880005
recorded_obs-0629-01,new_latest,151,10.933671,0.45630274731149434,current_image_current_state,1,,0.32720063386242226,-0.04336959764441264,0.32720063386242226,0.13720100405156566,20.264593446630645,74.04393524117548,113.95954961631426,165.92965465823966,1.7971099615097046
recorded_obs-0629-01,new_latest,151,10.933671,0.45630274731149434,current_image_current_state,2,,0.3430515527268046,-0.01652764372275482,0.34929297321209646,0.1616596970434041,18.142055101915794,69.98404365051982,111.91156490752837,160.1313097931985,1.7616750001907349
recorded_obs-0629-01,new_latest,151,10.933671,0.45630274731149434,current_image_current_state,3,,0.34284331715538363,-0.049574272105774454,0.3453367097886238,0.13782226961695063,18.247250753337887,74.82423705974963,111.84159964454089,165.7968023317385,1.909008502960205
recorded_obs-0629-01,new_latest,151,10.933671,0.45630274731149434,current_image_current_state,4,,0.3331403589302949,-0.04075912390338621,0.3444849540955342,0.14083696569423043,19.541142290748876,73.5977011647891,113.05056576462627,164.43157228434495,1.8948705196380615
recorded_obs-0629-01,new_latest,151,10.933671,0.45630274731149434,current_image_current_state,5,,0.34227323401305104,-0.014009455205358387,0.34227323401305104,0.1585337158262578,18.42754693045767,69.57744913968016,111.93070442755841,160.19279325754854,1.714343786239624
recorded_obs-0629-01,new_latest,151,10.933671,0.45630274731149434,current_image_current_state,6,,0.3479097272297621,-0.048045331561894784,0.3479097272297621,0.14067911754784057,17.559780512465263,74.6006327096958,111.34868103418769,164.88089177012588,1.92201566696167
recorded_obs-0629-01,new_latest,151,10.933671,0.45630274731149434,current_image_current_state,7,,0.3411754389743969,-0.04977479560294155,0.3422734595745051,0.13333833516199112,18.48282103989809,74.88341821656016,112.02922447192518,165.7002173313256,1.921488642692566
recorded_obs-0629-01,new_latest,151,10.933671,0.45630274731149434,current_image_current_state,8,,0.3383423787498766,-0.03868360627752361,0.33878093734681847,0.14062660790372705,18.804760115883393,73.3328087202666,112.55265106938305,164.00651523637174,1.85775887966156
recorded_obs-0629-01,new_latest,151,10.933671,0.45630274731149434,current_image_current_state,9,,0.3444078201668609,-0.045113739598158016,0.3444078201668609,0.14427524823112936,18.037737747291914,74.21229216698131,111.8570740276869,165.43679710405544,1.8516085147857666
recorded_obs-0629-01,new_latest,151,10.933671,0.45630274731149434,current_image_current_state,10,,0.33679496550513166,-0.03894125122460157,0.33679496550513166,0.14267027734930765,19.01372071274183,73.33961177801318,112.70098313083727,164.32529056385005,1.8029472827911377
recorded_obs-0629-01,new_latest,151,10.933671,0.45630274731149434,current_image_current_state,11,,0.34460818205688987,-0.054837469445068156,0.34460818205688987,0.13502324820162967,17.9804083336754,75.71471612566131,111.65766621998173,166.78939048634163,1.905944585800171
recorded_obs-0629-01,new_latest,151,10.933671,0.45630274731149434,current_image_current_state,12,,0.34336530400866555,-0.03407397057005404,0.3442792561395924,0.14879621840958446,18.06833576009602,72.43237877722652,112.08119893452972,163.17705470783972,1.8755340576171875
recorded_obs-0629-01,new_latest,151,10.933671,0.45630274731149434,current_image_current_state,13,,0.34099283425646926,-0.020620916171788475,0.34507105701338847,0.1583583750526451,18.34109587089158,70.60271756364149,112.42057322606793,159.58010049318108,1.7944140434265137
recorded_obs-0629-01,new_latest,151,10.933671,0.45630274731149434,current_image_current_state,14,,0.33497039860378736,-0.036530344976726144,0.33606641835683115,0.14198422866610366,19.23103633438763,72.91201484439975,113.02140582563716,163.61930165448422,1.7859801054000854
recorded_obs-0629-01,new_latest,151,10.933671,0.45630274731149434,current_image_current_state,15,,0.335099627194531,-0.04363151494617079,0.3367260834604841,0.13795953470978883,19.211026501222953,73.9322279842781,112.96979781644734,164.65945606695075,1.8708244562149048
recorded_obs-0629-01,new_latest,151,10.933671,0.45630274731149434,current_image_current_state,16,,0.33867966070078104,-0.03728363569903699,0.3436045035938792,0.14143592532274768,18.83418613629497,72.95335540546704,112.340964518644,163.58830447157817,1.8375169038772583
recorded_obs-0629-01,new_latest,151,10.933671,0.45630274731149434,current_image_current_state,17,,0.33263420315088227,-0.029985352948725362,0.3375272614659883,0.14791894043632087,19.53914282095623,71.9791505194246,113.3281875193015,161.873353885898,1.7892873287200928
recorded_obs-0629-01,new_latest,151,10.933671,0.45630274731149434,current_image_current_state,18,,0.34420662216844283,-0.03901209766978387,0.34420662216844283,0.14243551965090673,18.009883499002136,73.30001870740108,111.86583730383761,164.23775475198846,1.8250713348388672
recorded_obs-0629-01,new_latest,151,10.933671,0.45630274731149434,current_image_current_state,19,,0.3262399431246235,-0.02996389390729806,0.3396192689726005,0.14206338085009093,20.271404634499763,71.99927140030275,114.2682426362495,162.2149975477719,1.8733887672424316
recorded_obs-0629-01,new_latest,151,10.933671,0.45630274731149434,start_image_current_state,0,,0.3514365565018686,-0.0005719651378971144,0.35326253795410456,0.17153058389372855,17.019259929289955,67.64730796725115,111.14434481995517,158.22375115984502,1.7298870086669922
recorded_obs-0629-01,new_latest,151,10.933671,0.45630274731149434,start_image_current_state,1,,0.3394208701365067,-0.00725719651407258,0.3401455888474338,0.1640978204088001,18.59720652513685,68.66025478174882,112.78041803524671,160.21640751427174,1.703285813331604
recorded_obs-0629-01,new_latest,151,10.933671,0.45630274731149434,start_image_current_state,2,,0.3539890533447599,0.02241354743743669,0.3627359767522563,0.19054932208241337,16.654975806386634,64.36876429440122,110.8567099824927,153.92641626583855,1.6677120923995972
recorded_obs-0629-01,new_latest,151,10.933671,0.45630274731149434,start_image_current_state,3,,0.35302930046767605,-0.015499951772832208,0.3576687832712895,0.1636049874207433,16.872794517800553,69.80431362667922,110.87053581082984,160.33276484286992,1.8197747468948364
recorded_obs-0629-01,new_latest,151,10.933671,0.45630274731149434,start_image_current_state,4,,0.3468009808066693,-0.005345373751739203,0.35732120273103346,0.16736465357931574,17.687801782686243,68.40705993496476,111.6953605109599,158.7501327425657,1.7914141416549683
recorded_obs-0629-01,new_latest,151,10.933671,0.45630274731149434,start_image_current_state,5,,0.3522815398706687,0.029881940188151754,0.35354131977223097,0.18868145727675137,17.057282719786823,63.2375778529181,111.01645763332859,153.23406408104032,1.5976332426071167
recorded_obs-0629-01,new_latest,151,10.933671,0.45630274731149434,start_image_current_state,6,,0.3572613757032479,-0.013348585783417717,0.3572613757032479,0.1658143174519403,16.27909170997043,69.5418739949626,110.49457567522602,159.22641936167446,1.833500862121582
recorded_obs-0629-01,new_latest,151,10.933671,0.45630274731149434,start_image_current_state,7,,0.35172967944176364,-0.017249764544180788,0.35316195633301395,0.15747965388190147,17.033102229043568,70.09987371447696,111.05451340820856,160.490385015485,1.8355342149734497
recorded_obs-0629-01,new_latest,151,10.933671,0.45630274731149434,start_image_current_state,8,,0.35010611050649887,-0.003605081575974772,0.35197971678311324,0.16597321599749562,17.234605589970396,68.1885232227726,111.3835383086435,158.37649073517815,1.768195629119873
recorded_obs-0629-01,new_latest,151,10.933671,0.45630274731149434,start_image_current_state,9,,0.3543514439581349,-0.009587052634018078,0.3543514439581349,0.1699195299189391,16.673488452070288,68.97693313561919,110.95351995410769,159.7902166888167,1.7517503499984741
recorded_obs-0629-01,new_latest,151,10.933671,0.45630274731149434,start_image_current_state,10,,0.3493280711214057,-0.0016385045572342384,0.3493280711214057,0.1701289794082368,17.29898657045733,67.8527144241768,111.47378780809461,158.4123365914299,1.7061059474945068
recorded_obs-0629-01,new_latest,151,10.933671,0.45630274731149434,start_image_current_state,11,,0.355752550175457,-0.02370515832466562,0.355752550175457,0.15930567104050447,16.48258253995945,71.10131890185093,110.58638687416439,161.77659239659837,1.8117481470108032
recorded_obs-0629-01,new_latest,151,10.933671,0.45630274731149434,start_image_current_state,12,,0.3542735525159322,0.0025510801679219856,0.35705648373010285,0.17590334771363197,16.610996575973125,67.07186384092972,111.00547800871105,157.3019724684287,1.7724095582962036
recorded_obs-0629-01,new_latest,151,10.933671,0.45630274731149434,start_image_current_state,13,,0.35154531506116865,0.018653182106897842,0.3566175281694495,0.18729431216990083,16.91283288178096,65.08378639458331,111.4174397763561,153.29894618269017,1.6890943050384521
recorded_obs-0629-01,new_latest,151,10.933671,0.45630274731149434,start_image_current_state,14,,0.3464785851433973,-0.00015896995421389926,0.35079355197176226,0.16814929345201662,17.68203166185585,67.59375336159384,111.89330797166609,157.86078369845637,1.6906911134719849
recorded_obs-0629-01,new_latest,151,10.933671,0.45630274731149434,start_image_current_state,15,,0.34802845925616327,-0.010918875015003937,0.3483953724184792,0.16236799355846687,17.461979338442514,69.1465832758767,111.67346799617893,159.3782677674123,1.7731642723083496
recorded_obs-0629-01,new_latest,151,10.933671,0.45630274731149434,start_image_current_state,16,,0.3504323033311,-0.00024991826078522183,0.3572629349569067,0.166967079295555,17.23108942920219,67.53086768867233,111.244866022233,157.60653267965736,1.7493867874145508
recorded_obs-0629-01,new_latest,151,10.933671,0.45630274731149434,start_image_current_state,17,,0.3445694011212601,0.006541403247973181,0.3501495648405144,0.17534540971255982,17.89225896393646,66.72563520006695,112.18031967957687,155.92790963599796,1.6927355527877808
recorded_obs-0629-01,new_latest,151,10.933671,0.45630274731149434,start_image_current_state,18,,0.3540532996582942,-0.0030109229548056027,0.3541641154768114,0.16897526052015385,16.673149722190743,68.00954734755541,110.94673920703471,158.47331883891496,1.7281222343444824
recorded_obs-0629-01,new_latest,151,10.933671,0.45630274731149434,start_image_current_state,19,,0.3399752245577128,0.006324373375099648,0.3522982869106266,0.1683592950015571,18.416370742498955,66.7422433181654,112.83776630149421,156.3461800856324,1.7843198776245117
recorded_obs-0629-01,new_latest,151,10.933671,0.45630274731149434,current_image_start_state,0,,0.001386182459165173,-0.12621327462872933,0.001386182459165173,-0.05547235426288425,86.69152168973203,89.61303998995825,144.64646458564835,167.45241416170896,1.369500994682312
recorded_obs-0629-01,new_latest,151,10.933671,0.45630274731149434,current_image_start_state,1,,0.0023775232161645237,-0.13011513404298505,0.0023775232161645237,-0.056681478289157705,86.75811909489981,89.39549556861671,144.5012068603791,168.5938482997946,1.423472285270691
recorded_obs-0629-01,new_latest,151,10.933671,0.45630274731149434,current_image_start_state,2,,0.001717618473836602,-0.11567233863193914,0.001717618473836602,-0.050198053690671166,86.80526125533508,88.73439604901003,144.58390427337383,165.46914790183703,1.2541042566299438
recorded_obs-0629-01,new_latest,151,10.933671,0.45630274731149434,current_image_start_state,3,,0.000946874968643345,-0.13525062388395723,0.000946874968643345,-0.05994602966471336,86.8448263935315,90.8793563809562,144.70172985043453,168.70941284813404,1.3846999406814575
recorded_obs-0629-01,new_latest,151,10.933671,0.45630274731149434,current_image_start_state,4,,0.0019211313893918104,-0.12763321232476008,0.0019211313893918104,-0.05597875449945491,86.71605809426424,90.12294987598429,144.57349758145264,167.44010500708148,1.348941683769226
recorded_obs-0629-01,new_latest,151,10.933671,0.45630274731149434,current_image_start_state,5,,0.0004578632842771321,-0.11450163014155842,0.0004578632842771321,-0.049689893010130846,87.15402204596639,87.94718505227927,144.76931719118937,165.7164725481058,1.2857747077941895
recorded_obs-0629-01,new_latest,151,10.933671,0.45630274731149434,current_image_start_state,6,,0.0010723498634723928,-0.13486789634705462,0.0010723498634723928,-0.05822718353074629,86.94954686101642,91.43988775360691,144.6816069816694,168.29798385606182,1.3971303701400757
recorded_obs-0629-01,new_latest,151,10.933671,0.45630274731149434,current_image_start_state,7,,-0.00013025416767463037,-0.12941572916157698,-0.00013025416767463037,-0.05995265382292517,86.8671138988756,90.58563922167585,144.87004156942106,167.5281761422622,1.3370952606201172
recorded_obs-0629-01,new_latest,151,10.933671,0.45630274731149434,current_image_start_state,8,,0.0017147981927698858,-0.12864268323266562,0.0017147981927698858,-0.056839981078744994,86.63778730045034,90.2930918285985,144.6052736478951,167.61102171530354,1.3542078733444214
recorded_obs-0629-01,new_latest,151,10.933671,0.45630274731149434,current_image_start_state,9,,-0.0004432362308216882,-0.1333456589161047,-0.0004432362308216882,-0.05518427496952114,87.04953074607342,90.13282187985716,144.90290246299838,168.84790203796106,1.3356084823608398
recorded_obs-0629-01,new_latest,151,10.933671,0.45630274731149434,current_image_start_state,10,,0.0031117950451644482,-0.127338148567665,0.0031117950451644482,-0.05546033975811678,86.86219068672024,89.87041677849533,144.3748742710354,167.5659689537602,1.322516679763794
recorded_obs-0629-01,new_latest,151,10.933671,0.45630274731149434,current_image_start_state,11,,0.003724608110414303,-0.13240420138927686,0.003724608110414303,-0.059117948927523575,86.91426859645395,90.6987129257985,144.27429685093728,168.25422134451242,1.3567686080932617
recorded_obs-0629-01,new_latest,151,10.933671,0.45630274731149434,current_image_start_state,12,,0.0017151341286886343,-0.1248291670595479,0.0017151341286886343,-0.053700403713217555,86.91795135764873,89.6894050960527,144.58365486090426,166.89930609316286,1.3275399208068848
recorded_obs-0629-01,new_latest,151,10.933671,0.45630274731149434,current_image_start_state,13,,0.0008137370842098333,-0.12171115521213176,0.0008137370842098333,-0.051266161324441686,86.96122975539734,90.54309357187472,144.71948774400178,165.65116812725645,1.285779595375061
recorded_obs-0629-01,new_latest,151,10.933671,0.45630274731149434,current_image_start_state,14,,0.001400954317393685,-0.12910887823210482,0.001400954317393685,-0.056346668584320185,86.89299880584849,90.12368760755882,144.6370429260588,167.75256191238313,1.3358020782470703
recorded_obs-0629-01,new_latest,151,10.933671,0.45630274731149434,current_image_start_state,15,,0.004318297969647881,-0.12752205271669434,0.004318297969647881,-0.05733133493473704,86.74102852361918,90.53756587085668,144.20689611118485,167.10941797543944,1.33226478099823
recorded_obs-0629-01,new_latest,151,10.933671,0.45630274731149434,current_image_start_state,16,,0.001184260503302039,-0.1274659000001195,0.001184260503302039,-0.05600334182796163,86.78064242062987,89.75510061998108,144.67596775966078,167.56100772572526,1.3167834281921387
recorded_obs-0629-01,new_latest,151,10.933671,0.45630274731149434,current_image_start_state,17,,0.0015837030298343148,-0.12465406104065144,0.0015837030298343148,-0.053412283840045406,86.85264788042696,90.26880924001986,144.61445330451807,166.62050222067475,1.2981195449829102
recorded_obs-0629-01,new_latest,151,10.933671,0.45630274731149434,current_image_start_state,18,,0.0030845914404567677,-0.1259729994538304,0.0030845914404567677,-0.055364550774760546,86.65604610673296,89.6285513814852,144.38854815808656,167.31473287137342,1.280527949333191
recorded_obs-0629-01,new_latest,151,10.933671,0.45630274731149434,current_image_start_state,19,,0.0044466304631655944,-0.11871131770637164,0.0044466304631655944,-0.055040134660860926,86.53640550831847,89.2972083977417,144.19179238728933,165.83273110170538,1.314642310142517
recorded_obs-0629-01,new_latest,151,10.933671,0.45630274731149434,start_image_start_state,0,,0.009489119619221926,-0.1056853061274412,0.009489119619221926,-0.03895440727169432,85.91491371865338,86.72453969443279,143.46602904729656,164.52704319808439,1.3769086599349976
recorded_obs-0629-01,new_latest,151,10.933671,0.45630274731149434,start_image_start_state,1,,0.010546327824346545,-0.10921566281550392,0.010546327824346545,-0.039857187316914365,86.03848909693379,86.39155866854664,143.31116017608198,165.64414733010634,1.4317240715026855
recorded_obs-0629-01,new_latest,151,10.933671,0.45630274731149434,start_image_start_state,2,,0.010116197677508779,-0.09569230272787393,0.010116197677508779,-0.033622822144611736,86.035279348874,85.89375914840599,143.3616666589989,162.65797864371336,1.2650172710418701
recorded_obs-0629-01,new_latest,151,10.933671,0.45630274731149434,start_image_start_state,3,,0.008993735835141799,-0.11643902542752144,0.008993735835141799,-0.04412858646583145,86.11214734988859,88.24580137525442,143.52737936319963,165.99857720146824,1.3779957294464111
recorded_obs-0629-01,new_latest,151,10.933671,0.45630274731149434,start_image_start_state,4,,0.0098867385316906,-0.10832601748033174,0.0098867385316906,-0.03978391291460033,86.06532861624737,87.40209930370014,143.40726420150673,164.6877670599111,1.3492422103881836
recorded_obs-0629-01,new_latest,151,10.933671,0.45630274731149434,start_image_start_state,5,,0.008631474697856285,-0.09212233957830789,0.008631474697856285,-0.03209050449995331,86.4210575670247,84.78112718851862,143.57879328610326,162.5353595034284,1.3032740354537964
recorded_obs-0629-01,new_latest,151,10.933671,0.45630274731149434,start_image_start_state,6,,0.009884152943537441,-0.11514272997441584,0.009884152943537441,-0.0427804985817067,86.11870465292438,88.73682595046401,143.39654156204023,165.4370501625658,1.3978278636932373
recorded_obs-0629-01,new_latest,151,10.933671,0.45630274731149434,start_image_start_state,7,,0.008546127870240349,-0.11032669155952958,0.008546127870240349,-0.04477578976060317,86.0850284977362,87.87332589641784,143.60271791641514,164.81692204997793,1.3467316627502441
recorded_obs-0629-01,new_latest,151,10.933671,0.45630274731149434,start_image_start_state,8,,0.00957168784609101,-0.10961812623120847,0.00957168784609101,-0.0409622803788935,85.99927844141757,87.55726119873478,143.45488638865464,164.9330740165009,1.3594926595687866
recorded_obs-0629-01,new_latest,151,10.933671,0.45630274731149434,start_image_start_state,9,,0.007916985035943066,-0.11345648988709445,0.008807054839146915,-0.03872657800258071,86.33934293790364,87.30656201938807,143.6816882394037,166.01074373230205,1.335360050201416
recorded_obs-0629-01,new_latest,151,10.933671,0.45630274731149434,start_image_start_state,10,,0.011505096335603735,-0.10753443072785056,0.011505096335603735,-0.03928137693646118,86.13058081814039,87.02216053621719,143.1526552794666,164.77204147639216,1.3157572746276855
recorded_obs-0629-01,new_latest,151,10.933671,0.45630274731149434,start_image_start_state,11,,0.012254820736818299,-0.11432679650080214,0.012254820736818299,-0.04372326198387145,86.15978551300219,88.10712185089933,143.03204082575195,165.69632128001322,1.3552924394607544
recorded_obs-0629-01,new_latest,151,10.933671,0.45630274731149434,start_image_start_state,12,,0.009885989943097147,-0.10429099628827139,0.009885989943097147,-0.037163181006915895,86.09924632549168,86.8761620668542,143.39692691776258,163.91763374901467,1.3452028036117554
recorded_obs-0629-01,new_latest,151,10.933671,0.45630274731149434,start_image_start_state,13,,0.009424424308861678,-0.1032316269731181,0.009424424308861678,-0.03532520615602018,86.21527342962457,88.01496337458879,143.46308075700256,162.98234238092206,1.2839142084121704
recorded_obs-0629-01,new_latest,151,10.933671,0.45630274731149434,start_image_start_state,14,,0.00977485581500545,-0.10889354338199017,0.00977485581500545,-0.0403945499573283,86.14240753781023,87.26801567693818,143.41473406966475,164.86800760838,1.331040382385254
recorded_obs-0629-01,new_latest,151,10.933671,0.45630274731149434,start_image_start_state,15,,0.012292871363851772,-0.10914768878301162,0.012292871363851772,-0.042004909554964276,86.03404964221117,87.93823913803823,143.04403237950086,164.49720225129803,1.3475266695022583
recorded_obs-0629-01,new_latest,151,10.933671,0.45630274731149434,start_image_start_state,16,,0.0091254852615433,-0.1070201822451205,0.009764356319621048,-0.03993642300587197,86.11513582219953,86.92624170192028,143.51228673727803,164.60094436639238,1.3178516626358032
recorded_obs-0629-01,new_latest,151,10.933671,0.45630274731149434,start_image_start_state,17,,0.009938441807290062,-0.10487138957818165,0.009938441807290062,-0.03759214448179802,86.13531306367273,87.50966825679261,143.3929012342063,163.7928575676177,1.2841238975524902
recorded_obs-0629-01,new_latest,151,10.933671,0.45630274731149434,start_image_start_state,18,,0.011915018383329513,-0.10591106491965947,0.011915018383329513,-0.038988069339416585,85.79558340773369,86.80347523118405,143.10496079689486,164.44491767791163,1.281466007232666
recorded_obs-0629-01,new_latest,151,10.933671,0.45630274731149434,start_image_start_state,19,,0.012377269583034521,-0.09928646638936516,0.012377269583034521,-0.03916032802631898,85.87880265364682,86.54601213224669,143.03321788361154,163.09064597312184,1.343341588973999
recorded_obs-0629-01,new_latest,153,11.07203,0.44399400131658134,current_image_current_state,0,,0.3307079263615477,-0.03814093554350373,0.33141901122681133,0.1398634469327121,18.18404078285919,71.20573302309523,113.97781593912929,163.43808460941756,1.7976881265640259
recorded_obs-0629-01,new_latest,153,11.07203,0.44399400131658134,current_image_current_state,1,,0.3179430935999989,-0.0443796928252874,0.31861749695387115,0.1329452082748908,19.8814379852972,72.09747296298015,115.70282560536165,165.29929555091138,1.7545280456542969
recorded_obs-0629-01,new_latest,153,11.07203,0.44399400131658134,current_image_current_state,2,,0.3345813321025005,-0.016642865524069343,0.34069522595434476,0.15708250672613608,17.657849472888923,68.1333576390902,113.54097212652579,159.36039456877728,1.7241182327270508
recorded_obs-0629-01,new_latest,153,11.07203,0.44399400131658134,current_image_current_state,3,,0.3336541815029624,-0.05153131624230358,0.3372419865862571,0.13283524299068036,17.87756465504732,73.10830390942535,113.53380981854225,165.34699964451812,1.8676791191101074
recorded_obs-0629-01,new_latest,153,11.07203,0.44399400131658134,current_image_current_state,4,,0.32420862792979566,-0.04255028742745574,0.3356454332292061,0.1360937626260397,19.110897321120472,71.87249109004881,114.73384446120998,163.89372664110059,1.8542906045913696
recorded_obs-0629-01,new_latest,153,11.07203,0.44399400131658134,current_image_current_state,5,,0.332621456096125,-0.013271975792780602,0.332621456096125,0.154618013837296,18.12254989607091,67.56882821378204,113.68020193784757,159.2632853485015,1.6734530925750732
recorded_obs-0629-01,new_latest,153,11.07203,0.44399400131658134,current_image_current_state,6,,0.3380549613824096,-0.04978465345998962,0.3380549613824096,0.13566597097959265,17.292624923545866,72.92244203463787,113.10490056910513,164.33644507617956,1.88637113571167
recorded_obs-0629-01,new_latest,153,11.07203,0.44399400131658134,current_image_current_state,7,,0.33198233301656493,-0.051891041922911545,0.3335885550524671,0.12825638078085522,18.102328936593658,73.21080056111244,113.75479583680874,165.22803482243046,1.880223035812378
recorded_obs-0629-01,new_latest,153,11.07203,0.44399400131658134,current_image_current_state,8,,0.3289963878284327,-0.04045073389077384,0.3300503795683257,0.13545957934820937,18.470722776915565,71.62713247740086,114.23513534438415,163.49136002736788,1.8264940977096558
recorded_obs-0629-01,new_latest,153,11.07203,0.44399400131658134,current_image_current_state,9,,0.33490089602484546,-0.04573123188214436,0.33490089602484546,0.13989517088483683,17.70783636934955,72.28762425972695,113.57891006381213,164.73163008662866,1.8013182878494263
recorded_obs-0629-01,new_latest,153,11.07203,0.44399400131658134,current_image_current_state,10,,0.32798015719575213,-0.03959346667640571,0.32798015719575213,0.1379571465510133,18.555256337909455,71.45663733807574,114.37433980100086,163.71780784439622,1.7651435136795044
recorded_obs-0629-01,new_latest,153,11.07203,0.44399400131658134,current_image_current_state,11,,0.33552351484772197,-0.056424498618964855,0.33552351484772197,0.12977225601705664,17.58740496644777,73.93256623213085,113.35330957031782,166.27356166531544,1.8708175420761108
recorded_obs-0629-01,new_latest,153,11.07203,0.44399400131658134,current_image_current_state,12,,0.3355618438919361,-0.03514221458660826,0.3356679326659237,0.14411072827821875,17.51121924410532,70.63173908860479,113.58005866286071,162.52544348581043,1.8325947523117065
recorded_obs-0629-01,new_latest,153,11.07203,0.44399400131658134,current_image_current_state,13,,0.33102304067380933,-0.022016684393617474,0.3365634392798228,0.1534893773922612,18.08572585882125,69.08653892125342,114.17245730343708,158.9908198414343,1.7650794982910156
recorded_obs-0629-01,new_latest,153,11.07203,0.44399400131658134,current_image_current_state,14,,0.32581796317345946,-0.0377548113479823,0.3291282603543939,0.13742112480587002,18.836703560913605,71.1426714784424,114.73854977694256,163.02888838561066,1.7610822916030884
recorded_obs-0629-01,new_latest,153,11.07203,0.44399400131658134,current_image_current_state,15,,0.32583751813371686,-0.04483513268694737,0.3281294384718983,0.13282570309357428,18.810711863371733,72.14407555832591,114.72478745942225,164.06950279192677,1.831017017364502
recorded_obs-0629-01,new_latest,153,11.07203,0.44399400131658134,current_image_current_state,16,,0.3295047271918284,-0.038138356336410405,0.3351822433067518,0.1370544581634185,18.41642995787603,71.12351372210163,114.07859275554661,162.88493491499807,1.8034571409225464
recorded_obs-0629-01,new_latest,153,11.07203,0.44399400131658134,current_image_current_state,17,,0.323290280336639,-0.03198876391266727,0.328572171019132,0.14313707404100015,19.14998734395675,70.42481495878795,115.06824131809094,161.3199010681497,1.7534650564193726
recorded_obs-0629-01,new_latest,153,11.07203,0.44399400131658134,current_image_current_state,18,,0.3359761272311889,-0.04108092319208871,0.3359761272311889,0.1377463262869393,17.50548688954143,71.60430321398246,113.45740908243508,163.77661478517206,1.7949614524841309
recorded_obs-0629-01,new_latest,153,11.07203,0.44399400131658134,current_image_current_state,19,,0.31744834296055574,-0.03126035851842133,0.33110000548147084,0.13729967488943182,19.820834647807548,70.29428187992387,115.92244325086148,161.5931796926864,1.8397718667984009
recorded_obs-0629-01,new_latest,153,11.07203,0.44399400131658134,start_image_current_state,0,,0.34296368358558116,-0.007321974507171564,0.34448373730534915,0.1630072012203224,16.500734182796563,66.73588416327611,112.76176781598502,159.43764671875232,1.7212212085723877
recorded_obs-0629-01,new_latest,153,11.07203,0.44399400131658134,start_image_current_state,1,,0.3315859399835,-0.014125516404185069,0.33213922991964573,0.15539168299287257,18.028120441506697,67.74362819760923,114.2559482343874,161.47871009765743,1.6972695589065552
recorded_obs-0629-01,new_latest,153,11.07203,0.44399400131658134,start_image_current_state,2,,0.34595223956203125,0.015583959425721583,0.35335878314515407,0.18186281344296593,16.140098082724563,63.47632219577595,112.36244934069175,155.12763770692368,1.651862382888794
recorded_obs-0629-01,new_latest,153,11.07203,0.44399400131658134,start_image_current_state,3,,0.345086652616076,-0.0221729664148652,0.34874269522165174,0.15517891961778885,16.337486488869526,68.86907146547858,112.38374845727509,161.5443448013134,1.8076401948928833
recorded_obs-0629-01,new_latest,153,11.07203,0.44399400131658134,start_image_current_state,4,,0.33790864268846277,-0.01224825841507257,0.3488765913639833,0.1587780131976333,17.273088329029243,67.4969732559838,113.30481358850018,160.00458779658524,1.7948803901672363
recorded_obs-0629-01,new_latest,153,11.07203,0.44399400131658134,start_image_current_state,5,,0.3441598718024081,0.022729980152134996,0.34537818162266354,0.17990307496538904,16.551536635750548,62.37937503092212,112.53427271881637,154.4698014148063,1.6001203060150146
recorded_obs-0629-01,new_latest,153,11.07203,0.44399400131658134,start_image_current_state,6,,0.34968999274388496,-0.01997442134630914,0.34968999274388496,0.1576180208795353,15.710013608256165,68.60747744935732,111.9301217609685,160.43005023390143,1.823563814163208
recorded_obs-0629-01,new_latest,153,11.07203,0.44399400131658134,start_image_current_state,7,,0.343260398369594,-0.024072688176026313,0.3442803764361969,0.14916582241388943,16.566045097353108,69.1908111175866,112.6329145376783,161.70669179719332,1.8299957513809204
recorded_obs-0629-01,new_latest,153,11.07203,0.44399400131658134,start_image_current_state,8,,0.3415575116197316,-0.010245790556987081,0.3437063390157107,0.15729820746765774,16.792941814349597,67.25105921172394,112.94231543922396,159.56756163728926,1.7683665752410889
recorded_obs-0629-01,new_latest,153,11.07203,0.44399400131658134,start_image_current_state,9,,0.34593569026271515,-0.01641472328789132,0.34593569026271515,0.1615443489482613,16.21634222436368,68.04785350913897,112.46301121234329,160.99519072376643,1.7450923919677734
recorded_obs-0629-01,new_latest,153,11.07203,0.44399400131658134,start_image_current_state,10,,0.3410673705587899,-0.008309678233419998,0.3410673705587899,0.16163862875539925,16.790048569864474,66.9255210326077,112.99828555274193,159.61082550918692,1.6978764533996582
recorded_obs-0629-01,new_latest,153,11.07203,0.44399400131658134,start_image_current_state,11,,0.34716203686442093,-0.03009202118817298,0.34716203686442093,0.15108494539192235,16.00780462440235,70.11272503122419,112.1758031730641,162.99480870866378,1.8098535537719727
recorded_obs-0629-01,new_latest,153,11.07203,0.44399400131658134,start_image_current_state,12,,0.34613630966734005,-0.0047998425223586515,0.3480526960571096,0.16727483257202008,16.10436342229626,66.2415803310388,112.50903008643463,158.5797444577677,1.7687289714813232
recorded_obs-0629-01,new_latest,153,11.07203,0.44399400131658134,start_image_current_state,13,,0.3430110005132347,0.011553428658644277,0.34778373379761035,0.1787858782893829,16.45862757958993,64.25779118248028,112.97905968169891,154.4846382569034,1.6873173713684082
recorded_obs-0629-01,new_latest,153,11.07203,0.44399400131658134,start_image_current_state,14,,0.3380690695487027,-0.0066003770527084645,0.34250466349596853,0.15979945836558493,17.2008799999211,66.62824565281123,113.42808994217901,159.02478272834847,1.694754958152771
recorded_obs-0629-01,new_latest,153,11.07203,0.44399400131658134,start_image_current_state,15,,0.3401716212757217,-0.017486029406355366,0.3401716212757217,0.1540601183039363,16.902906439433583,68.19772970126192,113.17177787429762,160.59063274700804,1.7706563472747803
recorded_obs-0629-01,new_latest,153,11.07203,0.44399400131658134,start_image_current_state,16,,0.3423969790614982,-0.0072287001789761805,0.34906557975523583,0.15855635867959725,16.687597965659403,66.6429304443036,112.75024519490476,158.8205825991042,1.742662787437439
recorded_obs-0629-01,new_latest,153,11.07203,0.44399400131658134,start_image_current_state,17,,0.33613404771936034,0.0003604353243854253,0.3411713666050802,0.16689200301438512,17.42823907137772,65.7500525293409,113.72762217484346,157.0680692853921,1.6763557195663452
recorded_obs-0629-01,new_latest,153,11.07203,0.44399400131658134,start_image_current_state,18,,0.3459721803253083,-0.00968445036250914,0.3459721803253083,0.16036890161528183,16.177667711170535,67.05936348473169,112.43442291121123,159.65468509543166,1.7263051271438599
recorded_obs-0629-01,new_latest,153,11.07203,0.44399400131658134,start_image_current_state,19,,0.33189660763961604,-0.000674613195223124,0.34386474628726715,0.1598119258225003,17.889706052035756,65.85340271190512,114.31837783694328,157.57760432570998,1.7784395217895508
recorded_obs-0629-01,new_latest,153,11.07203,0.44399400131658134,current_image_start_state,0,,0.004463270721805541,-0.12259867587228612,0.004463270721805541,-0.052106120911538774,85.68060027599861,88.38450385277191,144.21210247856976,166.40851832027911,1.3447755575180054
recorded_obs-0629-01,new_latest,153,11.07203,0.44399400131658134,current_image_start_state,1,,0.005737357754195461,-0.12639900188503733,0.005737357754195461,-0.053531933111689814,85.8216600287104,88.06555772942957,144.0232666269172,167.4853078641104,1.385500192642212
recorded_obs-0629-01,new_latest,153,11.07203,0.44399400131658134,current_image_start_state,2,,0.005236372858724537,-0.11209448784457304,0.005236372858724537,-0.0470365826924248,85.80332941651699,87.60864726648094,144.0845185525614,164.4654260272681,1.2089089155197144
recorded_obs-0629-01,new_latest,153,11.07203,0.44399400131658134,current_image_start_state,3,,0.004168057910562666,-0.1318659953730739,0.004168057910562666,-0.05678019752629388,85.8714171084544,89.66470687078441,144.24331600130185,167.70227491570503,1.3373842239379883
recorded_obs-0629-01,new_latest,153,11.07203,0.44399400131658134,current_image_start_state,4,,0.004711226248810445,-0.12411393099939626,0.004711226248810445,-0.05287093518127123,85.81927552573617,88.93290296935166,144.17716030869317,166.4361766724419,1.3077125549316406
recorded_obs-0629-01,new_latest,153,11.07203,0.44399400131658134,current_image_start_state,5,,0.003582367007039609,-0.10985163507752055,0.003582367007039609,-0.046206066656847976,86.16635334083773,86.6324713270126,144.32923142998578,164.5028027487813,1.238549828529358
recorded_obs-0629-01,new_latest,153,11.07203,0.44399400131658134,current_image_start_state,6,,0.004137065627331841,-0.1319318338005746,0.004137065627331841,-0.05522260893351524,85.99871294219514,90.31348336239212,144.24406491351687,167.4287594490206,1.368334412574768
recorded_obs-0629-01,new_latest,153,11.07203,0.44399400131658134,current_image_start_state,7,,0.003222665269693504,-0.12567434525339313,0.003222665269693504,-0.05688391687173044,85.86034561927336,89.36248482406333,144.39152453369653,166.52543251791496,1.2924489974975586
recorded_obs-0629-01,new_latest,153,11.07203,0.44399400131658134,current_image_start_state,8,,0.0042585083668462914,-0.12544781993119344,0.0042585083668462914,-0.053792372895177416,85.78025456785623,89.12935146854804,144.239789256194,166.67428467405776,1.3284199237823486
recorded_obs-0629-01,new_latest,153,11.07203,0.44399400131658134,current_image_start_state,9,,0.0030305075885991265,-0.12929005716533032,0.0030305075885991265,-0.05192589902847667,86.06756204130045,88.8050192970363,144.40859429712427,167.685743515703,1.287156105041504
recorded_obs-0629-01,new_latest,153,11.07203,0.44399400131658134,current_image_start_state,10,,0.005778164718549856,-0.12394432283291068,0.005778164718549856,-0.05240197799219667,85.98980641479514,88.68308768568623,143.99778307360216,166.56037362024472,1.2716745138168335
recorded_obs-0629-01,new_latest,153,11.07203,0.44399400131658134,current_image_start_state,11,,0.0068254410512142,-0.12915558907072794,0.0068254410512142,-0.05621556759925643,85.9810785721499,89.52685925458589,143.83414662286978,167.27704353469431,1.3171148300170898
recorded_obs-0629-01,new_latest,153,11.07203,0.44399400131658134,current_image_start_state,12,,0.004384409545701486,-0.12090796104409869,0.004384409545701486,-0.050567255989388306,86.05040570224817,88.44508537189448,144.2018994040067,165.85284430796295,1.2963346242904663
recorded_obs-0629-01,new_latest,153,11.07203,0.44399400131658134,current_image_start_state,13,,0.004074657523989529,-0.11932103814698063,0.004074657523989529,-0.04845678105648951,85.99699562918119,89.61652025132354,144.2549092250219,164.8994337434895,1.2487117052078247
recorded_obs-0629-01,new_latest,153,11.07203,0.44399400131658134,current_image_start_state,14,,0.005243746089278197,-0.12554807245185862,0.005243746089278197,-0.053290756294823195,85.82400614344488,88.9268544507215,144.09300334162228,166.7223873101065,1.3091117143630981
recorded_obs-0629-01,new_latest,153,11.07203,0.44399400131658134,current_image_start_state,15,,0.007601192090925543,-0.12415072826771943,0.007601192090925543,-0.054480351719056276,85.8588908661193,89.37716561641346,143.73384291134454,166.17465122746418,1.3008882999420166
recorded_obs-0629-01,new_latest,153,11.07203,0.44399400131658134,current_image_start_state,16,,0.003482237057353226,-0.1239104264477957,0.004041852987008302,-0.05272770460995492,85.92039842797733,88.56604330627599,144.35002035699105,166.51916148176463,1.2688122987747192
recorded_obs-0629-01,new_latest,153,11.07203,0.44399400131658134,current_image_start_state,17,,0.004763305100947501,-0.12143034287158688,0.004763305100947501,-0.05054354826209693,85.88066966855044,89.15975310074747,144.1637204880609,165.70365247212519,1.258118987083435
recorded_obs-0629-01,new_latest,153,11.07203,0.44399400131658134,current_image_start_state,18,,0.006281288821788363,-0.12264250284342706,0.006281288821788363,-0.05230511038459229,85.66930362705689,88.450083407344,143.93482940907938,166.31573543461062,1.2372099161148071
recorded_obs-0629-01,new_latest,153,11.07203,0.44399400131658134,current_image_start_state,19,,0.007344762291981032,-0.11556115591826034,0.007344762291981032,-0.052132689705056176,85.62529672635046,88.20670630735657,143.78001813760628,164.92208122522797,1.28755784034729
recorded_obs-0629-01,new_latest,153,11.07203,0.44399400131658134,start_image_start_state,0,,0.009489119619221926,-0.1056853061274412,0.009489119619221926,-0.03895440727169432,85.23858322224095,85.23746733477,143.46602904729656,164.52704319808439,1.3769086599349976
recorded_obs-0629-01,new_latest,153,11.07203,0.44399400131658134,start_image_start_state,1,,0.010546327824346545,-0.10921566281550392,0.010546327824346545,-0.039857187316914365,85.37693781837172,84.85592358707177,143.31116017608198,165.64414733010634,1.4317240715026855
recorded_obs-0629-01,new_latest,153,11.07203,0.44399400131658134,start_image_start_state,2,,0.010116197677508779,-0.09569230272787393,0.010116197677508779,-0.033622822144611736,85.37014327284616,84.45126200026202,143.3616666589989,162.65797864371336,1.2650172710418701
recorded_obs-0629-01,new_latest,153,11.07203,0.44399400131658134,start_image_start_state,3,,0.008993735835141799,-0.11643902542752144,0.008993735835141799,-0.04412858646583145,85.43985170935863,86.7538236150664,143.52737936319963,165.99857720146824,1.3779957294464111
recorded_obs-0629-01,new_latest,153,11.07203,0.44399400131658134,start_image_start_state,4,,0.0098867385316906,-0.10832601748033174,0.0098867385316906,-0.03978391291460033,85.39853353479911,85.92954535473255,143.40726420150673,164.6877670599111,1.3492422103881836
recorded_obs-0629-01,new_latest,153,11.07203,0.44399400131658134,start_image_start_state,5,,0.008631474697856285,-0.09212233957830789,0.008631474697856285,-0.03209050449995331,85.76062689808438,83.31334011670121,143.57879328610326,162.5353595034284,1.3032740354537964
recorded_obs-0629-01,new_latest,153,11.07203,0.44399400131658134,start_image_start_state,6,,0.009884152943537441,-0.11514272997441584,0.009884152943537441,-0.0427804985817067,85.45103107034728,87.28133027000223,143.39654156204023,165.4370501625658,1.3978278636932373
recorded_obs-0629-01,new_latest,153,11.07203,0.44399400131658134,start_image_start_state,7,,0.008546127870240349,-0.11032669155952958,0.008546127870240349,-0.04477578976060317,85.41251143018124,86.41277700873401,143.60271791641514,164.81692204997793,1.3467316627502441
recorded_obs-0629-01,new_latest,153,11.07203,0.44399400131658134,start_image_start_state,8,,0.00957168784609101,-0.10961812623120847,0.00957168784609101,-0.0409622803788935,85.3284883736066,86.08065232088958,143.45488638865464,164.9330740165009,1.3594926595687866
recorded_obs-0629-01,new_latest,153,11.07203,0.44399400131658134,start_image_start_state,9,,0.007916985035943066,-0.11345648988709445,0.008807054839146915,-0.03872657800258071,85.66840052786047,85.78366867919615,143.6816882394037,166.01074373230205,1.335360050201416
recorded_obs-0629-01,new_latest,153,11.07203,0.44399400131658134,start_image_start_state,10,,0.011505096335603735,-0.10753443072785056,0.011505096335603735,-0.03928137693646118,85.47421500397904,85.53531696460796,143.1526552794666,164.77204147639216,1.3157572746276855
recorded_obs-0629-01,new_latest,153,11.07203,0.44399400131658134,start_image_start_state,11,,0.012254820736818299,-0.11432679650080214,0.012254820736818299,-0.04372326198387145,85.5078749717643,86.61616827494953,143.03204082575195,165.69632128001322,1.3552924394607544
recorded_obs-0629-01,new_latest,153,11.07203,0.44399400131658134,start_image_start_state,12,,0.009885989943097147,-0.10429099628827139,0.009885989943097147,-0.037163181006915895,85.42967151821064,85.42460919244368,143.39692691776258,163.91763374901467,1.3452028036117554
recorded_obs-0629-01,new_latest,153,11.07203,0.44399400131658134,start_image_start_state,13,,0.009424424308861678,-0.1032316269731181,0.009424424308861678,-0.03532520615602018,85.55289651423996,86.63338133111237,143.46308075700256,162.98234238092206,1.2839142084121704
recorded_obs-0629-01,new_latest,153,11.07203,0.44399400131658134,start_image_start_state,14,,0.00977485581500545,-0.10889354338199017,0.00977485581500545,-0.0403945499573283,85.47618483908975,85.78852399509127,143.41473406966475,164.86800760838,1.331040382385254
recorded_obs-0629-01,new_latest,153,11.07203,0.44399400131658134,start_image_start_state,15,,0.012292871363851772,-0.10914768878301162,0.012292871363851772,-0.042004909554964276,85.37996616658046,86.49183124099135,143.04403237950086,164.49720225129803,1.3475266695022583
recorded_obs-0629-01,new_latest,153,11.07203,0.44399400131658134,start_image_start_state,16,,0.0091254852615433,-0.1070201822451205,0.009764356319621048,-0.03993642300587197,85.44424272391825,85.44864636898822,143.51228673727803,164.60094436639238,1.3178516626358032
recorded_obs-0629-01,new_latest,153,11.07203,0.44399400131658134,start_image_start_state,17,,0.009938441807290062,-0.10487138957818165,0.009938441807290062,-0.03759214448179802,85.47000740582439,86.07470975211132,143.3929012342063,163.7928575676177,1.2841238975524902
recorded_obs-0629-01,new_latest,153,11.07203,0.44399400131658134,start_image_start_state,18,,0.011915018383329513,-0.10591106491965947,0.011915018383329513,-0.038988069339416585,85.12794316446981,85.32490364251481,143.10496079689486,164.44491767791163,1.281466007232666
recorded_obs-0629-01,new_latest,153,11.07203,0.44399400131658134,start_image_start_state,19,,0.012377269583034521,-0.09928646638936516,0.012377269583034521,-0.03916032802631898,85.221274755752,85.10779596955537,143.03321788361154,163.09064597312184,1.343341588973999
recorded_obs-0629-01,new_latest,238,17.049623,0.15266815474202117,current_image_current_state,0,,0.15356431787669733,-0.03786682729767692,0.15385868877203027,0.06076324387858058,10.410108824428576,49.747873370077194,123.65050375024191,157.13444156560132,1.5019800662994385
recorded_obs-0629-01,new_latest,238,17.049623,0.15266815474202117,current_image_current_state,1,,0.15110448401199106,-0.041884093913773714,0.15110448401199106,0.0582144225066485,10.371467687773432,52.0753763021929,124.00990898479446,158.42348367126021,1.527501106262207
recorded_obs-0629-01,new_latest,238,17.049623,0.15266815474202117,current_image_current_state,2,,0.15767620327665513,-0.024469735519946367,0.15767620327665513,0.06898346416940296,10.206161455643725,47.15542752292124,123.04672911875059,154.75190133953333,1.3903473615646362
recorded_obs-0629-01,new_latest,238,17.049623,0.15266815474202117,current_image_current_state,3,,0.15546096300237552,-0.049457723269128145,0.1559518975349078,0.05501779274112177,10.294467281476178,50.66965247528667,123.37145263584847,158.7143091717845,1.5239497423171997
recorded_obs-0629-01,new_latest,238,17.049623,0.15266815474202117,current_image_current_state,4,,0.1545408288665115,-0.03968627285780712,0.15706017099800967,0.058777289657753265,10.408722513797532,49.49302869825472,123.51679310196336,157.2387834758879,1.4983606338500977
recorded_obs-0629-01,new_latest,238,17.049623,0.15266815474202117,current_image_current_state,5,,0.15495508771905442,-0.021797766720746646,0.15495508771905442,0.068681497996401,10.088718141565893,48.1112853336196,123.4360979825797,154.8057555343732,1.406227946281433
recorded_obs-0629-01,new_latest,238,17.049623,0.15266815474202117,current_image_current_state,6,,0.15670965065782672,-0.047172629125240076,0.15670965065782672,0.05631392981116883,10.306543335746904,49.0863402040882,123.19636511181895,157.9210102264407,1.5097181797027588
recorded_obs-0629-01,new_latest,238,17.049623,0.15266815474202117,current_image_current_state,7,,0.15444012850565617,-0.04362346371307544,0.15444012850565617,0.05358329813504433,10.33528179687456,49.270169177239424,123.53144399583526,157.5915733962964,1.4960211515426636
recorded_obs-0629-01,new_latest,238,17.049623,0.15266815474202117,current_image_current_state,8,,0.15486078472735187,-0.042317368989888346,0.15486078472735187,0.057769306811044495,10.543710693025622,49.64019953230254,123.48602903638981,157.58260208557138,1.4988365173339844
recorded_obs-0629-01,new_latest,238,17.049623,0.15266815474202117,current_image_current_state,9,,0.15544327470989172,-0.04604236774186376,0.15544327470989172,0.059873792490211374,10.303838470580057,51.647343684536864,123.38324444125102,158.7080144519618,1.465922236442566
recorded_obs-0629-01,new_latest,238,17.049623,0.15266815474202117,current_image_current_state,10,,0.1546924587323111,-0.03969989935074033,0.1546924587323111,0.05966776417405164,10.104114858041225,50.00298034552469,123.45739264368929,157.42726432047448,1.4550120830535889
recorded_obs-0629-01,new_latest,238,17.049623,0.15266815474202117,current_image_current_state,11,,0.1591641075489655,-0.04812049022507305,0.1591641075489655,0.05483728596134313,9.969156404975628,50.844748534132286,122.79221613017438,158.62071996261156,1.5061404705047607
recorded_obs-0629-01,new_latest,238,17.049623,0.15266815474202117,current_image_current_state,12,,0.15783571609912156,-0.035123770877520076,0.15783571609912156,0.0637032020532024,10.370645693758103,48.3041694434195,123.02986191319924,156.3360661431402,1.4792382717132568
recorded_obs-0629-01,new_latest,238,17.049623,0.15266815474202117,current_image_current_state,13,,0.1545279710371085,-0.030862691822993497,0.15581626355596487,0.06654597721267733,10.206713965197286,45.012492490696275,123.5160394411695,154.733368004069,1.4148274660110474
recorded_obs-0629-01,new_latest,238,17.049623,0.15266815474202117,current_image_current_state,14,,0.15406553338369539,-0.040522816453932124,0.15406553338369539,0.058615931543880645,10.371503837205802,49.615173575139494,123.57632800748478,157.38500867453322,1.4444447755813599
recorded_obs-0629-01,new_latest,238,17.049623,0.15266815474202117,current_image_current_state,15,,0.15537877516626974,-0.04071663948511541,0.15537877516626974,0.056700314816865716,10.144068183280611,48.5747092046503,123.35993590831193,157.0291664931765,1.457094669342041
recorded_obs-0629-01,new_latest,238,17.049623,0.15266815474202117,current_image_current_state,16,,0.15425327435840908,-0.03894409914068886,0.15513122742198499,0.058812927151599505,10.338863679953283,49.13712363659554,123.54663485474842,157.04057548093942,1.4307101964950562
recorded_obs-0629-01,new_latest,238,17.049623,0.15266815474202117,current_image_current_state,17,,0.1529035624209916,-0.035859883212450185,0.15394150046231045,0.062371738869252055,10.348968454961684,47.64953772334155,123.74782726129907,156.16972396667663,1.4233312606811523
recorded_obs-0629-01,new_latest,238,17.049623,0.15266815474202117,current_image_current_state,18,,0.15785126784026818,-0.038881183108017615,0.15785126784026818,0.059625754064612416,10.461966177080471,49.64109367470242,123.04187472184827,157.20782011305275,1.4501001834869385
recorded_obs-0629-01,new_latest,238,17.049623,0.15266815474202117,current_image_current_state,19,,0.15464086018702983,-0.02904146050897649,0.15663614541142684,0.06045642049660256,10.696371580299347,47.27053873686658,123.53164997100983,155.29189837455465,1.4409524202346802
recorded_obs-0629-01,new_latest,238,17.049623,0.15266815474202117,start_image_current_state,0,,0.1585737485277225,-0.04445322164553886,0.15921270506381985,0.06291228932454149,10.419344367735421,52.70805796403906,122.90932570581973,158.9239612147139,1.5957058668136597
recorded_obs-0629-01,new_latest,238,17.049623,0.15266815474202117,start_image_current_state,1,,0.1559846835649234,-0.04921992259728143,0.1559846835649234,0.06055413319587884,10.29499938318626,55.0878088555442,123.28524705594553,160.34517466658332,1.6283204555511475
recorded_obs-0629-01,new_latest,238,17.049623,0.15266815474202117,start_image_current_state,2,,0.16333678900480864,-0.03065846830858588,0.16333678900480864,0.07202082477111615,10.287865365991744,49.93196222365076,122.21885848479377,156.41640619979412,1.4780892133712769
recorded_obs-0629-01,new_latest,238,17.049623,0.15266815474202117,start_image_current_state,3,,0.16065964795604198,-0.05715557977288785,0.16164952222374832,0.05694969314285574,10.329810565192235,53.57454270728307,122.60606414535717,160.60511435641737,1.5989357233047485
recorded_obs-0629-01,new_latest,238,17.049623,0.15266815474202117,start_image_current_state,4,,0.15955156768638265,-0.04637710742741973,0.1629029494209081,0.061280413351742724,10.431776439198211,52.40504249563962,122.78211469593133,159.02000450325983,1.5676991939544678
recorded_obs-0629-01,new_latest,238,17.049623,0.15266815474202117,start_image_current_state,5,,0.1598748888104107,-0.027442138486156342,0.1598748888104107,0.07225416103316822,10.181954130730745,50.85692271372669,122.72277574829059,156.41453902064444,1.4857419729232788
recorded_obs-0629-01,new_latest,238,17.049623,0.15266815474202117,start_image_current_state,6,,0.1631282879610971,-0.05418898134463691,0.1631282879610971,0.05859117700480806,10.40805303441118,51.95066564317518,122.26675992527186,159.7036190650163,1.596100926399231
recorded_obs-0629-01,new_latest,238,17.049623,0.15266815474202117,start_image_current_state,7,,0.1598864182080261,-0.05220953843624422,0.1606201354997476,0.05498641860458338,10.382218362726759,52.35529505621983,122.73471186574696,159.63398688518632,1.5919365882873535
recorded_obs-0629-01,new_latest,238,17.049623,0.15266815474202117,start_image_current_state,8,,0.16127517150731133,-0.04807666599111561,0.16127517150731133,0.06035841155182467,10.617962481757665,52.50935633795366,122.55431213925608,159.24415402369283,1.573763132095337
recorded_obs-0629-01,new_latest,238,17.049623,0.15266815474202117,start_image_current_state,9,,0.16132449645883723,-0.054038901748090194,0.16132449645883723,0.062119430978790316,10.357403298894035,54.71166345699864,122.52324996844348,160.7098365809687,1.5580527782440186
recorded_obs-0629-01,new_latest,238,17.049623,0.15266815474202117,start_image_current_state,10,,0.16024991211293108,-0.04542535212253914,0.16024991211293108,0.0624236919270108,10.109547092932303,52.7655001018645,122.64072934703046,159.0532720293866,1.5463769435882568
recorded_obs-0629-01,new_latest,238,17.049623,0.15266815474202117,start_image_current_state,11,,0.16444574550528268,-0.05638277603549163,0.16444574550528268,0.05652102489714392,9.992526389637646,53.794853193300604,122.01048485197339,160.5919852903821,1.595767855644226
recorded_obs-0629-01,new_latest,238,17.049623,0.15266815474202117,start_image_current_state,12,,0.16392171623611904,-0.042232158212941,0.16392171623611904,0.06600028756607161,10.517348283455261,51.14963319029267,122.14915719288314,158.1272804992282,1.5842156410217285
recorded_obs-0629-01,new_latest,238,17.049623,0.15266815474202117,start_image_current_state,13,,0.16062230723882046,-0.036469880096839526,0.16268031044862216,0.06968416877616274,10.319120940300229,47.583422656986855,122.63456465052948,156.22638697456998,1.4911633729934692
recorded_obs-0629-01,new_latest,238,17.049623,0.15266815474202117,start_image_current_state,14,,0.15939963659715617,-0.0472720294257313,0.15939963659715617,0.06107784114752746,10.388911016924826,52.60203120310949,122.79693908653442,159.19929440822747,1.5283366441726685
recorded_obs-0629-01,new_latest,238,17.049623,0.15266815474202117,start_image_current_state,15,,0.16066148336435535,-0.04814214030084751,0.16066148336435535,0.058427310445412176,10.259141032016197,51.373584389552846,122.59560089540025,158.8301891587805,1.5595073699951172
recorded_obs-0629-01,new_latest,238,17.049623,0.15266815474202117,start_image_current_state,16,,0.15941068690412036,-0.04464179525597876,0.1609170574422863,0.06120047499317895,10.373814357767307,51.90741101539146,122.78860113479298,158.6607945448724,1.5187745094299316
recorded_obs-0629-01,new_latest,238,17.049623,0.15266815474202117,start_image_current_state,17,,0.15870453504151605,-0.041926488447663425,0.15970084464679976,0.06506429784267154,10.431233809332845,50.45222540412933,122.91119298738377,157.82199603707238,1.52427339553833
recorded_obs-0629-01,new_latest,238,17.049623,0.15266815474202117,start_image_current_state,18,,0.16341337657941948,-0.04479775174509662,0.16341337657941948,0.061959641596491366,10.581636240028002,52.34524426778248,122.23478868492502,158.83340065242666,1.5314977169036865
recorded_obs-0629-01,new_latest,238,17.049623,0.15266815474202117,start_image_current_state,19,,0.16069967911782937,-0.035318282938958355,0.16275772782986261,0.06281006465740051,10.81437516350568,50.02751602333031,122.66037439580101,156.95287133837883,1.5384327173233032
recorded_obs-0629-01,new_latest,238,17.049623,0.15266815474202117,current_image_start_state,0,,0.006881779603875922,-0.0974089254699451,0.006881779603875922,-0.03801059547475263,22.0057877027267,48.397762625726884,143.87113860043547,162.897204097124,1.300445556640625
recorded_obs-0629-01,new_latest,238,17.049623,0.15266815474202117,current_image_start_state,1,,0.00822462661528243,-0.10018552812263795,0.00822462661528243,-0.03914979205467825,21.739749321941623,50.218100643980534,143.67202686689436,163.83800443730468,1.3363323211669922
recorded_obs-0629-01,new_latest,238,17.049623,0.15266815474202117,current_image_start_state,2,,0.007901118487211421,-0.08809754787554644,0.007901118487211421,-0.033038877761613385,21.798208730698363,46.23607425406169,143.7065048133448,161.19141137042087,1.1889734268188477
recorded_obs-0629-01,new_latest,238,17.049623,0.15266815474202117,current_image_start_state,3,,0.006749121032699474,-0.10755736310754763,0.006749121032699474,-0.04278729986109739,22.001270210804602,49.47674218046003,143.87635597727854,164.31086342750322,1.2924460172653198
recorded_obs-0629-01,new_latest,238,17.049623,0.15266815474202117,current_image_start_state,4,,0.00749082405965647,-0.0997391809659197,0.00749082405965647,-0.03898010117915127,21.908086870680794,48.162891343739496,143.7841082667865,163.0554751271309,1.2910730838775635
recorded_obs-0629-01,new_latest,238,17.049623,0.15266815474202117,current_image_start_state,5,,0.006196528488279942,-0.08521439478147243,0.006196528488279942,-0.032307738267150936,21.989001250683312,46.885901327646984,143.9536281787457,161.1350643955297,1.2218347787857056
recorded_obs-0629-01,new_latest,238,17.049623,0.15266815474202117,current_image_start_state,6,,0.006807324803590196,-0.10736361886443409,0.006807324803590196,-0.041693301067788485,21.96296413998918,48.48324775518028,143.86680534965106,163.95498518976365,1.320885181427002
recorded_obs-0629-01,new_latest,238,17.049623,0.15266815474202117,current_image_start_state,7,,0.006050158220235953,-0.10096677311459008,0.006050158220235953,-0.04303478990232326,22.083983162319083,47.918114474448416,143.99361496566152,163.0961147226886,1.2613496780395508
recorded_obs-0629-01,new_latest,238,17.049623,0.15266815474202117,current_image_start_state,8,,0.006867777531532665,-0.10185611255501383,0.006867777531532665,-0.04007494424920499,22.011819511187447,48.572465541588784,143.8728512984443,163.41910499535368,1.2805824279785156
recorded_obs-0629-01,new_latest,238,17.049623,0.15266815474202117,current_image_start_state,9,,0.005533036605360388,-0.104311015412654,0.005934296536380619,-0.03778410550706344,22.145494123065287,50.05207948502681,144.05411952497747,164.19521006993207,1.2404214143753052
recorded_obs-0629-01,new_latest,238,17.049623,0.15266815474202117,current_image_start_state,10,,0.009171092973187994,-0.09997040375691096,0.009171092973187994,-0.038541815414311426,21.63797170369589,48.699060457237245,143.51696071139622,163.26543831439903,1.2328929901123047
recorded_obs-0629-01,new_latest,238,17.049623,0.15266815474202117,current_image_start_state,11,,0.009613496401994404,-0.1055233528001719,0.009613496401994404,-0.04228694998179341,21.555944772772673,49.21763207075247,143.4409312417576,163.99787069460254,1.2718814611434937
recorded_obs-0629-01,new_latest,238,17.049623,0.15266815474202117,current_image_start_state,12,,0.00702070169356013,-0.09597670277900588,0.00702070169356013,-0.03630731994136108,21.96790628341425,47.23250510429539,143.83126384522546,162.3607140671459,1.2489795684814453
recorded_obs-0629-01,new_latest,238,17.049623,0.15266815474202117,current_image_start_state,13,,0.006528561019176048,-0.09602928968564681,0.006528561019176048,-0.03490846260349852,21.909221858750804,45.295128914916745,143.907454746581,161.6960482340575,1.2150691747665405
recorded_obs-0629-01,new_latest,238,17.049623,0.15266815474202117,current_image_start_state,14,,0.007468976337939873,-0.10092563862815165,0.007468976337939873,-0.039562662827750575,21.903341934513232,48.468049202328096,143.77789961908942,163.29849865140505,1.2596793174743652
recorded_obs-0629-01,new_latest,238,17.049623,0.15266815474202117,current_image_start_state,15,,0.00995852286011394,-0.10012327390270201,0.00995852286011394,-0.040488397730225764,21.509113680346587,47.520983377460475,143.40617541050108,162.86890627253766,1.2533453702926636
recorded_obs-0629-01,new_latest,238,17.049623,0.15266815474202117,current_image_start_state,16,,0.0063926332122022245,-0.0998281443325226,0.006961658601520981,-0.03916618004666021,22.050156884931962,48.37900597953688,143.936956876117,163.14922966251766,1.2316091060638428
recorded_obs-0629-01,new_latest,238,17.049623,0.15266815474202117,current_image_start_state,17,,0.007628885040204995,-0.09718618457593338,0.007628885040204995,-0.0369138783831561,21.860027449610417,46.86894440606651,143.7528885364475,162.3414828053946,1.2153860330581665
recorded_obs-0629-01,new_latest,238,17.049623,0.15266815474202117,current_image_start_state,18,,0.008880834638294368,-0.09762546354828654,0.008880834638294368,-0.0381414786823018,21.712999064484954,48.15629362851704,143.56692627625804,162.83989498974492,1.2138957977294922
recorded_obs-0629-01,new_latest,238,17.049623,0.15266815474202117,current_image_start_state,19,,0.009687996454135846,-0.09153040254530025,0.009687996454135846,-0.03834504481904849,21.620333456270238,46.47734398026471,143.44240199544313,161.63218415884347,1.2380303144454956
recorded_obs-0629-01,new_latest,238,17.049623,0.15266815474202117,start_image_start_state,0,,0.009489119619221926,-0.1056853061274412,0.009489119619221926,-0.03895440727169432,21.664851246654475,50.57439402490704,143.46602904729656,164.52704319808439,1.3769086599349976
recorded_obs-0629-01,new_latest,238,17.049623,0.15266815474202117,start_image_start_state,1,,0.010546327824346545,-0.10921566281550392,0.010546327824346545,-0.039857187316914365,21.441558924976658,52.63091480979957,143.31116017608198,165.64414733010634,1.4317240715026855
recorded_obs-0629-01,new_latest,238,17.049623,0.15266815474202117,start_image_start_state,2,,0.010116197677508779,-0.09569230272787393,0.010116197677508779,-0.033622822144611736,21.497913137869674,48.19287475902623,143.3616666589989,162.65797864371336,1.2650172710418701
recorded_obs-0629-01,new_latest,238,17.049623,0.15266815474202117,start_image_start_state,3,,0.008993735835141799,-0.11643902542752144,0.008993735835141799,-0.04412858646583145,21.700296500614716,51.65355880291566,143.52737936319963,165.99857720146824,1.3779957294464111
recorded_obs-0629-01,new_latest,238,17.049623,0.15266815474202117,start_image_start_state,4,,0.0098867385316906,-0.10832601748033174,0.0098867385316906,-0.03978391291460033,21.58861879107205,50.290446656054755,143.40726420150673,164.6877670599111,1.3492422103881836
recorded_obs-0629-01,new_latest,238,17.049623,0.15266815474202117,start_image_start_state,5,,0.008631474697856285,-0.09212233957830789,0.008631474697856285,-0.03209050449995331,21.681528677683357,48.82308677205084,143.57879328610326,162.5353595034284,1.3032740354537964
recorded_obs-0629-01,new_latest,238,17.049623,0.15266815474202117,start_image_start_state,6,,0.009884152943537441,-0.11514272997441584,0.009884152943537441,-0.0427804985817067,21.567404778379068,50.405175030955725,143.39654156204023,165.4370501625658,1.3978278636932373
recorded_obs-0629-01,new_latest,238,17.049623,0.15266815474202117,start_image_start_state,7,,0.008546127870240349,-0.11032669155952958,0.008546127870240349,-0.04477578976060317,21.735709207444103,50.06030291689649,143.60271791641514,164.81692204997793,1.3467316627502441
recorded_obs-0629-01,new_latest,238,17.049623,0.15266815474202117,start_image_start_state,8,,0.00957168784609101,-0.10961812623120847,0.00957168784609101,-0.0409622803788935,21.655529260277312,50.589745368042806,143.45488638865464,164.9330740165009,1.3594926595687866
recorded_obs-0629-01,new_latest,238,17.049623,0.15266815474202117,start_image_start_state,9,,0.007916985035943066,-0.11345648988709445,0.008807054839146915,-0.03872657800258071,21.827750632680115,52.470699424509604,143.6816882394037,166.01074373230205,1.335360050201416
recorded_obs-0629-01,new_latest,238,17.049623,0.15266815474202117,start_image_start_state,10,,0.011505096335603735,-0.10753443072785056,0.011505096335603735,-0.03928137693646118,21.348442840982695,50.73161640961353,143.1526552794666,164.77204147639216,1.3157572746276855
recorded_obs-0629-01,new_latest,238,17.049623,0.15266815474202117,start_image_start_state,11,,0.012254820736818299,-0.11432679650080214,0.012254820736818299,-0.04372326198387145,21.219341858597762,51.447114394043886,143.03204082575195,165.69632128001322,1.3552924394607544
recorded_obs-0629-01,new_latest,238,17.049623,0.15266815474202117,start_image_start_state,12,,0.009885989943097147,-0.10429099628827139,0.009885989943097147,-0.037163181006915895,21.608668048630697,49.215348522128,143.39692691776258,163.91763374901467,1.3452028036117554
recorded_obs-0629-01,new_latest,238,17.049623,0.15266815474202117,start_image_start_state,13,,0.009424424308861678,-0.1032316269731181,0.009424424308861678,-0.03532520615602018,21.540586743921693,46.87146344106344,143.46308075700256,162.98234238092206,1.2839142084121704
recorded_obs-0629-01,new_latest,238,17.049623,0.15266815474202117,start_image_start_state,14,,0.00977485581500545,-0.10889354338199017,0.00977485581500545,-0.0403945499573283,21.607034612808576,50.575438421238516,143.41473406966475,164.86800760838,1.331040382385254
recorded_obs-0629-01,new_latest,238,17.049623,0.15266815474202117,start_image_start_state,15,,0.012292871363851772,-0.10914768878301162,0.012292871363851772,-0.042004909554964276,21.23055084247442,49.52256207027552,143.04403237950086,164.49720225129803,1.3475266695022583
recorded_obs-0629-01,new_latest,238,17.049623,0.15266815474202117,start_image_start_state,16,,0.0091254852615433,-0.1070201822451205,0.009764356319621048,-0.03993642300587197,21.69972607718415,50.36952107499356,143.51228673727803,164.60094436639238,1.3178516626358032
recorded_obs-0629-01,new_latest,238,17.049623,0.15266815474202117,start_image_start_state,17,,0.009938441807290062,-0.10487138957818165,0.009938441807290062,-0.03759214448179802,21.559964784416664,48.755720678226055,143.3929012342063,163.7928575676177,1.2841238975524902
recorded_obs-0629-01,new_latest,238,17.049623,0.15266815474202117,start_image_start_state,18,,0.011915018383329513,-0.10591106491965947,0.011915018383329513,-0.038988069339416585,21.330390823090763,50.27401676757352,143.10496079689486,164.44491767791163,1.281466007232666
recorded_obs-0629-01,new_latest,238,17.049623,0.15266815474202117,start_image_start_state,19,,0.012377269583034521,-0.09928646638936516,0.012377269583034521,-0.03916032802631898,21.278650953865746,48.36150467554907,143.03321788361154,163.09064597312184,1.343341588973999
recorded_obs-0629-01,new_latest,253,18.056191,0.4447934338100025,current_image_current_state,0,,0.34135575570965937,-0.017914821077215332,0.34135575570965937,0.15091915560740377,16.017665918357572,73.76726287921164,103.07293689868548,159.48544880791826,1.868442177772522
recorded_obs-0629-01,new_latest,253,18.056191,0.4447934338100025,current_image_current_state,1,,0.3303994669270473,-0.023651593905472466,0.3303994669270473,0.14478125557521015,17.496653136482163,75.36627555748076,104.57814543232716,161.11456286147555,1.859179973602295
recorded_obs-0629-01,new_latest,253,18.056191,0.4447934338100025,current_image_current_state,2,,0.3476630393333438,0.0015298398442504357,0.3476630393333438,0.16414832179260405,15.046562324124391,70.34379121650338,102.2701891927433,156.09315312127518,1.7525036334991455
recorded_obs-0629-01,new_latest,253,18.056191,0.4447934338100025,current_image_current_state,3,,0.3447836035456096,-0.02760734933416658,0.3447836035456096,0.14630031113599404,15.44940222211781,75.0207873929931,102.62087043348906,160.73479802284407,1.9024970531463623
recorded_obs-0629-01,new_latest,253,18.056191,0.4447934338100025,current_image_current_state,4,,0.33856505608499315,-0.01821698963708676,0.34292420056253414,0.14836404884360285,16.380901316132267,73.72645451298689,103.45938986998318,159.4376423803698,1.8872191905975342
recorded_obs-0629-01,new_latest,253,18.056191,0.4447934338100025,current_image_current_state,5,,0.3450649241061716,0.0018819478922383265,0.3450649241061716,0.16212078963031754,15.416503974356875,70.69717804775016,102.60734173302289,156.52115714838982,1.7804956436157227
recorded_obs-0629-01,new_latest,253,18.056191,0.4447934338100025,current_image_current_state,6,,0.3489086405763739,-0.024816651253944274,0.3489086405763739,0.14884040775989066,14.920547517557258,74.07494518463214,102.1630757061094,159.82224299655138,1.9245771169662476
recorded_obs-0629-01,new_latest,253,18.056191,0.4447934338100025,current_image_current_state,7,,0.3431361155466441,-0.025490531275993683,0.3431361155466441,0.14280436097025623,15.623370933997046,74.5683386530336,102.76639606159648,160.28633910385278,1.9111045598983765
recorded_obs-0629-01,new_latest,253,18.056191,0.4447934338100025,current_image_current_state,8,,0.342527231797531,-0.018984760579092663,0.342527231797531,0.14900446024396072,15.890709932554378,73.75425630286173,103.03773765731094,159.46685788302597,1.872764229774475
recorded_obs-0629-01,new_latest,253,18.056191,0.4447934338100025,current_image_current_state,9,,0.34651366859161353,-0.025992778256949654,0.34651366859161353,0.1502876428768337,15.269369907591233,75.25680992584743,102.45408595152142,160.99374816481603,1.8902394771575928
recorded_obs-0629-01,new_latest,253,18.056191,0.4447934338100025,current_image_current_state,10,,0.3404229728123673,-0.018456408317411587,0.3404229728123673,0.14946120048823594,16.073925534952522,73.90395937692193,103.22473656042484,159.62748051885296,1.8502717018127441
recorded_obs-0629-01,new_latest,253,18.056191,0.4447934338100025,current_image_current_state,11,,0.34865264527685763,-0.02986777881577817,0.34865264527685763,0.14488298817183645,14.923572202284832,75.71680221034636,102.0936375007477,161.39084995270886,1.9485740661621094
recorded_obs-0629-01,new_latest,253,18.056191,0.4447934338100025,current_image_current_state,12,,0.3474701782729999,-0.011877177285970118,0.3474701782729999,0.15584902675886952,15.226828677100373,72.37062202834821,102.32740785206994,158.16256886756892,1.874434471130371
recorded_obs-0629-01,new_latest,253,18.056191,0.4447934338100025,current_image_current_state,13,,0.3447552213576323,-0.0026125300856818267,0.3447552213576323,0.16148449091811024,15.522098901419104,69.90325757777038,102.80904306272727,155.60842804136283,1.7728757858276367
recorded_obs-0629-01,new_latest,253,18.056191,0.4447934338100025,current_image_current_state,14,,0.3382247892633028,-0.018486319737160098,0.3382247892633028,0.14915631998568524,16.447064312708363,73.57206122212516,103.50313213136418,159.3202469485723,1.802720069885254
recorded_obs-0629-01,new_latest,253,18.056191,0.4447934338100025,current_image_current_state,15,,0.33885309923926604,-0.019109426262046193,0.33885309923926604,0.1460614418526517,16.350611669102026,73.46202632115525,103.45728724528452,159.2005012211699,1.8509635925292969
recorded_obs-0629-01,new_latest,253,18.056191,0.4447934338100025,current_image_current_state,16,,0.3423139327164135,-0.015567800435163537,0.3423139327164135,0.14974162466938934,15.868700339789488,72.93265242910283,102.97266895655831,158.71149636451665,1.8282053470611572
recorded_obs-0629-01,new_latest,253,18.056191,0.4447934338100025,current_image_current_state,17,,0.3368061539818335,-0.01287372325993969,0.3368061539818335,0.15320637408522433,16.611388554661286,72.2336233378858,103.72211013326292,157.9243972541454,1.7923901081085205
recorded_obs-0629-01,new_latest,253,18.056191,0.4447934338100025,current_image_current_state,18,,0.3467721706555153,-0.01798744816567868,0.3467721706555153,0.14890046379167038,15.287028021700017,73.71041003151583,102.45968869214595,159.4596052764556,1.8566906452178955
recorded_obs-0629-01,new_latest,253,18.056191,0.4447934338100025,current_image_current_state,19,,0.3356029338307141,-0.007855935127152984,0.3397340505300196,0.1506865052453617,16.89802969283313,71.78679401058784,104.04737004280312,157.50170631859226,1.8360259532928467
recorded_obs-0629-01,new_latest,253,18.056191,0.4447934338100025,start_image_current_state,0,,0.36302706903054516,0.02341041938072597,0.36302706903054516,0.18600188948380184,13.55182787599589,67.0892378305313,100.49197465201254,152.82953906928785,1.7582439184188843
recorded_obs-0629-01,new_latest,253,18.056191,0.4447934338100025,start_image_current_state,1,,0.35281232504456317,0.017546409993254842,0.35281232504456317,0.17893146378885671,14.841839151686154,68.6969488563339,101.88428072302084,154.49222805452322,1.755597472190857
recorded_obs-0629-01,new_latest,253,18.056191,0.4447934338100025,start_image_current_state,2,,0.36861740292322,0.04525763610964367,0.37136446033164927,0.20219392427353738,12.666639371236482,63.2232453236077,99.76531971832266,148.97485231512078,1.6484076976776123
recorded_obs-0629-01,new_latest,253,18.056191,0.4447934338100025,start_image_current_state,3,,0.36623352598737985,0.01034082778100367,0.36804925924802107,0.18014269725116341,13.041339010108647,68.84287881670254,100.0891646346248,154.5707210284136,1.831743597984314
recorded_obs-0629-01,new_latest,253,18.056191,0.4447934338100025,start_image_current_state,4,,0.3598179951785666,0.02046378851154764,0.3675804269355368,0.1822486543792475,13.93203344850555,67.43452870671977,100.91461154202861,153.1521500899911,1.8046886920928955
recorded_obs-0629-01,new_latest,253,18.056191,0.4447934338100025,start_image_current_state,5,,0.3658957634613076,0.049912572769160606,0.3658957634613076,0.2006182610632369,13.065197160171326,62.93746321502092,100.15436042447529,148.7690966609427,1.635819435119629
recorded_obs-0629-01,new_latest,253,18.056191,0.4447934338100025,start_image_current_state,6,,0.3702250020477413,0.013722940828246795,0.3702250020477413,0.18174343673279572,12.533982152893127,67.73439270961308,99.63415171321971,153.44412606132778,1.8208039999008179
recorded_obs-0629-01,new_latest,253,18.056191,0.4447934338100025,start_image_current_state,7,,0.3644024072408777,0.009474004474924622,0.3644024072408777,0.17439873917528378,13.231160297972872,68.84470753152638,100.28784038545058,154.5649706170348,1.8229730129241943
recorded_obs-0629-01,new_latest,253,18.056191,0.4447934338100025,start_image_current_state,8,,0.36410401484115185,0.02044388597814948,0.36410401484115185,0.1820606055916942,13.4375901470554,67.31786209525487,100.44624303877585,153.0195283310485,1.7856411933898926
recorded_obs-0629-01,new_latest,253,18.056191,0.4447934338100025,start_image_current_state,9,,0.36668404306860236,0.012781118121812946,0.36668404306860236,0.18356507747667503,13.032465160120447,68.93413108097211,100.08636817798657,154.68354904087946,1.7768585681915283
recorded_obs-0629-01,new_latest,253,18.056191,0.4447934338100025,start_image_current_state,10,,0.36274861450081153,0.022764174663859077,0.36274861450081153,0.18430167048194562,13.49524100118767,67.22361402261222,100.56325087314521,152.9630816542657,1.7518223524093628
recorded_obs-0629-01,new_latest,253,18.056191,0.4447934338100025,start_image_current_state,11,,0.36933942029212713,0.005706825488297281,0.36933942029212713,0.17662260427576892,12.617994760225383,69.85022979676127,99.63806777679906,155.53339160403235,1.8408241271972656
recorded_obs-0629-01,new_latest,253,18.056191,0.4447934338100025,start_image_current_state,12,,0.36846066278649087,0.026493174256831318,0.36875619949478244,0.190591312236794,12.934329966879801,66.09656712661103,99.86385660079293,151.90305920193296,1.7822093963623047
recorded_obs-0629-01,new_latest,253,18.056191,0.4447934338100025,start_image_current_state,13,,0.365351923621483,0.04059553828527202,0.36764066510628257,0.1990870224373348,13.263913959628814,62.80551047955056,100.41180820713632,148.46970280548933,1.6693419218063354
recorded_obs-0629-01,new_latest,253,18.056191,0.4447934338100025,start_image_current_state,14,,0.3596966710841036,0.02242020689854909,0.360685256136492,0.1833415004317073,13.9901559243698,66.99015386322161,100.96176454928248,152.74804059683996,1.701967716217041
recorded_obs-0629-01,new_latest,253,18.056191,0.4447934338100025,start_image_current_state,15,,0.3610753441917707,0.015463905028189517,0.3610753441917707,0.17762807196111197,13.793240336389038,67.74461268743075,100.8263339352252,153.47790083465975,1.772175669670105
recorded_obs-0629-01,new_latest,253,18.056191,0.4447934338100025,start_image_current_state,16,,0.3636803816474311,0.02397236635057204,0.3649223246002659,0.1823076033412986,13.452479024890705,66.46885828500301,100.46248257278867,152.2548729084161,1.729560375213623
recorded_obs-0629-01,new_latest,253,18.056191,0.4447934338100025,start_image_current_state,17,,0.3578242913554817,0.028893350796359164,0.36056763069998304,0.18818237923723835,14.168250587715647,65.40037032042025,101.20769059906588,151.07305109168786,1.6895452737808228
recorded_obs-0629-01,new_latest,253,18.056191,0.4447934338100025,start_image_current_state,18,,0.3677862836221923,0.021727404837694957,0.3677862836221923,0.18298062632572104,12.965979640904795,67.2633434679609,99.99169337166526,153.02041873740347,1.7564618587493896
recorded_obs-0629-01,new_latest,253,18.056191,0.4447934338100025,start_image_current_state,19,,0.35531345773209994,0.031999899095269846,0.3627620627632009,0.18402031542203168,14.645501311291225,65.19580393217339,101.69171056764861,150.90148046925694,1.758549690246582
recorded_obs-0629-01,new_latest,253,18.056191,0.4447934338100025,current_image_start_state,0,,-0.0010081312846909121,-0.11517884667058748,-0.0010081312846909121,-0.051605506164003535,71.11052381222957,82.74718087248294,144.9269821459967,165.52890197004285,1.3432438373565674
recorded_obs-0629-01,new_latest,253,18.056191,0.4447934338100025,current_image_start_state,1,,0.00016162990869464977,-0.11750664333389034,0.00016162990869464977,-0.052575763220598884,71.04649266072033,83.12882101886017,144.75503556343563,166.4207782557969,1.3890475034713745
recorded_obs-0629-01,new_latest,253,18.056191,0.4447934338100025,current_image_start_state,2,,-0.00036071679980015825,-0.1045832319285744,-0.00036071679980015825,-0.046633382294479594,71.12651495302023,81.1466425239983,144.82045141856156,163.6187189523368,1.2278707027435303
recorded_obs-0629-01,new_latest,253,18.056191,0.4447934338100025,current_image_start_state,3,,-0.0013333494977499773,-0.12444626940037098,-0.0013333494977499773,-0.05617279052444704,71.23819778006174,84.06533341614994,144.96401298479623,166.78682756980834,1.3503961563110352
recorded_obs-0629-01,new_latest,253,18.056191,0.4447934338100025,current_image_start_state,4,,-0.0004016216133828484,-0.1167076881663563,-0.0004016216133828484,-0.052405887966209375,71.11052599746913,82.95887443843696,144.8387870777349,165.5461559937457,1.323071837425232
recorded_obs-0629-01,new_latest,253,18.056191,0.4447934338100025,current_image_start_state,5,,-0.0014647711724998598,-0.10312469686299679,-0.0014647711724998598,-0.04575503455278001,71.33735144557983,80.88785360156022,144.98425486976495,163.77196913373714,1.2732480764389038
recorded_obs-0629-01,new_latest,253,18.056191,0.4447934338100025,current_image_start_state,6,,-0.001436359273082384,-0.12436273124270747,-0.001436359273082384,-0.0548888477778667,71.30144701837231,84.04864669833617,144.97742220471957,166.44837771627093,1.3685513734817505
recorded_obs-0629-01,new_latest,253,18.056191,0.4447934338100025,current_image_start_state,7,,-0.002087271537291273,-0.1173227455666075,-0.002087271537291273,-0.056404132087129605,71.26788712488978,83.02799444844263,145.0829838898987,165.4893824737417,1.2876325845718384
recorded_obs-0629-01,new_latest,253,18.056191,0.4447934338100025,current_image_start_state,8,,-0.0008768399400729023,-0.11844992982510888,-0.0008768399400729023,-0.05326632403256352,71.13721100010308,83.23149306277878,144.90809382698603,165.87075835037413,1.32185959815979
recorded_obs-0629-01,new_latest,253,18.056191,0.4447934338100025,current_image_start_state,9,,-0.002045410240425779,-0.12138682987798302,-0.002045410240425779,-0.05135661467468361,71.35337024506646,83.69365771556673,145.0686819102978,166.76592527517116,1.29396653175354
recorded_obs-0629-01,new_latest,253,18.056191,0.4447934338100025,current_image_start_state,10,,0.0008167868541143587,-0.11667862547823234,0.0008167868541143587,-0.051955970785619185,71.08632593544752,82.97577217937555,144.64608387234506,165.72965904482618,1.2852593660354614
recorded_obs-0629-01,new_latest,253,18.056191,0.4447934338100025,current_image_start_state,11,,0.0018842907325486245,-0.12196571490201875,0.0018842907325486245,-0.0557014268347406,71.04557374758461,83.81298210175551,144.47820442618908,166.45391780412973,1.3312761783599854
recorded_obs-0629-01,new_latest,253,18.056191,0.4447934338100025,current_image_start_state,12,,-0.0005213797351896226,-0.11210460897918013,-0.0005213797351896226,-0.04959099352588218,71.22828940239495,82.15115497211804,144.84112866661886,164.73619044678003,1.2937376499176025
recorded_obs-0629-01,new_latest,253,18.056191,0.4447934338100025,current_image_start_state,13,,-0.0005917887465413486,-0.11233613104866114,-0.0005917887465413486,-0.048163544763836594,71.1553851803548,82.241789400129,144.85764332360216,164.07311494405315,1.2592997550964355
recorded_obs-0629-01,new_latest,253,18.056191,0.4447934338100025,current_image_start_state,14,,-0.0003485101327066716,-0.1181865786880819,-0.0003485101327066716,-0.052802856268324594,71.15602184404575,83.12489689581417,144.82363691733565,165.84806186082534,1.3146460056304932
recorded_obs-0629-01,new_latest,253,18.056191,0.4447934338100025,current_image_start_state,15,,0.001684436541053589,-0.1163877099752889,0.001684436541053589,-0.053894345595694615,71.02980682368701,82.90558127197339,144.5200852348639,165.26123054178004,1.3081613779067993
recorded_obs-0629-01,new_latest,253,18.056191,0.4447934338100025,current_image_start_state,16,,-0.0010834276240888425,-0.11606179599829457,-0.0010834276240888425,-0.052009453978357933,71.18747560437855,82.77662792912773,144.93449433456271,165.5621183785135,1.2744920253753662
recorded_obs-0629-01,new_latest,253,18.056191,0.4447934338100025,current_image_start_state,17,,-0.0005065542048229989,-0.1148423508131473,-0.0005065542048229989,-0.05020494700536873,71.17196102067187,82.67504132518627,144.8481642330087,164.93015631597817,1.2592666149139404
recorded_obs-0629-01,new_latest,253,18.056191,0.4447934338100025,current_image_start_state,18,,0.0013645143548811193,-0.11510308702668039,0.0013645143548811193,-0.051565098944878984,70.88567124515573,82.67656495246558,144.57476048513175,165.40708470013308,1.2510955333709717
recorded_obs-0629-01,new_latest,253,18.056191,0.4447934338100025,current_image_start_state,19,,0.001354314876826214,-0.10820733960213484,0.001354314876826214,-0.0515100367618193,71.01444747954167,81.68051567970765,144.56761099685852,164.07158294087913,1.3029026985168457
recorded_obs-0629-01,new_latest,253,18.056191,0.4447934338100025,start_image_start_state,0,,0.009489119619221926,-0.1056853061274412,0.009489119619221926,-0.03895440727169432,69.43737845801301,81.38465991416975,143.46602904729656,164.52704319808439,1.3769086599349976
recorded_obs-0629-01,new_latest,253,18.056191,0.4447934338100025,start_image_start_state,1,,0.010546327824346545,-0.10921566281550392,0.010546327824346545,-0.039857187316914365,69.39257703694851,82.0029158867824,143.31116017608198,165.64414733010634,1.4317240715026855
recorded_obs-0629-01,new_latest,253,18.056191,0.4447934338100025,start_image_start_state,2,,0.010116197677508779,-0.09569230272787393,0.010116197677508779,-0.033622822144611736,69.45171348837722,79.84606755172038,143.3616666589989,162.65797864371336,1.2650172710418701
recorded_obs-0629-01,new_latest,253,18.056191,0.4447934338100025,start_image_start_state,3,,0.008993735835141799,-0.11643902542752144,0.008993735835141799,-0.04412858646583145,69.58058689321047,82.92583881467722,143.52737936319963,165.99857720146824,1.3779957294464111
recorded_obs-0629-01,new_latest,253,18.056191,0.4447934338100025,start_image_start_state,4,,0.0098867385316906,-0.10832601748033174,0.0098867385316906,-0.03978391291460033,69.475012960038,81.74974506272022,143.40726420150673,164.6877670599111,1.3492422103881836
recorded_obs-0629-01,new_latest,253,18.056191,0.4447934338100025,start_image_start_state,5,,0.008631474697856285,-0.09212233957830789,0.008631474697856285,-0.03209050449995331,69.73469118129357,79.29928605597355,143.57879328610326,162.5353595034284,1.3032740354537964
recorded_obs-0629-01,new_latest,253,18.056191,0.4447934338100025,start_image_start_state,6,,0.009884152943537441,-0.11514272997441584,0.009884152943537441,-0.0427804985817067,69.51134927001506,82.68843132069503,143.39654156204023,165.4370501625658,1.3978278636932373
recorded_obs-0629-01,new_latest,253,18.056191,0.4447934338100025,start_image_start_state,7,,0.008546127870240349,-0.11032669155952958,0.008546127870240349,-0.04477578976060317,69.57249656485631,81.98765109058277,143.60271791641514,164.81692204997793,1.3467316627502441
recorded_obs-0629-01,new_latest,253,18.056191,0.4447934338100025,start_image_start_state,8,,0.00957168784609101,-0.10961812623120847,0.00957168784609101,-0.0409622803788935,69.47451822600085,81.95138566573948,143.45488638865464,164.9330740165009,1.3594926595687866
recorded_obs-0629-01,new_latest,253,18.056191,0.4447934338100025,start_image_start_state,9,,0.007916985035943066,-0.11345648988709445,0.008807054839146915,-0.03872657800258071,69.76515547671605,82.57977509892471,143.6816882394037,166.01074373230205,1.335360050201416
recorded_obs-0629-01,new_latest,253,18.056191,0.4447934338100025,start_image_start_state,10,,0.011505096335603735,-0.10753443072785056,0.011505096335603735,-0.03928137693646118,69.4201530353132,81.65361583371369,143.1526552794666,164.77204147639216,1.3157572746276855
recorded_obs-0629-01,new_latest,253,18.056191,0.4447934338100025,start_image_start_state,11,,0.012254820736818299,-0.11432679650080214,0.012254820736818299,-0.04372326198387145,69.39288034480244,82.7119153490657,143.03204082575195,165.69632128001322,1.3552924394607544
recorded_obs-0629-01,new_latest,253,18.056191,0.4447934338100025,start_image_start_state,12,,0.009885989943097147,-0.10429099628827139,0.009885989943097147,-0.037163181006915895,69.51691246351285,80.99070605334265,143.39692691776258,163.91763374901467,1.3452028036117554
recorded_obs-0629-01,new_latest,253,18.056191,0.4447934338100025,start_image_start_state,13,,0.009424424308861678,-0.1032316269731181,0.009424424308861678,-0.03532520615602018,69.56481413560745,80.84495855925002,143.46308075700256,162.98234238092206,1.2839142084121704
recorded_obs-0629-01,new_latest,253,18.056191,0.4447934338100025,start_image_start_state,14,,0.00977485581500545,-0.10889354338199017,0.00977485581500545,-0.0403945499573283,69.53988780138552,81.77399548403687,143.41473406966475,164.86800760838,1.331040382385254
recorded_obs-0629-01,new_latest,253,18.056191,0.4447934338100025,start_image_start_state,15,,0.012292871363851772,-0.10914768878301162,0.012292871363851772,-0.042004909554964276,69.29740483250086,81.81564727860862,143.04403237950086,164.49720225129803,1.3475266695022583
recorded_obs-0629-01,new_latest,253,18.056191,0.4447934338100025,start_image_start_state,16,,0.0091254852615433,-0.1070201822451205,0.009764356319621048,-0.03993642300587197,69.57082603610915,81.47299987504101,143.51228673727803,164.60094436639238,1.3178516626358032
recorded_obs-0629-01,new_latest,253,18.056191,0.4447934338100025,start_image_start_state,17,,0.009938441807290062,-0.10487138957818165,0.009938441807290062,-0.03759214448179802,69.50753289432227,81.19636400533591,143.3929012342063,163.7928575676177,1.2841238975524902
recorded_obs-0629-01,new_latest,253,18.056191,0.4447934338100025,start_image_start_state,18,,0.011915018383329513,-0.10591106491965947,0.011915018383329513,-0.038988069339416585,69.21214088082004,81.35004312153488,143.10496079689486,164.44491767791163,1.281466007232666
recorded_obs-0629-01,new_latest,253,18.056191,0.4447934338100025,start_image_start_state,19,,0.012377269583034521,-0.09928646638936516,0.012377269583034521,-0.03916032802631898,69.24600787464566,80.3628830322424,143.03321788361154,163.09064597312184,1.343341588973999
recorded_obs-0629-01,new_latest,255,18.190535,0.4764682655636741,current_image_current_state,0,,0.3764001105925998,0.03089484490779548,0.3764001105925998,0.1973988773522934,15.551374447687197,70.25992690542108,98.61048948484063,151.6915677020761,1.7694125175476074
recorded_obs-0629-01,new_latest,255,18.190535,0.4764682655636741,current_image_current_state,1,,0.367073500896946,0.025074530646505618,0.367073500896946,0.18981772964787033,16.80102707550193,71.84648295175032,99.89767628142619,153.37656475086337,1.768807291984558
recorded_obs-0629-01,new_latest,255,18.190535,0.4764682655636741,current_image_current_state,2,,0.3816519995327863,0.05126895693020682,0.38304760357366,0.21202744874908586,14.69841296644869,66.66201438756873,97.92077357381214,148.10472938022258,1.661565899848938
recorded_obs-0629-01,new_latest,255,18.190535,0.4764682655636741,current_image_current_state,3,,0.37945961593387173,0.019432042259316693,0.3804077454073968,0.19223026256288692,15.015762540651568,71.78903842814934,98.20567933829483,153.21432306027128,1.8266372680664062
recorded_obs-0629-01,new_latest,255,18.190535,0.4764682655636741,current_image_current_state,4,,0.3743934709526918,0.02915232605442174,0.3800428730000654,0.19336194696648815,15.79044541201345,70.42575431392937,98.86102513000016,151.85552880283362,1.8013684749603271
recorded_obs-0629-01,new_latest,255,18.190535,0.4764682655636741,current_image_current_state,5,,0.3797442326646559,0.05370287057254237,0.3797442326646559,0.2099882543870281,15.000996866445478,66.68445227410695,98.2453794199626,148.26509417577023,1.6730287075042725
recorded_obs-0629-01,new_latest,255,18.190535,0.4764682655636741,current_image_current_state,6,,0.3823191203471251,0.022120818435930528,0.3823191203471251,0.1936185328878363,14.653992750247388,70.78780916715384,97.91277371282412,152.16951409164716,1.8258992433547974
recorded_obs-0629-01,new_latest,255,18.190535,0.4764682655636741,current_image_current_state,7,,0.37748901533225215,0.0200116039107877,0.37748901533225215,0.18716111345492106,15.272323014676065,71.55597993264288,98.4164374187063,152.94678125593293,1.8296946287155151
recorded_obs-0629-01,new_latest,255,18.190535,0.4764682655636741,current_image_current_state,8,,0.3774045136531624,0.026739909898426083,0.3774045136531624,0.19351787516329189,15.40887665669808,70.72119373693225,98.56512779956927,152.1257561488154,1.7997939586639404
recorded_obs-0629-01,new_latest,255,18.190535,0.4764682655636741,current_image_current_state,9,,0.38026065049398833,0.021095703596408666,0.38026065049398833,0.19522299778514302,14.954134932878711,71.95721104363602,98.15251445165867,153.42415925668232,1.7890359163284302
recorded_obs-0629-01,new_latest,255,18.190535,0.4764682655636741,current_image_current_state,10,,0.37665065920806506,0.02887221395319677,0.37665065920806506,0.19516601041676052,15.433954016542396,70.57120098744926,98.60553325364586,152.01926321620329,1.766362190246582
recorded_obs-0629-01,new_latest,255,18.190535,0.4764682655636741,current_image_current_state,11,,0.3830783472982073,0.015869668272962514,0.3830783472982073,0.18948530350880013,14.543877278136078,72.63433846875942,97.70454578716365,154.02731681356136,1.8601961135864258
recorded_obs-0629-01,new_latest,255,18.190535,0.4764682655636741,current_image_current_state,12,,0.38050414256277837,0.035370288684782286,0.38050414256277837,0.201833060057933,15.035249873560062,69.03149212861987,98.10697166805802,150.5185640321752,1.7824467420578003
recorded_obs-0629-01,new_latest,255,18.190535,0.4764682655636741,current_image_current_state,13,,0.37829396305945034,0.046054164842611475,0.37921565917979394,0.20856981402883035,15.246707617595199,66.41379506433749,98.54880295233373,147.7163008927527,1.6831564903259277
recorded_obs-0629-01,new_latest,255,18.190535,0.4764682655636741,current_image_current_state,14,,0.3734241607625327,0.030062921933806892,0.37373696909823884,0.19456804042324286,15.958766474551956,70.11925865529864,99.02572894584092,151.56683034041757,1.7139501571655273
recorded_obs-0629-01,new_latest,255,18.190535,0.4764682655636741,current_image_current_state,15,,0.37491056741497103,0.025974408527289983,0.37491056741497103,0.1903465263754811,15.743431890785779,70.46780850079676,98.86057859555615,151.89386947833438,1.7805352210998535
recorded_obs-0629-01,new_latest,255,18.190535,0.4764682655636741,current_image_current_state,16,,0.37783015013206,0.03163043503265676,0.37795906392169276,0.19419952604569804,15.369721922872854,69.72002616627155,98.50638202291663,151.18694343055054,1.7455673217773438
recorded_obs-0629-01,new_latest,255,18.190535,0.4764682655636741,current_image_current_state,17,,0.37147223323466566,0.03492424994629486,0.37288630101154735,0.1988720928087273,16.178375019981623,68.85354628253808,99.29026673185992,150.1919742704517,1.7104971408843994
recorded_obs-0629-01,new_latest,255,18.190535,0.4764682655636741,current_image_current_state,18,,0.379916641019847,0.029599350030398857,0.379916641019847,0.19432702991095355,15.067839825545322,70.35839220595112,98.24211651136787,151.8345901699195,1.767012119293213
recorded_obs-0629-01,new_latest,255,18.190535,0.4764682655636741,current_image_current_state,19,,0.369888487050528,0.03898238103535576,0.37572313796345863,0.1955618751889627,16.484471845390896,68.49904380505795,99.61826879398174,149.88398721722086,1.7643216848373413
recorded_obs-0629-01,new_latest,255,18.190535,0.4764682655636741,start_image_current_state,0,,0.38381176990041077,0.044856487813035154,0.3844032971693097,0.20929510584439592,14.751441505337558,67.97107085232233,97.81445201098497,149.38319971829185,1.7363905906677246
recorded_obs-0629-01,new_latest,255,18.190535,0.4764682655636741,start_image_current_state,1,,0.3729017822886813,0.03950882391512061,0.3729017822886813,0.2019015139642215,16.195617053204593,69.46028774808734,99.32067808842852,150.97305258355286,1.7263737916946411
recorded_obs-0629-01,new_latest,255,18.190535,0.4764682655636741,start_image_current_state,2,,0.3898557377162553,0.06849316402268353,0.39527213209605977,0.2268131473749457,13.831117587467093,63.90222366006356,97.09316535356835,145.3023897204275,1.6559829711914062
recorded_obs-0629-01,new_latest,255,18.190535,0.4764682655636741,start_image_current_state,3,,0.3878206811516464,0.03164983105646213,0.39272193887486856,0.20314667213207044,14.14411695272692,69.77410251145375,97.3537455527642,151.1541172462141,1.8384286165237427
recorded_obs-0629-01,new_latest,255,18.190535,0.4764682655636741,start_image_current_state,4,,0.3811099440610527,0.04274996291096154,0.3897446856142942,0.20524947108865702,15.093972552805116,68.18572750199337,98.19471046380059,149.58036463513034,1.7883973121643066
recorded_obs-0629-01,new_latest,255,18.190535,0.4764682655636741,start_image_current_state,5,,0.3877341762820032,0.07444676459896113,0.3877341762820032,0.22600951447229775,14.116575901025627,63.35564681402596,97.39918535763435,144.90727360901482,1.6171733140945435
recorded_obs-0629-01,new_latest,255,18.190535,0.4764682655636741,start_image_current_state,6,,0.39212998385999326,0.03469332940317068,0.39212998385999326,0.20411163272994473,13.57770562245845,68.72788281003733,96.84801378945974,150.0739041053681,1.8112211227416992
recorded_obs-0629-01,new_latest,255,18.190535,0.4764682655636741,start_image_current_state,7,,0.3859625642129323,0.030648415845786557,0.38694436143324384,0.1961910292278259,14.302819256231919,69.82019097277954,97.51022518366489,151.16845519115287,1.8240485191345215
recorded_obs-0629-01,new_latest,255,18.190535,0.4764682655636741,start_image_current_state,8,,0.38626810405592377,0.04271570762369129,0.38626810405592377,0.20501163045843196,14.441226279613808,68.10715704119356,97.63070261290319,149.46571102183458,1.7629011869430542
recorded_obs-0629-01,new_latest,255,18.190535,0.4764682655636741,start_image_current_state,9,,0.38919346713205394,0.0344474181549379,0.38919346713205394,0.20637629210722233,13.999051963463245,69.77300013214045,97.22569510904056,151.20443143330945,1.7607938051223755
recorded_obs-0629-01,new_latest,255,18.190535,0.4764682655636741,start_image_current_state,10,,0.3836287338194346,0.04440679082016417,0.3836287338194346,0.20770075184218478,14.68913226297979,68.08956666569435,97.88994697399295,149.51165344448646,1.734320044517517
recorded_obs-0629-01,new_latest,255,18.190535,0.4764682655636741,start_image_current_state,11,,0.3912666355649271,0.025745791368277995,0.3912666355649271,0.19885754441524328,13.653048086950488,70.92358830308694,96.85194242985496,152.27960074372152,1.8352546691894531
recorded_obs-0629-01,new_latest,255,18.190535,0.4764682655636741,start_image_current_state,12,,0.39030251694347895,0.04859706774116393,0.3928197929653788,0.21419306164615662,13.991943767222494,66.91033528104519,97.11158037599768,148.37356894549967,1.7782140970230103
recorded_obs-0629-01,new_latest,255,18.190535,0.4764682655636741,start_image_current_state,13,,0.38673691462709764,0.0631849003915764,0.3911410547605366,0.22339547833642928,14.350517970150252,63.688007759066544,97.68698368287919,144.93746141856252,1.6576337814331055
recorded_obs-0629-01,new_latest,255,18.190535,0.4764682655636741,start_image_current_state,14,,0.380810207902176,0.044472371632725334,0.38451759184406653,0.20628771390544026,15.169454140489602,67.85158244771793,98.26196168585236,149.26163221307868,1.7020963430404663
recorded_obs-0629-01,new_latest,255,18.190535,0.4764682655636741,start_image_current_state,15,,0.38130586806640726,0.03617321337564718,0.38130586806640726,0.19952174855634466,15.065930696232222,68.79118727504398,98.22093297342006,150.15824606549995,1.7620197534561157
recorded_obs-0629-01,new_latest,255,18.190535,0.4764682655636741,start_image_current_state,16,,0.38519405625473896,0.046207634092644806,0.38776853243325055,0.20478332476898367,14.555430508751101,67.29181148290557,97.70301380041849,148.73367791004569,1.7171781063079834
recorded_obs-0629-01,new_latest,255,18.190535,0.4764682655636741,start_image_current_state,17,,0.37901450369393624,0.05054461352897861,0.38269000620698224,0.2115057971776359,15.361876286459706,66.31618223782431,98.52102894165544,147.60515241039684,1.69194757938385
recorded_obs-0629-01,new_latest,255,18.190535,0.4764682655636741,start_image_current_state,18,,0.3898618631574128,0.043152708245924105,0.3898618631574128,0.2062477786682676,13.993809149356665,68.124448544795,97.19731764902401,149.57374891175252,1.739900827407837
recorded_obs-0629-01,new_latest,255,18.190535,0.4764682655636741,start_image_current_state,19,,0.37591797258981374,0.05446177821438348,0.3854404773885066,0.20702593470437636,15.968631341824283,65.9923056010998,99.13140047544495,147.3197022331739,1.7671008110046387
recorded_obs-0629-01,new_latest,255,18.190535,0.4764682655636741,current_image_start_state,0,,0.007688274098263824,-0.09974300167172429,0.007688274098263824,-0.037050539322864284,74.151363860576,85.10775160254514,143.68745508265755,163.50725754580876,1.3532524108886719
recorded_obs-0629-01,new_latest,255,18.190535,0.4764682655636741,current_image_start_state,1,,0.00881567445581925,-0.1025613993005284,0.00881567445581925,-0.038230050732297204,74.08574098664414,85.60727566694874,143.52249288597267,164.516137143311,1.4003639221191406
recorded_obs-0629-01,new_latest,255,18.190535,0.4764682655636741,current_image_start_state,2,,0.008534586035589565,-0.08998581460782105,0.008534586035589565,-0.032252084458232834,74.17589330212203,83.60786068153386,143.5490578132043,161.6898761567018,1.2226085662841797
recorded_obs-0629-01,new_latest,255,18.190535,0.4764682655636741,current_image_start_state,3,,0.007517212296600866,-0.10988073257810073,0.007517212296600866,-0.04200702434346608,74.26139140977969,86.57233875234347,143.7025350620311,164.91306203758307,1.363706350326538
recorded_obs-0629-01,new_latest,255,18.190535,0.4764682655636741,current_image_start_state,4,,0.00796237676546831,-0.10163403625254973,0.00796237676546831,-0.03792504802076083,74.18166689178943,85.36369577338725,143.6475796170911,163.55182699910927,1.3090764284133911
recorded_obs-0629-01,new_latest,255,18.190535,0.4764682655636741,current_image_start_state,5,,0.006597195941089125,-0.08786562378434634,0.006597195941089125,-0.031368603594489265,74.47659261100598,83.28959080503441,143.8329824912059,161.77393548703245,1.2720534801483154
recorded_obs-0629-01,new_latest,255,18.190535,0.4764682655636741,current_image_start_state,6,,0.007621666999794414,-0.10885508813523512,0.007621666999794414,-0.04077590092776332,74.31333045152421,86.3799608393255,143.68307045906525,164.38250807880834,1.3531577587127686
recorded_obs-0629-01,new_latest,255,18.190535,0.4764682655636741,current_image_start_state,7,,0.006367912799508322,-0.10307276301704184,0.006367912799508322,-0.04225470775984285,74.33967483811685,85.55334329626422,143.87765728873285,163.6139823881681,1.310800552368164
recorded_obs-0629-01,new_latest,255,18.190535,0.4764682655636741,current_image_start_state,8,,0.00768720818540957,-0.10414663218401203,0.00768720818540957,-0.039085678018124397,74.18739544687286,85.74986694471129,143.68894678722867,164.0070506984129,1.331940770149231
recorded_obs-0629-01,new_latest,255,18.190535,0.4764682655636741,current_image_start_state,9,,0.005808381530400112,-0.10661260010817702,0.006916868490681075,-0.03723232164461429,74.52224197751032,86.19825618516136,143.94785585907084,164.8904402938104,1.3117094039916992
recorded_obs-0629-01,new_latest,255,18.190535,0.4764682655636741,current_image_start_state,10,,0.009662298160657893,-0.10168773766541878,0.009662298160657893,-0.03750129141966528,74.14655211822217,85.4180051627505,143.3792712955968,163.78567577303997,1.2953625917434692
recorded_obs-0629-01,new_latest,255,18.190535,0.4764682655636741,current_image_start_state,11,,0.010561865167918284,-0.10703311543977329,0.010561865167918284,-0.041338708760835695,74.09355221209202,86.25370332233068,143.23846449471736,164.4942328482252,1.3335003852844238
recorded_obs-0629-01,new_latest,255,18.190535,0.4764682655636741,current_image_start_state,12,,0.00783177050167437,-0.09794716029678922,0.00783177050167437,-0.03544538927186171,74.31912678496462,84.70045318680528,143.64980428232016,162.87835196707684,1.3022770881652832
recorded_obs-0629-01,new_latest,255,18.190535,0.4764682655636741,current_image_start_state,13,,0.007637040993004497,-0.09719684824755792,0.007637040993004497,-0.03386742955196582,74.28125220760437,84.6009653694666,143.68251922134633,161.99256147862042,1.240096092224121
recorded_obs-0629-01,new_latest,255,18.190535,0.4764682655636741,current_image_start_state,14,,0.008434256800674788,-0.10289011241178293,0.008434256800674788,-0.03853213677550097,74.18384367321171,85.50706769641137,143.5704083696931,163.85360486655978,1.3021230697631836
recorded_obs-0629-01,new_latest,255,18.190535,0.4764682655636741,current_image_start_state,15,,0.01041560816329043,-0.10217237846140863,0.01041560816329043,-0.039682719594365444,74.01474349174906,85.40951009747081,143.2796053649503,163.33263584635353,1.3108028173446655
recorded_obs-0629-01,new_latest,255,18.190535,0.4764682655636741,current_image_start_state,16,,0.00731626268745794,-0.10091517171917386,0.007980609376329833,-0.03805270658882964,74.26493318122894,85.2007856192108,143.73783762352318,163.6174611822666,1.2800838947296143
recorded_obs-0629-01,new_latest,255,18.190535,0.4764682655636741,current_image_start_state,17,,0.008449413857282682,-0.09919523405099495,0.008449413857282682,-0.03588572605513198,74.16183291231056,84.98656473010799,143.57133034650434,162.82782294617542,1.2495946884155273
recorded_obs-0629-01,new_latest,255,18.190535,0.4764682655636741,current_image_start_state,18,,0.009840682658760709,-0.09981770127192353,0.009840682658760709,-0.03722161898039537,73.98817332896753,85.07239429778261,143.36281701998126,163.41984020338177,1.2539931535720825
recorded_obs-0629-01,new_latest,255,18.190535,0.4764682655636741,current_image_start_state,19,,0.010490428717695373,-0.09338111466104329,0.010490428717695373,-0.03732572641260112,74.01155615514593,84.10912544997892,143.26276540918636,162.06870620400915,1.3082355260849
recorded_obs-0629-01,new_latest,255,18.190535,0.4764682655636741,start_image_start_state,0,,0.009489119619221926,-0.1056853061274412,0.009489119619221926,-0.03895440727169432,73.69870630028704,86.00285093682265,143.46602904729656,164.52704319808439,1.3769086599349976
recorded_obs-0629-01,new_latest,255,18.190535,0.4764682655636741,start_image_start_state,1,,0.010546327824346545,-0.10921566281550392,0.010546327824346545,-0.039857187316914365,73.63608238975756,86.61332821142294,143.31116017608198,165.64414733010634,1.4317240715026855
recorded_obs-0629-01,new_latest,255,18.190535,0.4764682655636741,start_image_start_state,2,,0.010116197677508779,-0.09569230272787393,0.010116197677508779,-0.033622822144611736,73.70601896442034,84.46500627925684,143.3616666589989,162.65797864371336,1.2650172710418701
recorded_obs-0629-01,new_latest,255,18.190535,0.4764682655636741,start_image_start_state,3,,0.008993735835141799,-0.11643902542752144,0.008993735835141799,-0.04412858646583145,73.83779164380525,87.54403412477171,143.52737936319963,165.99857720146824,1.3779957294464111
recorded_obs-0629-01,new_latest,255,18.190535,0.4764682655636741,start_image_start_state,4,,0.0098867385316906,-0.10832601748033174,0.0098867385316906,-0.03978391291460033,73.72130261806466,86.37014429329939,143.40726420150673,164.6877670599111,1.3492422103881836
recorded_obs-0629-01,new_latest,255,18.190535,0.4764682655636741,start_image_start_state,5,,0.008631474697856285,-0.09212233957830789,0.008631474697856285,-0.03209050449995331,73.97408692735328,83.91210136037427,143.57879328610326,162.5353595034284,1.3032740354537964
recorded_obs-0629-01,new_latest,255,18.190535,0.4764682655636741,start_image_start_state,6,,0.009884152943537441,-0.11514272997441584,0.009884152943537441,-0.0427804985817067,73.76159894675865,87.30680966583643,143.39654156204023,165.4370501625658,1.3978278636932373
recorded_obs-0629-01,new_latest,255,18.190535,0.4764682655636741,start_image_start_state,7,,0.008546127870240349,-0.11032669155952958,0.008546127870240349,-0.04477578976060317,73.82982337305681,86.61065957996628,143.60271791641514,164.81692204997793,1.3467316627502441
recorded_obs-0629-01,new_latest,255,18.190535,0.4764682655636741,start_image_start_state,8,,0.00957168784609101,-0.10961812623120847,0.00957168784609101,-0.0409622803788935,73.7269158075555,86.56914432346053,143.45488638865464,164.9330740165009,1.3594926595687866
recorded_obs-0629-01,new_latest,255,18.190535,0.4764682655636741,start_image_start_state,9,,0.007916985035943066,-0.11345648988709445,0.008807054839146915,-0.03872657800258071,74.0171306663947,87.20239021478906,143.6816882394037,166.01074373230205,1.335360050201416
recorded_obs-0629-01,new_latest,255,18.190535,0.4764682655636741,start_image_start_state,10,,0.011505096335603735,-0.10753443072785056,0.011505096335603735,-0.03928137693646118,73.65839336248173,86.27184124583601,143.1526552794666,164.77204147639216,1.3157572746276855
recorded_obs-0629-01,new_latest,255,18.190535,0.4764682655636741,start_image_start_state,11,,0.012254820736818299,-0.11432679650080214,0.012254820736818299,-0.04372326198387145,73.62988654482349,87.33020607727175,143.03204082575195,165.69632128001322,1.3552924394607544
recorded_obs-0629-01,new_latest,255,18.190535,0.4764682655636741,start_image_start_state,12,,0.009885989943097147,-0.10429099628827139,0.009885989943097147,-0.037163181006915895,73.76741126024093,85.6117500091522,143.39692691776258,163.91763374901467,1.3452028036117554
recorded_obs-0629-01,new_latest,255,18.190535,0.4764682655636741,start_image_start_state,13,,0.009424424308861678,-0.1032316269731181,0.009424424308861678,-0.03532520615602018,73.81322421583506,85.46238860744998,143.46308075700256,162.98234238092206,1.2839142084121704
recorded_obs-0629-01,new_latest,255,18.190535,0.4764682655636741,start_image_start_state,14,,0.00977485581500545,-0.10889354338199017,0.00977485581500545,-0.0403945499573283,73.78651160161995,86.39804279596419,143.41473406966475,164.86800760838,1.331040382385254
recorded_obs-0629-01,new_latest,255,18.190535,0.4764682655636741,start_image_start_state,15,,0.012292871363851772,-0.10914768878301162,0.012292871363851772,-0.042004909554964276,73.53257343347323,86.43054389833816,143.04403237950086,164.49720225129803,1.3475266695022583
recorded_obs-0629-01,new_latest,255,18.190535,0.4764682655636741,start_image_start_state,16,,0.0091254852615433,-0.1070201822451205,0.009764356319621048,-0.03993642300587197,73.82358628809635,86.08895098047752,143.51228673727803,164.60094436639238,1.3178516626358032
recorded_obs-0629-01,new_latest,255,18.190535,0.4764682655636741,start_image_start_state,17,,0.009938441807290062,-0.10487138957818165,0.009938441807290062,-0.03759214448179802,73.75318928506941,85.81525057560216,143.3929012342063,163.7928575676177,1.2841238975524902
recorded_obs-0629-01,new_latest,255,18.190535,0.4764682655636741,start_image_start_state,18,,0.011915018383329513,-0.10591106491965947,0.011915018383329513,-0.038988069339416585,73.46536365045132,85.96955514918372,143.10496079689486,164.44491767791163,1.281466007232666
recorded_obs-0629-01,new_latest,255,18.190535,0.4764682655636741,start_image_start_state,19,,0.012377269583034521,-0.09928646638936516,0.012377269583034521,-0.03916032802631898,73.48921501685321,84.9838638107585,143.03321788361154,163.09064597312184,1.343341588973999
recorded_obs-0629-01,new_latest,257,18.32268,0.507114780127612,current_image_current_state,0,,0.40029727677141747,0.039066940956551284,0.4003429986795944,0.21486411040022843,16.69133511923707,73.48813821892836,95.6015656542735,150.6156110870571,1.8261306285858154
recorded_obs-0629-01,new_latest,257,18.32268,0.507114780127612,current_image_current_state,1,,0.38686195202228546,0.03182925395533742,0.38686195202228546,0.206074858451704,18.453353637171325,75.23921883721218,97.35498750178034,152.45213066049527,1.8166347742080688
recorded_obs-0629-01,new_latest,257,18.32268,0.507114780127612,current_image_current_state,2,,0.40584964631706016,0.06193980071264085,0.4118965825577908,0.23234527255869888,15.789767049975838,69.5441553755557,94.89424873484411,146.64965082175905,1.7406939268112183
recorded_obs-0629-01,new_latest,257,18.32268,0.507114780127612,current_image_current_state,3,,0.4038752262946701,0.02470112086262183,0.4078780093998425,0.20846800259988232,16.102248076754606,75.50188482290207,95.14535643859456,152.5827759346744,1.926594853401184
recorded_obs-0629-01,new_latest,257,18.32268,0.507114780127612,current_image_current_state,4,,0.39641876847187535,0.036517407084215,0.40596695788011855,0.2103866919264047,17.14843685654366,73.76154578804484,96.0866243266787,150.864463752206,1.8791625499725342
recorded_obs-0629-01,new_latest,257,18.32268,0.507114780127612,current_image_current_state,5,,0.40317231114222724,0.06591575033590957,0.40317231114222724,0.2306989010068244,16.193288447865967,69.28833904279546,95.30001698963979,146.55416333179016,1.713021993637085
recorded_obs-0629-01,new_latest,257,18.32268,0.507114780127612,current_image_current_state,6,,0.40778557631781337,0.028328576071182773,0.40778557631781337,0.20936312503865123,15.595518237596083,74.39742695443866,94.71887522137625,151.44023070637058,1.9003621339797974
recorded_obs-0629-01,new_latest,257,18.32268,0.507114780127612,current_image_current_state,7,,0.40074608426286296,0.023251055193008394,0.4022013566752902,0.20097063055827125,16.43426592928728,75.56869314922076,95.43622105600637,152.6247694649654,1.9117004871368408
recorded_obs-0629-01,new_latest,257,18.32268,0.507114780127612,current_image_current_state,8,,0.4010869997365574,0.03578856517066573,0.4016074949772468,0.21009071295500997,16.571921331398237,73.80818200647616,95.61236054615131,150.88941379197027,1.8527981042861938
recorded_obs-0629-01,new_latest,257,18.32268,0.507114780127612,current_image_current_state,9,,0.4043907694071353,0.026862884723908634,0.4043907694071353,0.21093852585208644,16.067410157092343,75.5765722831663,95.14580123458644,152.70377761171508,1.8497698307037354
recorded_obs-0629-01,new_latest,257,18.32268,0.507114780127612,current_image_current_state,10,,0.39936650608650764,0.0385830443708453,0.39936650608650764,0.21257351276102007,16.71060862973835,73.6082273962532,95.72598716195574,150.7441071553341,1.812589168548584
recorded_obs-0629-01,new_latest,257,18.32268,0.507114780127612,current_image_current_state,11,,0.40711767056612874,0.020473070651005038,0.40711767056612874,0.2044162785741938,15.662749844569174,76.38307822356407,94.70514689664365,153.4446704914727,1.9291527271270752
recorded_obs-0629-01,new_latest,257,18.32268,0.507114780127612,current_image_current_state,12,,0.4052239465689513,0.04277502110257045,0.4088588123769374,0.21960637176261302,16.09100819557903,72.46144044925174,95.06582078129487,149.62628832581956,1.8695846796035767
recorded_obs-0629-01,new_latest,257,18.32268,0.507114780127612,current_image_current_state,13,,0.4021816957659972,0.05743502135805221,0.40682263990522377,0.22897629067593508,16.404602888884728,69.1940627708272,95.56436541933229,146.16589433332084,1.7393718957901
recorded_obs-0629-01,new_latest,257,18.32268,0.507114780127612,current_image_current_state,14,,0.39708089465461904,0.03662451854708387,0.39985984772715466,0.21089654076611167,17.103877064235576,73.6525684592684,96.02944413727836,150.7719332876858,1.7945399284362793
recorded_obs-0629-01,new_latest,257,18.32268,0.507114780127612,current_image_current_state,15,,0.3961442840463663,0.029960214227180468,0.3961442840463663,0.20429798748849295,17.213695706158187,74.43204674734339,96.17823513500716,151.51171251719032,1.8381403684616089
recorded_obs-0629-01,new_latest,257,18.32268,0.507114780127612,current_image_current_state,16,,0.40040496208802373,0.03799264537241888,0.4029924779299788,0.20863933489543346,16.6307917123492,73.22497891515211,95.60866962560992,150.36359082853556,1.809479832649231
recorded_obs-0629-01,new_latest,257,18.32268,0.507114780127612,current_image_current_state,17,,0.3939949738704206,0.04414248809186693,0.39775931618869836,0.2162977407873571,17.481870537268783,71.94171851728453,96.4513122351179,148.94264252670985,1.763485312461853
recorded_obs-0629-01,new_latest,257,18.32268,0.507114780127612,current_image_current_state,18,,0.4048697903832325,0.03758390497009663,0.4048697903832325,0.2109896448350422,16.079310284141233,73.63398914633036,95.14261179817468,150.77942204685,1.8258153200149536
recorded_obs-0629-01,new_latest,257,18.32268,0.507114780127612,current_image_current_state,19,,0.3890620476787711,0.04694136533665933,0.4008964194984035,0.2117419202700035,18.312360308707557,71.79810933069865,97.27923348210534,148.8659989965508,1.8510751724243164
recorded_obs-0629-01,new_latest,257,18.32268,0.507114780127612,start_image_current_state,0,,0.40151728206262105,0.061004855809127304,0.4026802917095778,0.22715189342064332,16.65897044441562,70.01774526556291,95.50099593234297,147.14433693809892,1.7385565042495728
recorded_obs-0629-01,new_latest,257,18.32268,0.507114780127612,start_image_current_state,1,,0.38914749414174543,0.05610053776841128,0.38914749414174543,0.21960888660121974,18.292423002433168,71.40688772525303,97.16078557095456,148.6459814663134,1.7142740488052368
recorded_obs-0629-01,new_latest,257,18.32268,0.507114780127612,start_image_current_state,2,,0.4078264742499,0.08569283588874764,0.4157764378922576,0.24556531132286366,15.70261394141101,65.7837416828622,94.7549275649193,142.89268714229485,1.6680567264556885
recorded_obs-0629-01,new_latest,257,18.32268,0.507114780127612,start_image_current_state,3,,0.4064504271101444,0.0474396212289506,0.41191570194879357,0.22061285778176035,15.94533307549737,71.87924304801604,94.94233738374501,148.95944033366223,1.8534899950027466
recorded_obs-0629-01,new_latest,257,18.32268,0.507114780127612,start_image_current_state,4,,0.3984974904598221,0.05897653536634152,0.408927667986953,0.2229096671936391,17.02475897944366,70.21786868896686,95.91529164213183,147.30838388485586,1.7980268001556396
recorded_obs-0629-01,new_latest,257,18.32268,0.507114780127612,start_image_current_state,5,,0.40602732559090376,0.09257290443037562,0.40602732559090376,0.24527348537495886,15.98564530553985,65.07720852195112,95.0576632620153,142.33945857712854,1.6190141439437866
recorded_obs-0629-01,new_latest,257,18.32268,0.507114780127612,start_image_current_state,6,,0.4111190912567139,0.05073568903777131,0.4111190912567139,0.22118035763930427,15.333178210060787,70.86021398236404,94.40012616200637,147.87719317864588,1.820997714996338
recorded_obs-0629-01,new_latest,257,18.32268,0.507114780127612,start_image_current_state,7,,0.4044079228375257,0.04607092509172651,0.4057549672856993,0.212953306706433,16.130358235748414,71.96137460707028,95.11298258076994,148.99800384079552,1.8226585388183594
recorded_obs-0629-01,new_latest,257,18.32268,0.507114780127612,start_image_current_state,8,,0.4037501404340876,0.059183291088470216,0.40545169136040754,0.22260494903248676,16.394521652792335,70.12817968957901,95.36599776298499,147.187610839181,1.7787219285964966
recorded_obs-0629-01,new_latest,257,18.32268,0.507114780127612,start_image_current_state,9,,0.40680826052726904,0.050254887852290216,0.40680826052726904,0.22371266757306066,15.931897663139148,71.90021441140073,94.93841754775627,149.0391923155438,1.7631582021713257
recorded_obs-0629-01,new_latest,257,18.32268,0.507114780127612,start_image_current_state,10,,0.40184234024178606,0.06129383656321003,0.40184234024178606,0.2253693276436537,16.547188181206096,70.04544109599519,95.52872244416724,147.17155025719595,1.737725019454956
recorded_obs-0629-01,new_latest,257,18.32268,0.507114780127612,start_image_current_state,11,,0.4095092538212377,0.04081620044621084,0.4095092538212377,0.21580016539983238,15.516918784196488,73.15474021668193,94.51637641762798,150.21351169599734,1.83879554271698
recorded_obs-0629-01,new_latest,257,18.32268,0.507114780127612,start_image_current_state,12,,0.4086821337790139,0.06461856060260396,0.41272538973461453,0.2320705016632167,15.840640824526696,68.99231850079106,94.75799018434185,146.15979632559703,1.7954274415969849
recorded_obs-0629-01,new_latest,257,18.32268,0.507114780127612,start_image_current_state,13,,0.40504513323353925,0.08037778496849876,0.41070802186341177,0.24227311945624552,16.194368420831285,65.6469078174471,95.30104150193672,142.56925344492223,1.6681069135665894
recorded_obs-0629-01,new_latest,257,18.32268,0.507114780127612,start_image_current_state,14,,0.39905478407149425,0.06068523191271881,0.403118225051863,0.2238282904264195,17.028221627762704,69.89282472953136,95.8944989466407,147.0062017080398,1.7122180461883545
recorded_obs-0629-01,new_latest,257,18.32268,0.507114780127612,start_image_current_state,15,,0.3984142190556357,0.05144408733381894,0.3987168152061904,0.21598701339907192,17.07245193851983,70.97790720266633,95.99055203351749,148.04646804201118,1.7600435018539429
recorded_obs-0629-01,new_latest,257,18.32268,0.507114780127612,start_image_current_state,16,,0.4028031938249266,0.062228504912432356,0.4065590540840067,0.2218679162537156,16.46667299161602,69.34955486916756,95.39509305569266,146.4859278190644,1.7235382795333862
recorded_obs-0629-01,new_latest,257,18.32268,0.507114780127612,start_image_current_state,17,,0.3969915998757519,0.06672516065378944,0.4014783638108755,0.22939026724735137,17.273178718458578,68.38960566669232,96.20510310868995,145.36745931144972,1.6907786130905151
recorded_obs-0629-01,new_latest,257,18.32268,0.507114780127612,start_image_current_state,18,,0.40813798641844934,0.06009081929162179,0.40813798641844934,0.2238993882386712,15.829680286646608,70.02220979039346,94.84647942338233,147.15970341407456,1.742267370223999
recorded_obs-0629-01,new_latest,257,18.32268,0.507114780127612,start_image_current_state,19,,0.3925694197396061,0.07103248032400164,0.4040075012277393,0.22456911127748383,18.04581012894272,67.98007916283588,96.97563282973549,145.00629583705006,1.77443265914917
recorded_obs-0629-01,new_latest,257,18.32268,0.507114780127612,current_image_start_state,0,,0.005953428097961232,-0.1141426396842293,0.005953428097961232,-0.046112646904884515,78.03933733478591,91.63463329388337,143.97267235353314,165.97858249529315,1.4029818773269653
recorded_obs-0629-01,new_latest,257,18.32268,0.507114780127612,current_image_start_state,1,,0.007105091429630532,-0.11825656284410346,0.007105091429630532,-0.047122011818612454,77.94609793695247,92.41181439087603,143.80460703038295,167.20190415560495,1.448593020439148
recorded_obs-0629-01,new_latest,257,18.32268,0.507114780127612,current_image_start_state,2,,0.007148505586209122,-0.10377408637972461,0.007148505586209122,-0.04073107124788155,77.97026978085422,90.00964225602037,143.7855065229328,164.0643923863405,1.2870920896530151
recorded_obs-0629-01,new_latest,257,18.32268,0.507114780127612,current_image_start_state,3,,0.0059844043567893,-0.12464029828026853,0.0059844043567893,-0.05088337621190778,78.09851846719232,93.14866573784964,143.95931647405092,167.43962175550885,1.401544451713562
recorded_obs-0629-01,new_latest,257,18.32268,0.507114780127612,current_image_start_state,4,,0.006076292847999868,-0.11676385118041116,0.006076292847999868,-0.046796573249175064,78.0859466074936,91.97337592899494,143.95395432943621,166.16190628098727,1.3770302534103394
recorded_obs-0629-01,new_latest,257,18.32268,0.507114780127612,current_image_start_state,5,,0.005236688995228257,-0.10218183676153897,0.005236688995228257,-0.039824623659887856,78.26222389561428,89.80707295803643,144.0669459268696,164.247777931539,1.316864252090454
recorded_obs-0629-01,new_latest,257,18.32268,0.507114780127612,current_image_start_state,6,,0.0057831650861056025,-0.12323991491012419,0.0057831650861056025,-0.04925526695225301,78.16593792919093,92.82587744619828,143.98620048281592,166.83140639022892,1.4227440357208252
recorded_obs-0629-01,new_latest,257,18.32268,0.507114780127612,current_image_start_state,7,,0.0045782424210248215,-0.11888242977227363,0.0045782424210248215,-0.05126567143258084,78.21017600953114,92.22641683021172,144.17460358749312,166.27801767936498,1.362419843673706
recorded_obs-0629-01,new_latest,257,18.32268,0.507114780127612,current_image_start_state,8,,0.006006596438088451,-0.11736015325624004,0.006006596438088451,-0.04757703306588606,78.03930565436299,92.06685558038401,143.9687495915623,166.29570466421677,1.3778510093688965
recorded_obs-0629-01,new_latest,257,18.32268,0.507114780127612,current_image_start_state,9,,0.004272700158248749,-0.12159079287108834,0.0043362704669412215,-0.045901809563822456,78.3449463427104,92.84607039541713,144.2068997162541,167.44960493354498,1.361704707145691
recorded_obs-0629-01,new_latest,257,18.32268,0.507114780127612,current_image_start_state,10,,0.008205852173360423,-0.11554962867503966,0.008205852173360423,-0.04606949740298374,77.91598979313035,91.85184379175485,143.6281313481172,166.15973478029875,1.3440029621124268
recorded_obs-0629-01,new_latest,257,18.32268,0.507114780127612,current_image_start_state,11,,0.00867318977361982,-0.12203652437978157,0.00867318977361982,-0.05018992624370231,77.9345220368153,92.84969873226211,143.54752645088448,167.04766593323635,1.3896738290786743
recorded_obs-0629-01,new_latest,257,18.32268,0.507114780127612,current_image_start_state,12,,0.006037616137172255,-0.11310685358576235,0.006037616137172255,-0.04409640559565776,78.15142369916916,91.29776618087436,143.94611676761252,165.44932916127064,1.3548473119735718
recorded_obs-0629-01,new_latest,257,18.32268,0.507114780127612,current_image_start_state,13,,0.00562275997621615,-0.11101871141648015,0.00562275997621615,-0.0421552381607339,78.16365121735525,90.90843188649256,144.0088334324696,164.3154524144298,1.3038434982299805
recorded_obs-0629-01,new_latest,257,18.32268,0.507114780127612,current_image_start_state,14,,0.007108910405243723,-0.11790052072078495,0.007108910405243723,-0.047380924660200774,77.98236953641312,92.11607791347733,143.79927682810992,166.40936515351098,1.373112678527832
recorded_obs-0629-01,new_latest,257,18.32268,0.507114780127612,current_image_start_state,15,,0.008619541033861344,-0.1169939860517238,0.008619541033861344,-0.04845467852846339,77.90694242381377,91.91352575553522,143.5680797324847,165.85062651730698,1.352986216545105
recorded_obs-0629-01,new_latest,257,18.32268,0.507114780127612,current_image_start_state,16,,0.0055735237668386685,-0.11590716175090918,0.005860905684057278,-0.04717193053261413,78.15646067051152,91.818640043973,144.02224539293965,166.14302710596905,1.3244513273239136
recorded_obs-0629-01,new_latest,257,18.32268,0.507114780127612,current_image_start_state,17,,0.006695965466153332,-0.11369410928756314,0.006695965466153332,-0.04448748912650341,78.04058630493647,91.42971153138753,143.85781447925513,165.28619209224664,1.3235433101654053
recorded_obs-0629-01,new_latest,257,18.32268,0.507114780127612,current_image_start_state,18,,0.007786757080495877,-0.11420876610356259,0.007786757080495877,-0.046126453234937435,77.88156170214484,91.58883300198521,143.69648415592522,165.8815975727882,1.306365966796875
recorded_obs-0629-01,new_latest,257,18.32268,0.507114780127612,current_image_start_state,19,,0.00868227457306948,-0.107896836347518,0.00868227457306948,-0.045921924225154294,77.8382907531087,90.58557673120423,143.56376972992686,164.53160418977035,1.3330612182617188
recorded_obs-0629-01,new_latest,257,18.32268,0.507114780127612,start_image_start_state,0,,0.009489119619221926,-0.1056853061274412,0.009489119619221926,-0.03895440727169432,77.54974372341415,90.38957390678225,143.46602904729656,164.52704319808439,1.3769086599349976
recorded_obs-0629-01,new_latest,257,18.32268,0.507114780127612,start_image_start_state,1,,0.010546327824346545,-0.10921566281550392,0.010546327824346545,-0.039857187316914365,77.47716355683718,91.01603288452276,143.31116017608198,165.64414733010634,1.4317240715026855
recorded_obs-0629-01,new_latest,257,18.32268,0.507114780127612,start_image_start_state,2,,0.010116197677508779,-0.09569230272787393,0.010116197677508779,-0.033622822144611736,77.54805468201738,88.84003944551064,143.3616666589989,162.65797864371336,1.2650172710418701
recorded_obs-0629-01,new_latest,257,18.32268,0.507114780127612,start_image_start_state,3,,0.008993735835141799,-0.11643902542752144,0.008993735835141799,-0.04412858646583145,77.68383076468334,91.93100553019457,143.52737936319963,165.99857720146824,1.3779957294464111
recorded_obs-0629-01,new_latest,257,18.32268,0.507114780127612,start_image_start_state,4,,0.0098867385316906,-0.10832601748033174,0.0098867385316906,-0.03978391291460033,77.56476014633772,90.75045390624005,143.40726420150673,164.6877670599111,1.3492422103881836
recorded_obs-0629-01,new_latest,257,18.32268,0.507114780127612,start_image_start_state,5,,0.008631474697856285,-0.09212233957830789,0.008631474697856285,-0.03209050449995331,77.81175631484228,88.30194042752261,143.57879328610326,162.5353595034284,1.3032740354537964
recorded_obs-0629-01,new_latest,257,18.32268,0.507114780127612,start_image_start_state,6,,0.009884152943537441,-0.11514272997441584,0.009884152943537441,-0.0427804985817067,77.6026488103444,91.68102475134029,143.39654156204023,165.4370501625658,1.3978278636932373
recorded_obs-0629-01,new_latest,257,18.32268,0.507114780127612,start_image_start_state,7,,0.008546127870240349,-0.11032669155952958,0.008546127870240349,-0.04477578976060317,77.68046205318377,90.98798459934812,143.60271791641514,164.81692204997793,1.3467316627502441
recorded_obs-0629-01,new_latest,257,18.32268,0.507114780127612,start_image_start_state,8,,0.00957168784609101,-0.10961812623120847,0.00957168784609101,-0.0409622803788935,77.57414331485676,90.950349688599,143.45488638865464,164.9330740165009,1.3594926595687866
recorded_obs-0629-01,new_latest,257,18.32268,0.507114780127612,start_image_start_state,9,,0.007916985035943066,-0.11345648988709445,0.008807054839146915,-0.03872657800258071,77.86150271680218,91.59903774053481,143.6816882394037,166.01074373230205,1.335360050201416
recorded_obs-0629-01,new_latest,257,18.32268,0.507114780127612,start_image_start_state,10,,0.011505096335603735,-0.10753443072785056,0.011505096335603735,-0.03928137693646118,77.48821767280741,90.65789002706565,143.1526552794666,164.77204147639216,1.3157572746276855
recorded_obs-0629-01,new_latest,257,18.32268,0.507114780127612,start_image_start_state,11,,0.012254820736818299,-0.11432679650080214,0.012254820736818299,-0.04372326198387145,77.45340946391882,91.71179650701141,143.03204082575195,165.69632128001322,1.3552924394607544
recorded_obs-0629-01,new_latest,257,18.32268,0.507114780127612,start_image_start_state,12,,0.009885989943097147,-0.10429099628827139,0.009885989943097147,-0.037163181006915895,77.6087750125775,89.99433030801792,143.39692691776258,163.91763374901467,1.3452028036117554
recorded_obs-0629-01,new_latest,257,18.32268,0.507114780127612,start_image_start_state,13,,0.009424424308861678,-0.1032316269731181,0.009424424308861678,-0.03532520615602018,77.65393183939896,89.81509325755445,143.46308075700256,162.98234238092206,1.2839142084121704
recorded_obs-0629-01,new_latest,257,18.32268,0.507114780127612,start_image_start_state,14,,0.00977485581500545,-0.10889354338199017,0.00977485581500545,-0.0403945499573283,77.6269172093453,90.78450364665592,143.41473406966475,164.86800760838,1.331040382385254
recorded_obs-0629-01,new_latest,257,18.32268,0.507114780127612,start_image_start_state,15,,0.012292871363851772,-0.10914768878301162,0.012292871363851772,-0.042004909554964276,77.36211983554979,90.80265010470286,143.04403237950086,164.49720225129803,1.3475266695022583
recorded_obs-0629-01,new_latest,257,18.32268,0.507114780127612,start_image_start_state,16,,0.0091254852615433,-0.1070201822451205,0.009764356319621048,-0.03993642300587197,77.66894767054006,90.47756496498296,143.51228673727803,164.60094436639238,1.3178516626358032
recorded_obs-0629-01,new_latest,257,18.32268,0.507114780127612,start_image_start_state,17,,0.009938441807290062,-0.10487138957818165,0.009938441807290062,-0.03759214448179802,77.59360738901994,90.1832093122003,143.3929012342063,163.7928575676177,1.2841238975524902
recorded_obs-0629-01,new_latest,257,18.32268,0.507114780127612,start_image_start_state,18,,0.011915018383329513,-0.10591106491965947,0.011915018383329513,-0.038988069339416585,77.30608503860975,90.35630271719852,143.10496079689486,164.44491767791163,1.281466007232666
recorded_obs-0629-01,new_latest,257,18.32268,0.507114780127612,start_image_start_state,19,,0.012377269583034521,-0.09928646638936516,0.012377269583034521,-0.03916032802631898,77.32221361039363,89.35611113048043,143.03321788361154,163.09064597312184,1.343341588973999
recorded_obs-0629-01,new_latest,272,19.395298,0.8290708715946437,current_image_current_state,0,,0.5172528521861884,0.12501184727400294,0.5294701555711993,0.32119195844568527,46.201993914117345,104.05664616521814,81.0123331249567,135.333783276139,1.9525063037872314
recorded_obs-0629-01,new_latest,272,19.395298,0.8290708715946437,current_image_current_state,1,,0.47538900249272514,0.128240454184385,0.49980828610874145,0.31422948334224826,52.171243590628215,103.76993015992808,86.09783396834624,135.45544674235668,1.884296178817749
recorded_obs-0629-01,new_latest,272,19.395298,0.8290708715946437,current_image_current_state,2,,0.5302816255896212,0.1497068759229553,0.5505597801144025,0.34290387171205144,44.38307468890942,100.2602621363863,80.10032631886016,131.34911210873673,1.9603053331375122
recorded_obs-0629-01,new_latest,272,19.395298,0.8290708715946437,current_image_current_state,3,,0.5304097795571079,0.11175286022552351,0.5521515086327993,0.311790041753628,44.37084886351316,105.91690607307915,79.82601994344242,137.02204698586593,2.1517958641052246
recorded_obs-0629-01,new_latest,272,19.395298,0.8290708715946437,current_image_current_state,4,,0.5040182204194247,0.12722615272001295,0.5313012288721659,0.3182867017835593,48.095933400691045,103.66405174077993,82.80723198547825,134.78723121712252,2.016735315322876
recorded_obs-0629-01,new_latest,272,19.395298,0.8290708715946437,current_image_current_state,5,,0.5242560394913309,0.16068965890184597,0.5329211476506089,0.3469501808707635,45.22639255609751,98.72836027298187,80.49003109891375,130.19711167590083,1.8411638736724854
recorded_obs-0629-01,new_latest,272,19.395298,0.8290708715946437,current_image_current_state,6,,0.5374088635632417,0.11112577192584541,0.5374088635632417,0.309499159952936,43.374458962827475,105.91575669609487,79.16455473547174,136.7262068572655,2.0500290393829346
recorded_obs-0629-01,new_latest,272,19.395298,0.8290708715946437,current_image_current_state,7,,0.5253879786883365,0.1111530312186156,0.5378324888026438,0.3004458348693878,44.99205480270836,106.00220711690628,80.20922498882568,136.92768109277725,2.072619676589966
recorded_obs-0629-01,new_latest,272,19.395298,0.8290708715946437,current_image_current_state,8,,0.5190063997886062,0.12664313784306583,0.5302440529656507,0.315609508532133,45.985716968057204,103.79768581156033,81.29492891182484,134.88119785534354,2.0148448944091797
recorded_obs-0629-01,new_latest,272,19.395298,0.8290708715946437,current_image_current_state,9,,0.5334899202954675,0.11632803806436148,0.5334899202954675,0.3168510313441339,43.98031804016682,105.41918569682237,79.69843223276219,136.7642706098876,2.023024082183838
recorded_obs-0629-01,new_latest,272,19.395298,0.8290708715946437,current_image_current_state,10,,0.5083209322208192,0.12786782870728003,0.5218327052276369,0.3185456691833275,47.45513097988362,103.69686241051016,82.25722898012206,135.0043384800579,1.9197033643722534
recorded_obs-0629-01,new_latest,272,19.395298,0.8290708715946437,current_image_current_state,11,,0.5285056255466151,0.1042340801652514,0.5285056255466151,0.30586386688871564,44.64406141294876,107.17829578392775,80.05449432832106,138.3001006393768,2.0659539699554443
recorded_obs-0629-01,new_latest,272,19.395298,0.8290708715946437,current_image_current_state,12,,0.5344019581216503,0.12946557770900333,0.546701543002218,0.3265223758473526,43.90930689659388,103.16399240655002,79.91807634773261,134.31689707694844,2.0620522499084473
recorded_obs-0629-01,new_latest,272,19.395298,0.8290708715946437,current_image_current_state,13,,0.5230104824891663,0.1436230388992364,0.5426006690298498,0.33997830919593225,45.44777579530394,100.88993752470579,80.83992726249444,131.45026513813087,1.9584126472473145
recorded_obs-0629-01,new_latest,272,19.395298,0.8290708715946437,current_image_current_state,14,,0.5144520588645857,0.12607974124718485,0.5283541359178469,0.3153200170580936,46.63113785223098,103.85074662545215,81.77445060904084,135.01257277632095,1.9563881158828735
recorded_obs-0629-01,new_latest,272,19.395298,0.8290708715946437,current_image_current_state,15,,0.491931247564461,0.11638897215181868,0.5214116891354416,0.30379692060618607,49.81447539874501,105.13114242893025,84.211236286264,136.05748868186544,2.0896246433258057
recorded_obs-0629-01,new_latest,272,19.395298,0.8290708715946437,current_image_current_state,16,,0.5116615189987441,0.1253764919933651,0.5305276850570307,0.3104916142900493,47.02505547332269,103.8263020846773,81.66167998278132,135.02405337680312,1.9731941223144531
recorded_obs-0629-01,new_latest,272,19.395298,0.8290708715946437,current_image_current_state,17,,0.5051625459667586,0.1301957839403817,0.5244985947494513,0.32356650392051406,47.98894111048512,103.06820961114789,83.08813542539022,133.81578232067235,1.9231674671173096
recorded_obs-0629-01,new_latest,272,19.395298,0.8290708715946437,current_image_current_state,18,,0.535660273721736,0.127916083620119,0.535660273721736,0.31976577071217266,43.67187220242156,103.57346191800428,79.59797960590932,134.81404788105894,1.9296592473983765
recorded_obs-0629-01,new_latest,272,19.395298,0.8290708715946437,current_image_current_state,19,,0.477853833058691,0.13813938844243334,0.5261640388490462,0.3155768636137106,52.19793495690456,101.96636359834511,87.13264772255492,132.90179285773078,2.11483097076416
recorded_obs-0629-01,new_latest,272,19.395298,0.8290708715946437,start_image_current_state,0,,0.5571855816561242,0.22755389748389504,0.575350725933925,0.4131567955334343,40.53160912175533,89.37693450347719,76.63053747014825,121.64506977218394,1.7753493785858154
recorded_obs-0629-01,new_latest,272,19.395298,0.8290708715946437,start_image_current_state,1,,0.5270568703663047,0.23513159225816166,0.5503092397059992,0.40864320798267245,44.76829858436163,88.4266385544476,80.13867711199393,121.14052551039397,1.7268736362457275
recorded_obs-0629-01,new_latest,272,19.395298,0.8290708715946437,start_image_current_state,2,,0.5611127180257113,0.25019922026809405,0.5921718030204647,0.432552036060638,40.00166099827758,85.90864470963164,76.6233051017989,118.05597258286438,1.8009008169174194
recorded_obs-0629-01,new_latest,272,19.395298,0.8290708715946437,start_image_current_state,3,,0.5618312638491764,0.2095895322965065,0.5983087814590916,0.39813243891249533,39.9064062748376,91.91082008316246,76.31355208984085,123.93383684894097,2.014554977416992
recorded_obs-0629-01,new_latest,272,19.395298,0.8290708715946437,start_image_current_state,4,,0.5431213984556353,0.224585668124123,0.5803072854857901,0.4079829070180881,42.52457679383203,89.72719522998031,78.39131910474724,121.75938635893758,1.9110203981399536
recorded_obs-0629-01,new_latest,272,19.395298,0.8290708715946437,start_image_current_state,5,,0.5583536036704598,0.2722443873358547,0.5797171936785996,0.442138862919581,40.369096563584975,82.73743893798638,76.71089800614308,115.3759259060186,1.6779497861862183
recorded_obs-0629-01,new_latest,272,19.395298,0.8290708715946437,start_image_current_state,6,,0.5677981015286272,0.2039081746224429,0.5831426310067662,0.394213673344527,39.07629689873595,92.67053031755417,75.80032094140344,124.38599850763745,1.9242907762527466
recorded_obs-0629-01,new_latest,272,19.395298,0.8290708715946437,start_image_current_state,7,,0.5611659982279213,0.20885914637883754,0.5795792308202429,0.38529704744280585,39.92031893513948,92.04647865404583,76.21725779589546,123.91299657321026,1.924090027809143
recorded_obs-0629-01,new_latest,272,19.395298,0.8290708715946437,start_image_current_state,8,,0.5542636506561395,0.2282709998720606,0.5812680579281078,0.40385585949341685,40.96722352300182,89.26155337343505,77.2795619353954,121.28902774678131,1.8883224725723267
recorded_obs-0629-01,new_latest,272,19.395298,0.8290708715946437,start_image_current_state,9,,0.5639877438627691,0.21900536233958895,0.5649120186826025,0.40841361956352984,39.640318621521104,90.73893318866641,76.26557927534124,123.03434634409595,1.7254292964935303
recorded_obs-0629-01,new_latest,272,19.395298,0.8290708715946437,start_image_current_state,10,,0.5534252368944732,0.23325307693032024,0.57080878061427,0.41216330448318134,41.03802290446621,88.627315061158,77.21878865846809,120.98051841489499,1.7333027124404907
recorded_obs-0629-01,new_latest,272,19.395298,0.8290708715946437,start_image_current_state,11,,0.5620911893556468,0.1962016651046874,0.5620911893556468,0.3905498324925743,39.872707310680696,94.04857110971388,76.2967994023668,126.07712020572703,1.8443174362182617
recorded_obs-0629-01,new_latest,272,19.395298,0.8290708715946437,start_image_current_state,12,,0.5630355207573788,0.22583611430956937,0.5967237003546988,0.4130416383628019,39.878345456351894,89.35976680746461,76.71096059591576,121.48074547776162,1.9966845512390137
recorded_obs-0629-01,new_latest,272,19.395298,0.8290708715946437,start_image_current_state,13,,0.5581548604563119,0.23565779461061445,0.5845521533230811,0.4292770021595325,40.45202034179306,87.73216978321986,76.90877279585217,119.24217109058671,1.8059782981872559
recorded_obs-0629-01,new_latest,272,19.395298,0.8290708715946437,start_image_current_state,14,,0.5537752427259603,0.2288817492429794,0.5744118681396303,0.4042136120845434,41.051620864473946,89.20487124559929,77.385557529358,121.41976461486658,1.8184974193572998
recorded_obs-0629-01,new_latest,272,19.395298,0.8290708715946437,start_image_current_state,15,,0.5410720191733819,0.20878779832320624,0.5639077143407553,0.3883989276267943,42.81715064843671,91.90390388652105,78.69309072788711,123.75381368147616,1.8752679824829102
recorded_obs-0629-01,new_latest,272,19.395298,0.8290708715946437,start_image_current_state,16,,0.5519251348476133,0.2260924613707944,0.580026949118708,0.3975666669301419,41.267558010989255,89.36333947647981,77.13142377401257,121.52167811328253,1.8066415786743164
recorded_obs-0629-01,new_latest,272,19.395298,0.8290708715946437,start_image_current_state,17,,0.5468017464619718,0.22800859266058324,0.5712357319566422,0.4150854123140892,42.07916638537403,89.11620264852854,78.39189882774765,120.8771452577234,1.768418312072754
recorded_obs-0629-01,new_latest,272,19.395298,0.8290708715946437,start_image_current_state,18,,0.5661217269694258,0.23235420608571042,0.5750996033674431,0.41231824454762167,39.36711061881286,88.61282045508001,76.17585371881594,120.82468841401922,1.724456787109375
recorded_obs-0629-01,new_latest,272,19.395298,0.8290708715946437,start_image_current_state,19,,0.5230827941600995,0.23693327621527616,0.5680816857142947,0.4048235945938362,45.79093117609862,87.89062484571345,81.88181024127279,119.83686889490329,1.9418052434921265
recorded_obs-0629-01,new_latest,272,19.395298,0.8290708715946437,current_image_start_state,0,,0.00024901864735745827,-0.1278010163549877,0.00024901864735745827,-0.05612460902216861,123.45183039691624,139.79596332993282,144.80656381963638,166.93617013228766,1.3345587253570557
recorded_obs-0629-01,new_latest,272,19.395298,0.8290708715946437,current_image_start_state,1,,0.0006607175170581433,-0.13072883982397251,0.0006607175170581433,-0.05723574099172983,123.41129010655814,140.22454377550335,144.74892309177778,167.8670688293827,1.3834869861602783
recorded_obs-0629-01,new_latest,272,19.395298,0.8290708715946437,current_image_start_state,2,,0.0005210497892513645,-0.11694089690484269,0.0005210497892513645,-0.05124578701213209,123.45476379395065,138.19064682661096,144.75418448732637,164.98183439467508,1.208594799041748
recorded_obs-0629-01,new_latest,272,19.395298,0.8290708715946437,current_image_start_state,3,,-0.00016704940168787372,-0.13622625407920852,-0.00016704940168787372,-0.06059942333672635,123.55593335514568,141.0158420286237,144.85591283745597,168.10298373612582,1.3134562969207764
recorded_obs-0629-01,new_latest,272,19.395298,0.8290708715946437,current_image_start_state,4,,0.0006848644489894372,-0.12867421749785551,0.0006848644489894372,-0.05655315707021519,123.41738372892534,139.93493411241303,144.74684046048665,166.86349069962768,1.3052186965942383
recorded_obs-0629-01,new_latest,272,19.395298,0.8290708715946437,current_image_start_state,5,,-0.0005406719793400939,-0.11617811533367384,-0.0005406719793400939,-0.05019862392328139,123.6437496445771,138.0240482124043,144.91176313928466,165.1986984053197,1.2466509342193604
recorded_obs-0629-01,new_latest,272,19.395298,0.8290708715946437,current_image_start_state,6,,-0.00036917032605385903,-0.13666241818586186,-0.00036917032605385903,-0.059120867364195626,123.60979642364211,141.10158764810694,144.88420090953082,167.9004600717128,1.3606270551681519
recorded_obs-0629-01,new_latest,272,19.395298,0.8290708715946437,current_image_start_state,7,,-0.0006923201422736059,-0.13018395337609576,-0.0006923201422736059,-0.0605908195761597,123.5674765925171,140.14031721310255,144.9474673140177,166.95248360426447,1.2863554954528809
recorded_obs-0629-01,new_latest,272,19.395298,0.8290708715946437,current_image_start_state,8,,-8.475949933698755e-05,-0.13044936568761242,-8.475949933698755e-05,-0.05751276844153068,123.50449887114283,140.20811519392916,144.8572397119603,167.17344384637565,1.3159767389297485
recorded_obs-0629-01,new_latest,272,19.395298,0.8290708715946437,current_image_start_state,9,,-0.0018407840838389543,-0.13414756650528478,-0.00171816802151971,-0.05560658479936487,123.79488243656668,140.74447897668864,145.10045030900596,168.15744800941977,1.2857288122177124
recorded_obs-0629-01,new_latest,272,19.395298,0.8290708715946437,current_image_start_state,10,,0.001317619948875307,-0.12886242090529812,0.001317619948875307,-0.05606750279479858,123.41671776825893,139.97181335265972,144.6327413721806,167.07135242919628,1.258290410041809
recorded_obs-0629-01,new_latest,272,19.395298,0.8290708715946437,current_image_start_state,11,,0.0027815125549492947,-0.13359283994339788,0.0027815125549492947,-0.05980314976056645,123.2571948650419,140.70827848455954,144.40738586477892,167.70667708582826,1.3027056455612183
recorded_obs-0629-01,new_latest,272,19.395298,0.8290708715946437,current_image_start_state,12,,0.0003816565446052623,-0.12647707817752635,0.0003816565446052623,-0.054520550476292604,123.51644369238866,139.5026394801242,144.7728075468306,166.43686184156581,1.2939664125442505
recorded_obs-0629-01,new_latest,272,19.395298,0.8290708715946437,current_image_start_state,13,,-0.0005501097087960427,-0.12448761233795526,-0.0005501097087960427,-0.05243445163655094,123.60242885826392,139.27332005838684,144.91275822317405,165.48230257615822,1.2488070726394653
recorded_obs-0629-01,new_latest,272,19.395298,0.8290708715946437,current_image_start_state,14,,0.0006406005037911426,-0.1301011665133448,0.0006406005037911426,-0.05703847184894661,123.45611386902365,140.11239649929135,144.7444246771335,167.18688121003828,1.2868765592575073
recorded_obs-0629-01,new_latest,272,19.395298,0.8290708715946437,current_image_start_state,15,,0.0025271639034633512,-0.12899066762332093,0.0025271639034633512,-0.05815082003961794,123.24830071091043,139.96957293923353,144.46350544610058,166.66295664236014,1.299278974533081
recorded_obs-0629-01,new_latest,272,19.395298,0.8290708715946437,current_image_start_state,16,,-0.0006951484839761396,-0.1289465951106618,-0.0002317533486831894,-0.05673220160553141,123.6140204464191,139.90632433982148,144.94078980557862,167.03884719582678,1.2728468179702759
recorded_obs-0629-01,new_latest,272,19.395298,0.8290708715946437,current_image_start_state,17,,-4.136752911677856e-05,-0.12680029313964,-4.136752911677856e-05,-0.054297901114295354,123.54315730615784,139.66566565332542,144.84685573043976,166.2796844637312,1.2594114542007446
recorded_obs-0629-01,new_latest,272,19.395298,0.8290708715946437,current_image_start_state,18,,0.002048869047965379,-0.12745502341249634,0.002048869047965379,-0.05595157466948658,123.23268888106013,139.70834464154842,144.54122172577652,166.79596069975673,1.2309645414352417
recorded_obs-0629-01,new_latest,272,19.395298,0.8290708715946437,current_image_start_state,19,,0.002276016462697696,-0.12092040713410421,0.002276016462697696,-0.055894025556123404,123.21111201345718,138.77643155642443,144.50515066676894,165.49823072140757,1.285952091217041
recorded_obs-0629-01,new_latest,272,19.395298,0.8290708715946437,start_image_start_state,0,,0.009489119619221926,-0.1056853061274412,0.009489119619221926,-0.03895440727169432,122.11243557363895,136.60044668639193,143.46602904729656,164.52704319808439,1.3769086599349976
recorded_obs-0629-01,new_latest,272,19.395298,0.8290708715946437,start_image_start_state,1,,0.010546327824346545,-0.10921566281550392,0.010546327824346545,-0.039857187316914365,122.00269903208032,137.17817326552807,143.31116017608198,165.64414733010634,1.4317240715026855
recorded_obs-0629-01,new_latest,272,19.395298,0.8290708715946437,start_image_start_state,2,,0.010116197677508779,-0.09569230272787393,0.010116197677508779,-0.033622822144611736,122.06900853144889,135.07599165084895,143.3616666589989,162.65797864371336,1.2650172710418701
recorded_obs-0629-01,new_latest,272,19.395298,0.8290708715946437,start_image_start_state,3,,0.008993735835141799,-0.11643902542752144,0.008993735835141799,-0.04412858646583145,122.22370620890882,138.15048136920782,143.52737936319963,165.99857720146824,1.3779957294464111
recorded_obs-0629-01,new_latest,272,19.395298,0.8290708715946437,start_image_start_state,4,,0.0098867385316906,-0.10832601748033174,0.0098867385316906,-0.03978391291460033,122.09730270692287,136.9741942505822,143.40726420150673,164.6877670599111,1.3492422103881836
recorded_obs-0629-01,new_latest,272,19.395298,0.8290708715946437,start_image_start_state,5,,0.008631474697856285,-0.09212233957830789,0.008631474697856285,-0.03209050449995331,122.3222179207921,134.5326734367608,143.57879328610326,162.5353595034284,1.3032740354537964
recorded_obs-0629-01,new_latest,272,19.395298,0.8290708715946437,start_image_start_state,6,,0.009884152943537441,-0.11514272997441584,0.009884152943537441,-0.0427804985817067,122.12570627402603,137.93607330609143,143.39654156204023,165.4370501625658,1.3978278636932373
recorded_obs-0629-01,new_latest,272,19.395298,0.8290708715946437,start_image_start_state,7,,0.008546127870240349,-0.11032669155952958,0.008546127870240349,-0.04477578976060317,122.24281162071418,137.23075557389677,143.60271791641514,164.81692204997793,1.3467316627502441
recorded_obs-0629-01,new_latest,272,19.395298,0.8290708715946437,start_image_start_state,8,,0.00957168784609101,-0.10961812623120847,0.00957168784609101,-0.0409622803788935,122.11864592266338,137.17452321879443,143.45488638865464,164.9330740165009,1.3594926595687866
recorded_obs-0629-01,new_latest,272,19.395298,0.8290708715946437,start_image_start_state,9,,0.007916985035943066,-0.11345648988709445,0.008807054839146915,-0.03872657800258071,122.3979408215928,137.7838398775091,143.6816882394037,166.01074373230205,1.335360050201416
recorded_obs-0629-01,new_latest,272,19.395298,0.8290708715946437,start_image_start_state,10,,0.011505096335603735,-0.10753443072785056,0.011505096335603735,-0.03928137693646118,121.95720407472557,136.87142511933473,143.1526552794666,164.77204147639216,1.3157572746276855
recorded_obs-0629-01,new_latest,272,19.395298,0.8290708715946437,start_image_start_state,11,,0.012254820736818299,-0.11432679650080214,0.012254820736818299,-0.04372326198387145,121.89359756612126,137.91245015289581,143.03204082575195,165.69632128001322,1.3552924394607544
recorded_obs-0629-01,new_latest,272,19.395298,0.8290708715946437,start_image_start_state,12,,0.009885989943097147,-0.10429099628827139,0.009885989943097147,-0.037163181006915895,122.13045312355806,136.25565951081623,143.39692691776258,163.91763374901467,1.3452028036117554
recorded_obs-0629-01,new_latest,272,19.395298,0.8290708715946437,start_image_start_state,13,,0.009424424308861678,-0.1032316269731181,0.009424424308861678,-0.03532520615602018,122.17757187628793,136.09189420575044,143.46308075700256,162.98234238092206,1.2839142084121704
recorded_obs-0629-01,new_latest,272,19.395298,0.8290708715946437,start_image_start_state,14,,0.00977485581500545,-0.10889354338199017,0.00977485581500545,-0.0403945499573283,122.14340123665563,137.0194060121096,143.41473406966475,164.86800760838,1.331040382385254
recorded_obs-0629-01,new_latest,272,19.395298,0.8290708715946437,start_image_start_state,15,,0.012292871363851772,-0.10914768878301162,0.012292871363851772,-0.042004909554964276,121.83369984317473,137.04821763906764,143.04403237950086,164.49720225129803,1.3475266695022583
recorded_obs-0629-01,new_latest,272,19.395298,0.8290708715946437,start_image_start_state,16,,0.0091254852615433,-0.1070201822451205,0.009764356319621048,-0.03993642300587197,122.20626400185891,136.7140436042318,143.51228673727803,164.60094436639238,1.3178516626358032
recorded_obs-0629-01,new_latest,272,19.395298,0.8290708715946437,start_image_start_state,17,,0.009938441807290062,-0.10487138957818165,0.009938441807290062,-0.03759214448179802,122.11481909633693,136.42930996782357,143.3929012342063,163.7928575676177,1.2841238975524902
recorded_obs-0629-01,new_latest,272,19.395298,0.8290708715946437,start_image_start_state,18,,0.011915018383329513,-0.10591106491965947,0.011915018383329513,-0.038988069339416585,121.82471457098208,136.58220084666291,143.10496079689486,164.44491767791163,1.281466007232666
recorded_obs-0629-01,new_latest,272,19.395298,0.8290708715946437,start_image_start_state,19,,0.012377269583034521,-0.09928646638936516,0.012377269583034521,-0.03916032802631898,121.79544753167339,135.60097700083898,143.03321788361154,163.09064597312184,1.343341588973999
recorded_obs-0629-01,new_latest,274,19.533624,0.8370770290171939,current_image_current_state,0,,0.5205846460585041,0.13033861572484545,0.5336046503102625,0.32593366992822503,46.99639310319409,104.46259133301638,80.04778015284143,134.19734130215227,1.9510836601257324
recorded_obs-0629-01,new_latest,274,19.533624,0.8370770290171939,current_image_current_state,1,,0.4778180412981459,0.13446299050629693,0.5032428772751003,0.3191546319052079,53.078981598695265,104.05198715238994,85.27707241350338,134.17747909700762,1.8866671323776245
recorded_obs-0629-01,new_latest,274,19.533624,0.8370770290171939,current_image_current_state,2,,0.5327972036367175,0.15451854794395178,0.5548339418599627,0.34739900242393484,45.34836110321335,100.7395633950514,79.2238641926193,130.30952497742945,1.9579312801361084
recorded_obs-0629-01,new_latest,274,19.533624,0.8370770290171939,current_image_current_state,3,,0.5324919267621524,0.11767927818847507,0.5571352309260846,0.3166543150280638,45.372896041720466,106.21610450941039,78.9930514670808,135.76720930664027,2.16281795501709
recorded_obs-0629-01,new_latest,274,19.533624,0.8370770290171939,current_image_current_state,4,,0.5064807582009213,0.1326961942618698,0.5351063456722249,0.32320954661727186,49.013937527867895,104.03257633323828,81.93203306622513,133.60925308396276,2.011683464050293
recorded_obs-0629-01,new_latest,274,19.533624,0.8370770290171939,current_image_current_state,5,,0.5266484624700036,0.1659484331170837,0.5363617783296385,0.3519395833448249,46.19025786714468,99.16676630587006,79.62817589543636,129.101944868197,1.8443814516067505
recorded_obs-0629-01,new_latest,274,19.533624,0.8370770290171939,current_image_current_state,6,,0.5395985594035015,0.11616348126156406,0.5395985594035015,0.31400350067409943,44.39495193723507,106.31989204335531,78.3347244462149,135.58373058014087,2.042936086654663
recorded_obs-0629-01,new_latest,274,19.533624,0.8370770290171939,current_image_current_state,7,,0.5289430738268152,0.1169319996945227,0.5420321907610887,0.3049819103326953,45.78616285514028,106.30575319012516,79.2171976468391,135.682705893441,2.0648763179779053
recorded_obs-0629-01,new_latest,274,19.533624,0.8370770290171939,current_image_current_state,8,,0.5221113454275639,0.13169257038211096,0.5344814172687685,0.3203033637609014,46.85357932990088,104.2188069604261,80.3661900127491,133.7521343552146,2.022172689437866
recorded_obs-0629-01,new_latest,274,19.533624,0.8370770290171939,current_image_current_state,9,,0.5363624733356447,0.12190963570608929,0.5363624733356447,0.3216850848563202,44.87976612682663,105.77604078491937,78.7526863074572,135.5709607802188,2.0128443241119385
recorded_obs-0629-01,new_latest,274,19.533624,0.8370770290171939,current_image_current_state,10,,0.511821121903955,0.13297353205865467,0.5252558271499275,0.3233900462405659,48.21930019912616,104.13463155377677,81.242096353583,133.87313281613206,1.909678339958191
recorded_obs-0629-01,new_latest,274,19.533624,0.8370770290171939,current_image_current_state,11,,0.5318010151840691,0.10995231253753479,0.5318010151840691,0.3106490328884183,45.46988099216872,107.49364391767084,79.10189165301217,137.05212376572592,2.0592827796936035
recorded_obs-0629-01,new_latest,274,19.533624,0.8370770290171939,current_image_current_state,12,,0.537128422438858,0.13466071159343052,0.5511921319762491,0.33141116565486767,44.845722491905704,103.56369149185211,79.0129884014736,133.1634033435295,2.072807550430298
recorded_obs-0629-01,new_latest,274,19.533624,0.8370770290171939,current_image_current_state,13,,0.5264607282838853,0.1481615279299859,0.5467444535511193,0.34475534835785215,46.272707854637794,101.39475626704144,79.85755429701626,130.4561459209041,1.9575047492980957
recorded_obs-0629-01,new_latest,274,19.533624,0.8370770290171939,current_image_current_state,14,,0.5176243950043694,0.13144836538675866,0.5326454758395961,0.32001300088528134,47.45561034967935,104.24031458439178,80.79530513021898,133.85883349464402,1.9587537050247192
recorded_obs-0629-01,new_latest,274,19.533624,0.8370770290171939,current_image_current_state,15,,0.4951934846158378,0.12225467109521823,0.5252285330529844,0.30838067342247316,50.61714441728276,105.41516656309446,83.28654577207004,134.80340254721546,2.0793802738189697
recorded_obs-0629-01,new_latest,274,19.533624,0.8370770290171939,current_image_current_state,16,,0.5142573394295477,0.13034321601423934,0.5343394196943,0.31499744991610623,47.91251285999068,104.25031937299337,80.7608308472478,133.89898685177747,1.9714421033859253
recorded_obs-0629-01,new_latest,274,19.533624,0.8370770290171939,current_image_current_state,17,,0.5085604361413373,0.13543228153819992,0.5279083151108963,0.3283871797549065,48.79148771979423,103.4779764539298,82.10816526416714,132.7035820654972,1.9209619760513306
recorded_obs-0629-01,new_latest,274,19.533624,0.8370770290171939,current_image_current_state,18,,0.5387583563059894,0.13417251716904602,0.5387583563059894,0.3247648249862777,44.56680752645721,103.84475047304102,78.67072790952871,133.54458283900823,1.9332629442214966
recorded_obs-0629-01,new_latest,274,19.533624,0.8370770290171939,current_image_current_state,19,,0.4807683589689986,0.14348735518070227,0.5305802827988525,0.32027767474809626,53.0925939162871,102.35425904926919,86.25342714332494,131.77228062840854,2.1152100563049316
recorded_obs-0629-01,new_latest,274,19.533624,0.8370770290171939,start_image_current_state,0,,0.5576108350780575,0.23168675276577674,0.577079929154708,0.4159737091818168,41.845864934240794,90.13298723893811,76.07780465773108,120.94969536089322,1.774156928062439
recorded_obs-0629-01,new_latest,274,19.533624,0.8370770290171939,start_image_current_state,1,,0.5266799560737292,0.23879793921202025,0.551713092971403,0.41145748840797886,46.180521935808365,89.27700707358679,79.71526782641303,120.5055154227126,1.719822883605957
recorded_obs-0629-01,new_latest,274,19.533624,0.8370770290171939,start_image_current_state,2,,0.561842858366457,0.2541741406298299,0.5942412010832315,0.4353928149560785,41.335801679651645,86.68093190975617,76.07728784979867,117.38599776981154,1.800979733467102
recorded_obs-0629-01,new_latest,274,19.533624,0.8370770290171939,start_image_current_state,3,,0.562143906804486,0.21320531510989307,0.59954497202197,0.4007456050862598,41.27104043473045,92.72034136563276,75.80251640994845,123.29601359760923,2.0163378715515137
recorded_obs-0629-01,new_latest,274,19.533624,0.8370770290171939,start_image_current_state,4,,0.5432909474404645,0.22845477756355367,0.5811706068931941,0.4105646646084889,43.88735072984302,90.54356575971603,77.89629440417683,121.13460063159378,1.9073596000671387
recorded_obs-0629-01,new_latest,274,19.533624,0.8370770290171939,start_image_current_state,5,,0.5589629550130444,0.276486744247767,0.5813074361050495,0.44513999001887644,41.69982142240868,83.50420258226231,76.16377503003154,114.68911745621115,1.6918144226074219
recorded_obs-0629-01,new_latest,274,19.533624,0.8370770290171939,start_image_current_state,6,,0.5685575992438838,0.2075562436788343,0.5849219111850075,0.39684328254457896,40.389640028841704,93.47854919061425,75.21755382981868,123.75487804062956,1.925493597984314
recorded_obs-0629-01,new_latest,274,19.533624,0.8370770290171939,start_image_current_state,7,,0.5626078690798776,0.21241177271482758,0.5801607553081846,0.3879148593370514,41.10378117473178,92.86623562807708,75.53968724112613,123.275450649823,1.9077682495117188
recorded_obs-0629-01,new_latest,274,19.533624,0.8370770290171939,start_image_current_state,8,,0.5551033013512758,0.23208545191929372,0.5838589207013354,0.406688324818886,42.26637244468657,90.07522613112984,76.72606158507402,120.66525099468019,1.8924278020858765
recorded_obs-0629-01,new_latest,274,19.533624,0.8370770290171939,start_image_current_state,9,,0.5654054768384376,0.22217519519574058,0.5666078208040084,0.4111950842093834,40.85895143511375,91.6523171616593,75.61094692031554,122.48894521313078,1.7274751663208008
recorded_obs-0629-01,new_latest,274,19.533624,0.8370770290171939,start_image_current_state,10,,0.5529781867159965,0.23670651369207776,0.5718675592635779,0.41491224530498005,42.484508492264716,89.50227572800009,76.7862086459312,120.37066017583147,1.7334879636764526
recorded_obs-0629-01,new_latest,274,19.533624,0.8370770290171939,start_image_current_state,11,,0.5623000313437092,0.2005845131129674,0.5627298807498614,0.393194445687611,41.22915717744421,94.76167204819264,75.77016347453309,125.34514793946477,1.8403477668762207
recorded_obs-0629-01,new_latest,274,19.533624,0.8370770290171939,start_image_current_state,12,,0.5639658401321139,0.22955199589694458,0.5982946567262056,0.41576124417142996,41.18491751278914,90.1661540282273,76.12737194749367,120.83972586101818,1.989349603652954
recorded_obs-0629-01,new_latest,274,19.533624,0.8370770290171939,start_image_current_state,13,,0.559037701348212,0.23921331313133304,0.586204910903205,0.43185845150665225,41.7440040216439,88.53055020501402,76.33047491250983,118.61954738091781,1.813321828842163
recorded_obs-0629-01,new_latest,274,19.533624,0.8370770290171939,start_image_current_state,14,,0.5547151878763729,0.23282870548033188,0.5752686049492856,0.40687960672112156,42.318907941546954,89.98696049293753,76.79190746840034,120.74022903825632,1.814455509185791
recorded_obs-0629-01,new_latest,274,19.533624,0.8370770290171939,start_image_current_state,15,,0.5411668987900933,0.2127044583514204,0.5651635540047201,0.3909629743900266,44.17874153195383,92.66464379338115,78.19815493798588,123.06650279421027,1.8785943984985352
recorded_obs-0629-01,new_latest,274,19.533624,0.8370770290171939,start_image_current_state,16,,0.5524476383474205,0.2292465822029473,0.5819437217942136,0.4003642476503566,42.57594595901221,90.24718822270385,76.5927486583581,120.96757490416748,1.8046430349349976
recorded_obs-0629-01,new_latest,274,19.533624,0.8370770290171939,start_image_current_state,17,,0.5468707624569707,0.23143910363364614,0.5730585431324305,0.4179173958093475,43.47223260953952,89.96464534073036,77.90705393445059,120.30805316645856,1.7779996395111084
recorded_obs-0629-01,new_latest,274,19.533624,0.8370770290171939,start_image_current_state,18,,0.566958725376446,0.23667385986234732,0.5767991753063197,0.41524154519909495,40.682149716416085,89.3522478484857,75.5943315156805,120.12068058470105,1.714962363243103
recorded_obs-0629-01,new_latest,274,19.533624,0.8370770290171939,start_image_current_state,19,,0.52240688542176,0.24208643564836294,0.5692749441818407,0.4078169629143689,47.337561043295686,88.48210695603385,81.5807020817971,118.99883370803975,1.9410901069641113
recorded_obs-0629-01,new_latest,274,19.533624,0.8370770290171939,current_image_start_state,0,,0.0017677358761405398,-0.12565400795496962,0.0017677358761405398,-0.05434361697903175,123.84248989008843,140.5545830866125,144.58599244469374,166.54695071688133,1.322711706161499
recorded_obs-0629-01,new_latest,274,19.533624,0.8370770290171939,current_image_start_state,1,,0.0024517801696335695,-0.12856481551671242,0.0024517801696335695,-0.05549245756356732,123.77446349176287,141.0117716821912,144.488072013392,167.49579591278058,1.3674660921096802
recorded_obs-0629-01,new_latest,274,19.533624,0.8370770290171939,current_image_start_state,2,,0.0019222217876956294,-0.11455128189384281,0.0019222217876956294,-0.049547886467287194,123.85097855862537,138.89173249503833,144.55070824143453,164.56948243175512,1.1908044815063477
recorded_obs-0629-01,new_latest,274,19.533624,0.8370770290171939,current_image_start_state,3,,0.0014418095599328699,-0.13417861052851135,0.0014418095599328699,-0.05887559796727224,123.92537240336803,141.78821973083822,144.6223132601437,167.75436513797527,1.3144179582595825
recorded_obs-0629-01,new_latest,274,19.533624,0.8370770290171939,current_image_start_state,4,,0.001964397449852875,-0.12659688888825582,0.001964397449852875,-0.05479519198939769,123.8337326031888,140.68798295761053,144.56060732349155,166.50258269666892,1.3022207021713257
recorded_obs-0629-01,new_latest,274,19.533624,0.8370770290171939,current_image_start_state,5,,0.0008867773497587105,-0.1132126689622353,0.0008867773497587105,-0.04840566487626913,124.03876652445224,138.6628572281598,144.70525739672598,164.71123521389683,1.2296770811080933
recorded_obs-0629-01,new_latest,274,19.533624,0.8370770290171939,current_image_start_state,6,,0.0014726451525276464,-0.13491939476381978,0.0014726451525276464,-0.057487543801133995,123.93957882921292,141.89864266516855,144.61814308205868,167.58270012013944,1.3601484298706055
recorded_obs-0629-01,new_latest,274,19.533624,0.8370770290171939,current_image_start_state,7,,0.0005820815191622199,-0.12810327559529794,0.0005820815191622199,-0.05885805663885193,124.01205014788724,140.89591310231071,144.75756715277421,166.60009254970947,1.2776470184326172
recorded_obs-0629-01,new_latest,274,19.533624,0.8370770290171939,current_image_start_state,8,,0.001789207737079081,-0.12853176722980622,0.001789207737079081,-0.05576871056803561,123.84963723305665,141.0029432401896,144.58433923547634,166.8424995009277,1.310420036315918
recorded_obs-0629-01,new_latest,274,19.533624,0.8370770290171939,current_image_start_state,9,,0.00028828521398238,-0.13192915557725107,0.00028828521398238,-0.05391274864337248,124.09614266690261,141.50916496015074,144.791070377623,167.77794250199852,1.2789742946624756
recorded_obs-0629-01,new_latest,274,19.533624,0.8370770290171939,current_image_start_state,10,,0.002779779968365086,-0.1269333548917924,0.002779779968365086,-0.054221942141598534,123.79849916095898,140.75888764367903,144.42103746737416,166.72884455276272,1.2552093267440796
recorded_obs-0629-01,new_latest,274,19.533624,0.8370770290171939,current_image_start_state,11,,0.004616252784415446,-0.13164843349784158,0.004616252784415446,-0.057987455859809994,123.57663557960055,141.4910833281445,144.1431740556449,167.3650879570592,1.2991324663162231
recorded_obs-0629-01,new_latest,274,19.533624,0.8370770290171939,current_image_start_state,12,,0.002417692947313863,-0.12381451703589129,0.002417692947313863,-0.05268723871153327,123.83501361180625,140.17086736734942,144.47606576979078,165.99691617714407,1.2888010740280151
recorded_obs-0629-01,new_latest,274,19.533624,0.8370770290171939,current_image_start_state,13,,0.001346305429662312,-0.12213775903381376,0.001346305429662312,-0.05067821095132959,123.92885550792958,139.95249221734272,144.6387142296612,165.08279695206116,1.2461696863174438
recorded_obs-0629-01,new_latest,274,19.533624,0.8370770290171939,current_image_start_state,14,,0.0020678463546131205,-0.1285904108854988,0.0020678463546131205,-0.0554139061620686,123.84633813262255,140.95563139689162,144.53793611945503,166.89831210237952,1.29007887840271
recorded_obs-0629-01,new_latest,274,19.533624,0.8370770290171939,current_image_start_state,15,,0.004375235560050111,-0.12672968624954922,0.004375235560050111,-0.05634992889915799,123.58224373905826,140.69016390766748,144.1944390091497,166.2778729319274,1.2855844497680664
recorded_obs-0629-01,new_latest,274,19.533624,0.8370770290171939,current_image_start_state,16,,0.0011307150873755107,-0.12665991663406947,0.001434473595981939,-0.055036477162812146,123.95583961551255,140.6376398246287,144.67522086349496,166.63634342446323,1.2628837823867798
recorded_obs-0629-01,new_latest,274,19.533624,0.8370770290171939,current_image_start_state,17,,0.0020506884926112436,-0.12446879460348888,0.0020506884926112436,-0.05261639075069471,123.84053259726507,140.3623091897355,144.54413496546354,165.88538775898766,1.245849370956421
recorded_obs-0629-01,new_latest,274,19.533624,0.8370770290171939,current_image_start_state,18,,0.003945581407531144,-0.12538162177785506,0.003945581407531144,-0.05429398886272187,123.56584116059445,140.47252601360134,144.26289213914131,166.43746404904914,1.2222222089767456
recorded_obs-0629-01,new_latest,274,19.533624,0.8370770290171939,current_image_start_state,19,,0.0041982602830297425,-0.11855662396972094,0.0041982602830297425,-0.0542088783002799,123.54903652828,139.48318688399942,144.22363058831587,165.10056432833667,1.2862086296081543
recorded_obs-0629-01,new_latest,274,19.533624,0.8370770290171939,start_image_start_state,0,,0.009489119619221926,-0.1056853061274412,0.009489119619221926,-0.03895440727169432,122.71574172865833,137.73174799762165,143.46602904729656,164.52704319808439,1.3769086599349976
recorded_obs-0629-01,new_latest,274,19.533624,0.8370770290171939,start_image_start_state,1,,0.010546327824346545,-0.10921566281550392,0.010546327824346545,-0.039857187316914365,122.60339996318363,138.3479242905498,143.31116017608198,165.64414733010634,1.4317240715026855
recorded_obs-0629-01,new_latest,274,19.533624,0.8370770290171939,start_image_start_state,2,,0.010116197677508779,-0.09569230272787393,0.010116197677508779,-0.033622822144611736,122.66691002301162,136.178090069164,143.3616666589989,162.65797864371336,1.2650172710418701
recorded_obs-0629-01,new_latest,274,19.533624,0.8370770290171939,start_image_start_state,3,,0.008993735835141799,-0.11643902542752144,0.008993735835141799,-0.04412858646583145,122.82383260786891,139.27813389761826,143.52737936319963,165.99857720146824,1.3779957294464111
recorded_obs-0629-01,new_latest,274,19.533624,0.8370770290171939,start_image_start_state,4,,0.0098867385316906,-0.10832601748033174,0.0098867385316906,-0.03978391291460033,122.69824027602469,138.09131026683121,143.40726420150673,164.6877670599111,1.3492422103881836
recorded_obs-0629-01,new_latest,274,19.533624,0.8370770290171939,start_image_start_state,5,,0.008631474697856285,-0.09212233957830789,0.008631474697856285,-0.03209050449995331,122.9209303548167,135.66347211678794,143.57879328610326,162.5353595034284,1.3032740354537964
recorded_obs-0629-01,new_latest,274,19.533624,0.8370770290171939,start_image_start_state,6,,0.009884152943537441,-0.11514272997441584,0.009884152943537441,-0.0427804985817067,122.7243281573767,139.0429488671628,143.39654156204023,165.4370501625658,1.3978278636932373
recorded_obs-0629-01,new_latest,274,19.533624,0.8370770290171939,start_image_start_state,7,,0.008546127870240349,-0.11032669155952958,0.008546127870240349,-0.04477578976060317,122.84699696413736,138.33955933969554,143.60271791641514,164.81692204997793,1.3467316627502441
recorded_obs-0629-01,new_latest,274,19.533624,0.8370770290171939,start_image_start_state,8,,0.00957168784609101,-0.10961812623120847,0.00957168784609101,-0.0409622803788935,122.72047589302628,138.29682959407242,143.45488638865464,164.9330740165009,1.3594926595687866
recorded_obs-0629-01,new_latest,274,19.533624,0.8370770290171939,start_image_start_state,9,,0.007916985035943066,-0.11345648988709445,0.008807054839146915,-0.03872657800258071,122.99837103740514,138.93866809373068,143.6816882394037,166.01074373230205,1.335360050201416
recorded_obs-0629-01,new_latest,274,19.533624,0.8370770290171939,start_image_start_state,10,,0.011505096335603735,-0.10753443072785056,0.011505096335603735,-0.03928137693646118,122.54896063211918,138.00183440423302,143.1526552794666,164.77204147639216,1.3157572746276855
recorded_obs-0629-01,new_latest,274,19.533624,0.8370770290171939,start_image_start_state,11,,0.012254820736818299,-0.11432679650080214,0.012254820736818299,-0.04372326198387145,122.4808713431304,139.03691051339624,143.03204082575195,165.69632128001322,1.3552924394607544
recorded_obs-0629-01,new_latest,274,19.533624,0.8370770290171939,start_image_start_state,12,,0.009885989943097147,-0.10429099628827139,0.009885989943097147,-0.037163181006915895,122.72853082227493,137.36447730485463,143.39692691776258,163.91763374901467,1.3452028036117554
recorded_obs-0629-01,new_latest,274,19.533624,0.8370770290171939,start_image_start_state,13,,0.009424424308861678,-0.1032316269731181,0.009424424308861678,-0.03532520615602018,122.7771590508331,137.14594098250637,143.46308075700256,162.98234238092206,1.2839142084121704
recorded_obs-0629-01,new_latest,274,19.533624,0.8370770290171939,start_image_start_state,14,,0.00977485581500545,-0.10889354338199017,0.00977485581500545,-0.0403945499573283,122.74144135989226,138.1460080724682,143.41473406966475,164.86800760838,1.331040382385254
recorded_obs-0629-01,new_latest,274,19.533624,0.8370770290171939,start_image_start_state,15,,0.012292871363851772,-0.10914768878301162,0.012292871363851772,-0.042004909554964276,122.42663517041217,138.14655368719167,143.04403237950086,164.49720225129803,1.3475266695022583
recorded_obs-0629-01,new_latest,274,19.533624,0.8370770290171939,start_image_start_state,16,,0.0091254852615433,-0.1070201822451205,0.009764356319621048,-0.03993642300587197,122.80669237078725,137.84098079454142,143.51228673727803,164.60094436639238,1.3178516626358032
recorded_obs-0629-01,new_latest,274,19.533624,0.8370770290171939,start_image_start_state,17,,0.009938441807290062,-0.10487138957818165,0.009938441807290062,-0.03759214448179802,122.71404420495425,137.52062769181808,143.3929012342063,163.7928575676177,1.2841238975524902
recorded_obs-0629-01,new_latest,274,19.533624,0.8370770290171939,start_image_start_state,18,,0.011915018383329513,-0.10591106491965947,0.011915018383329513,-0.038988069339416585,122.42210567162816,137.7071418371465,143.10496079689486,164.44491767791163,1.281466007232666
recorded_obs-0629-01,new_latest,274,19.533624,0.8370770290171939,start_image_start_state,19,,0.012377269583034521,-0.09928646638936516,0.012377269583034521,-0.03916032802631898,122.38720424195459,136.69882570359727,143.03321788361154,163.09064597312184,1.343341588973999
recorded_obs-0629-01,new_latest,289,20.537887,0.8728991479337753,current_image_current_state,0,,0.5234886539595869,0.15022660646649585,0.5395404819656556,0.3398464368784736,52.32505996650333,107.33973256326357,78.24717893188286,130.6128971999065,1.9145904779434204
recorded_obs-0629-01,new_latest,289,20.537887,0.8728991479337753,current_image_current_state,1,,0.47836018474772657,0.1550332912645267,0.5090817723863603,0.3337822469142582,58.67960297803467,106.84843235111329,83.8653347526186,130.41084878752645,1.8487428426742554
recorded_obs-0629-01,new_latest,289,20.537887,0.8728991479337753,current_image_current_state,2,,0.5385300344984649,0.17454293308743588,0.5617707118856309,0.362027334905221,50.43648305268105,103.58399226930838,77.06698418580713,126.77013208323163,1.9197278022766113
recorded_obs-0629-01,new_latest,289,20.537887,0.8728991479337753,current_image_current_state,3,,0.5377663561734046,0.13737822632169322,0.5658509613049895,0.32986884655379867,50.49001617085682,109.07082922244386,76.92017238845166,132.183117106823,2.1308767795562744
recorded_obs-0629-01,new_latest,289,20.537887,0.8728991479337753,current_image_current_state,4,,0.5083074582237677,0.1525487611087731,0.5409574971541166,0.33699008157589366,54.56462814825097,106.8623635481896,80.3808765461926,130.00025519401382,1.9775525331497192
recorded_obs-0629-01,new_latest,289,20.537887,0.8728991479337753,current_image_current_state,5,,0.5312495559088156,0.187204376369534,0.5429496398462459,0.3682811704275526,51.35437179446233,101.87766344462422,77.62717247403032,125.40148119080735,1.80299711227417
recorded_obs-0629-01,new_latest,289,20.537887,0.8728991479337753,current_image_current_state,6,,0.5462624021136182,0.13481868373638708,0.5462624021136182,0.32704001085554,49.36103068726294,109.28638405071867,76.08779788117194,132.17434174373292,2.008348226547241
recorded_obs-0629-01,new_latest,289,20.537887,0.8728991479337753,current_image_current_state,7,,0.5330842418288838,0.13688502505078992,0.549756443857477,0.31779575534188154,51.00438000261913,109.09464889679411,77.26116319387565,132.04691807838424,2.0498406887054443
recorded_obs-0629-01,new_latest,289,20.537887,0.8728991479337753,current_image_current_state,8,,0.5270982457724389,0.15207346166471428,0.5425208976655197,0.33428629348892286,52.00129960052595,106.99991839226394,78.31823305256984,130.13369122092487,1.9697003364562988
recorded_obs-0629-01,new_latest,289,20.537887,0.8728991479337753,current_image_current_state,9,,0.5416700456047702,0.14138550237081962,0.5416700456047702,0.33557677663010355,50.03291951685403,108.7041813585439,76.66213020503706,131.98413289082836,2.0005393028259277
recorded_obs-0629-01,new_latest,289,20.537887,0.8728991479337753,current_image_current_state,10,,0.5145822937621927,0.153392012600162,0.5303740543917175,0.3374985769755949,53.61970920300191,106.9642120308511,79.52542826811444,130.2713118441304,1.8590762615203857
recorded_obs-0629-01,new_latest,289,20.537887,0.8728991479337753,current_image_current_state,11,,0.5359984858803265,0.1302391519982753,0.5359984858803265,0.3236659286002371,50.75221080278439,110.2788842163254,77.17162559996079,133.38057477890797,2.02487850189209
recorded_obs-0629-01,new_latest,289,20.537887,0.8728991479337753,current_image_current_state,12,,0.5429521830239732,0.1540541130270118,0.5594606776037125,0.345308798031337,50.004839387095245,106.46325661674275,76.86868402360874,129.64387719225564,2.030672073364258
recorded_obs-0629-01,new_latest,289,20.537887,0.8728991479337753,current_image_current_state,13,,0.531957538829234,0.16648948689274207,0.5547317236307516,0.35973733523634954,51.35230310387244,104.3652755975039,77.73982799875573,127.18089089491416,1.9265917539596558
recorded_obs-0629-01,new_latest,289,20.537887,0.8728991479337753,current_image_current_state,14,,0.5211564996346508,0.1509730649769123,0.5381541491312629,0.33365042957629976,52.773531079241536,107.16078088534324,78.95428622161349,130.35550460476153,1.9259084463119507
recorded_obs-0629-01,new_latest,289,20.537887,0.8728991479337753,current_image_current_state,15,,0.49633690110721557,0.14194060774459144,0.5313595935542291,0.32104279154985804,56.20429669945477,108.22468095485456,81.7789636727097,131.19252297159173,2.0507218837738037
recorded_obs-0629-01,new_latest,289,20.537887,0.8728991479337753,current_image_current_state,16,,0.5165667307908579,0.14971750921061097,0.5405374554674837,0.3279706772706949,53.33765199169278,107.1754453942578,79.07601370999464,130.40197255294296,1.9397333860397339
recorded_obs-0629-01,new_latest,289,20.537887,0.8728991479337753,current_image_current_state,17,,0.5119214840647193,0.15441858832523672,0.5331663184478698,0.342821385337112,54.16602120086988,106.38216734128315,80.30481555661677,129.28366986429302,1.8788814544677734
recorded_obs-0629-01,new_latest,289,20.537887,0.8728991479337753,current_image_current_state,18,,0.5449891785853679,0.15507702738965604,0.5449891785853679,0.339166464330444,49.62344385185063,106.53872972547423,76.44724781894585,129.7781388545675,1.898078203201294
recorded_obs-0629-01,new_latest,289,20.537887,0.8728991479337753,current_image_current_state,19,,0.4832420565455102,0.16381311613441737,0.5364546112341695,0.334275140286155,58.727436011375524,105.1286524817447,84.7431173439019,128.18357278192806,2.079634428024292
recorded_obs-0629-01,new_latest,289,20.537887,0.8728991479337753,start_image_current_state,0,,0.561376329202228,0.2490056672941259,0.5829502474148647,0.429871744897597,47.1939892626466,93.70363661141839,74.02537292965617,118.02902665480916,1.7665082216262817
recorded_obs-0629-01,new_latest,289,20.537887,0.8728991479337753,start_image_current_state,1,,0.5266997430580915,0.2559514019362468,0.5575507379928977,0.4247850298872352,51.99470159551252,92.93672482729781,78.22871883509875,117.56931035472492,1.723812222480774
recorded_obs-0629-01,new_latest,289,20.537887,0.8728991479337753,start_image_current_state,2,,0.567377280445431,0.2701635432539032,0.6033943702526898,0.4489611436171729,46.58427503127964,90.38842214826917,73.92601504966584,114.64951264884132,1.786181926727295
recorded_obs-0629-01,new_latest,289,20.537887,0.8728991479337753,start_image_current_state,3,,0.5680709964000998,0.23014968452984094,0.6097153619931713,0.4141095929412203,46.39364787096748,96.26046833547554,73.53824804401303,120.36768842735451,2.0154500007629395
recorded_obs-0629-01,new_latest,289,20.537887,0.8728991479337753,start_image_current_state,4,,0.5444617612634017,0.24519287926985797,0.58766903199838,0.42410172931287005,49.665398707473194,94.10132680550258,76.32922137841658,118.23279238274783,1.9046810865402222
recorded_obs-0629-01,new_latest,289,20.537887,0.8728991479337753,start_image_current_state,5,,0.5647927237159772,0.29413016646350826,0.5894093157904995,0.45983900873296,46.82216868129244,87.04683491827227,73.91652450870382,111.74257327017312,1.669672966003418
recorded_obs-0629-01,new_latest,289,20.537887,0.8728991479337753,start_image_current_state,6,,0.5754840196256421,0.22259058807376936,0.5937957796813385,0.4100276187257211,45.427248085599466,97.25879960177998,72.83796650145081,121.12453001552751,1.9211816787719727
recorded_obs-0629-01,new_latest,289,20.537887,0.8728991479337753,start_image_current_state,7,,0.5677263452841483,0.2295237166490267,0.5886819715184123,0.40090709730226054,46.299421951847215,96.35325850341086,73.36090620480157,120.31571447688899,1.9093694686889648
recorded_obs-0629-01,new_latest,289,20.537887,0.8728991479337753,start_image_current_state,8,,0.5597227446126534,0.2508877131137095,0.5926844773619903,0.42062118657031183,47.59657865338323,93.36619434932467,74.66443387951024,117.5262462580783,1.9016941785812378
recorded_obs-0629-01,new_latest,289,20.537887,0.8728991479337753,start_image_current_state,9,,0.5711025042237283,0.2396899382180986,0.5718412462568567,0.4253522367440385,46.06805204627492,95.1758797605823,73.4105893690071,119.49855514685309,1.7351527214050293
recorded_obs-0629-01,new_latest,289,20.537887,0.8728991479337753,start_image_current_state,10,,0.5562507433709004,0.254478258776454,0.5782167950506618,0.4285171254005359,47.966814469481044,93.02794566450237,74.88892172633929,117.41145530854062,1.7176897525787354
recorded_obs-0629-01,new_latest,289,20.537887,0.8728991479337753,start_image_current_state,11,,0.5674056534909352,0.21729765752213817,0.5706506248409258,0.4062763689249534,46.526214156848134,98.36532563605738,73.6920255072664,122.42268613131782,1.8529433012008667
recorded_obs-0629-01,new_latest,289,20.537887,0.8728991479337753,start_image_current_state,12,,0.5693492912318011,0.24500223048856734,0.6064162564073773,0.42893364731688977,46.49564547745674,93.92797604172654,73.98168943996382,118.13351576366328,1.9954274892807007
recorded_obs-0629-01,new_latest,289,20.537887,0.8728991479337753,start_image_current_state,13,,0.5648717796069942,0.2541773348827465,0.595099547771522,0.4453981872002567,46.90776166240161,92.24622736062912,74.07020719159016,116.03766952079332,1.8086738586425781
recorded_obs-0629-01,new_latest,289,20.537887,0.8728991479337753,start_image_current_state,14,,0.5586964979794758,0.2504563971249847,0.5799352698633723,0.42070560536466023,47.72456960068207,93.5101257180197,74.82024480572555,117.79531794581854,1.7813767194747925
recorded_obs-0629-01,new_latest,289,20.537887,0.8728991479337753,start_image_current_state,15,,0.5422351597391661,0.22915306420309664,0.5718311161951438,0.4036340120741004,49.921173084154866,96.2043484014184,76.5457026583456,120.15648939214857,1.8928570747375488
recorded_obs-0629-01,new_latest,289,20.537887,0.8728991479337753,start_image_current_state,16,,0.5547114666300252,0.24764279165848108,0.5913792139682444,0.41385931692153377,48.130751122855855,93.60751368548148,74.74625607603375,117.89769014519511,1.8159332275390625
recorded_obs-0629-01,new_latest,289,20.537887,0.8728991479337753,start_image_current_state,17,,0.5507591867403208,0.2477076887499622,0.5810223766474318,0.4316719717959369,48.969086699328834,93.54780520052716,76.07937146811504,117.49706413602503,1.7591086626052856
recorded_obs-0629-01,new_latest,289,20.537887,0.8728991479337753,start_image_current_state,18,,0.5736291876296887,0.25332663935702204,0.5843725950162634,0.42921899904709243,45.78871392786082,92.95574015730097,73.3047556404406,117.2451698353292,1.7013622522354126
recorded_obs-0629-01,new_latest,289,20.537887,0.8728991479337753,start_image_current_state,19,,0.5227233244367046,0.2598311036642423,0.576953412713762,0.4217426154877198,53.47535072015437,91.90982852478805,80.33755367274759,116.02193798507821,1.9441050291061401
recorded_obs-0629-01,new_latest,289,20.537887,0.8728991479337753,current_image_start_state,0,,0.004818787330598757,-0.12023426063151758,0.004818787330598757,-0.05035286823499573,127.09320942593371,145.0794665059349,144.1528145709412,165.78461778182447,1.3060212135314941
recorded_obs-0629-01,new_latest,289,20.537887,0.8728991479337753,current_image_start_state,1,,0.005592419879126116,-0.12375833817541222,0.005592419879126116,-0.05157043136604307,126.99279734376212,145.74888052132474,144.04340123604084,166.81296656912028,1.3610440492630005
recorded_obs-0629-01,new_latest,289,20.537887,0.8728991479337753,current_image_start_state,2,,0.005884194212878454,-0.10957925364224602,0.005884194212878454,-0.04538208726112036,126.9610835748897,143.376317934941,143.98506775059695,163.84932361567851,1.1922616958618164
recorded_obs-0629-01,new_latest,289,20.537887,0.8728991479337753,current_image_start_state,3,,0.004687639570888927,-0.12923340095789093,0.004687639570888927,-0.05495824989402434,127.14713070603612,146.37043036356886,144.1590130327757,167.03863337894677,1.3107590675354004
recorded_obs-0629-01,new_latest,289,20.537887,0.8728991479337753,current_image_start_state,4,,0.005014010979433379,-0.12123718878719697,0.005014010979433379,-0.050909163073045535,127.06775387289693,145.17013133044216,144.12984329531238,165.73741897942577,1.284311056137085
recorded_obs-0629-01,new_latest,289,20.537887,0.8728991479337753,current_image_start_state,5,,0.00419944962886904,-0.10816706256323437,0.00419944962886904,-0.0444137296173383,127.21983531114434,143.2418796525295,144.23571509716967,164.00378399913117,1.2302311658859253
recorded_obs-0629-01,new_latest,289,20.537887,0.8728991479337753,current_image_start_state,6,,0.00485032816756549,-0.12933876160985958,0.00485032816756549,-0.053521884036206814,127.12705495132604,146.30721595275102,144.13809680834444,166.76391794183942,1.348365068435669
recorded_obs-0629-01,new_latest,289,20.537887,0.8728991479337753,current_image_start_state,7,,0.0036710276154217564,-0.12319319740393175,0.0036710276154217564,-0.05500015501885649,127.24393733243896,145.40112682277527,144.32297360101475,165.88445071784236,1.279123306274414
recorded_obs-0629-01,new_latest,289,20.537887,0.8728991479337753,current_image_start_state,8,,0.004897802623968847,-0.12305969566411779,0.004897802623968847,-0.05198029653002246,127.08246685775529,145.46652023292103,144.14533327558996,166.059996297937,1.2964448928833008
recorded_obs-0629-01,new_latest,289,20.537887,0.8728991479337753,current_image_start_state,9,,0.0029507024228651656,-0.12669097817011832,0.003105967674432098,-0.049887608511162994,127.38312493800521,146.14059473450465,144.41713332046143,167.02279091715585,1.2776117324829102
recorded_obs-0629-01,new_latest,289,20.537887,0.8728991479337753,current_image_start_state,10,,0.006480704606809956,-0.12164801790317704,0.006480704606809956,-0.05038713694543453,126.91740439954106,145.29680973611835,143.89568091699533,165.98047026315734,1.2510507106781006
recorded_obs-0629-01,new_latest,289,20.537887,0.8728991479337753,current_image_start_state,11,,0.007836983040319104,-0.1264174403267013,0.007836983040319104,-0.05405157791742154,126.75738019980128,146.0149701769803,143.68452015347202,166.60802258513826,1.2894436120986938
recorded_obs-0629-01,new_latest,289,20.537887,0.8728991479337753,current_image_start_state,12,,0.005119334057784042,-0.11921860841396886,0.005119334057784042,-0.048698912758973874,127.10370464444426,144.75281732374575,144.09637419895535,165.32328318959455,1.2725557088851929
recorded_obs-0629-01,new_latest,289,20.537887,0.8728991479337753,current_image_start_state,13,,0.004414833262124792,-0.11696517607391094,0.004414833262124792,-0.04675293982885652,127.1698367881987,144.2487517394614,144.2010597333759,164.31517769060832,1.2339311838150024
recorded_obs-0629-01,new_latest,289,20.537887,0.8728991479337753,current_image_start_state,14,,0.005334958341399605,-0.12312025875364851,0.005334958341399605,-0.051408397764300846,127.03821112099288,145.44358786570115,144.07729893764946,166.09958665783483,1.2733633518218994
recorded_obs-0629-01,new_latest,289,20.537887,0.8728991479337753,current_image_start_state,15,,0.00740439523611621,-0.12194297308694256,0.00740439523611621,-0.0525395393618335,126.78915078865303,145.18692355143506,143.76526647763723,165.5984730167554,1.277767539024353
recorded_obs-0629-01,new_latest,289,20.537887,0.8728991479337753,current_image_start_state,16,,0.0041266813475394955,-0.12137881160269129,0.0042603803643692685,-0.051149702088643424,127.20929518443786,145.17116787264015,144.25081080575345,165.876846809726,1.2534197568893433
recorded_obs-0629-01,new_latest,289,20.537887,0.8728991479337753,current_image_start_state,17,,0.0056069420640565545,-0.119339317630587,0.0056069420640565545,-0.0486837912928775,127.00772392606575,144.79179364228966,144.0365430952936,165.12196469950155,1.237291693687439
recorded_obs-0629-01,new_latest,289,20.537887,0.8728991479337753,current_image_start_state,18,,0.006925103893542698,-0.12014057601641,0.006925103893542698,-0.050411183420025193,126.82456360215039,145.01324070546252,143.83891468981844,165.69717875522267,1.207141399383545
recorded_obs-0629-01,new_latest,289,20.537887,0.8728991479337753,current_image_start_state,19,,0.007360312054093052,-0.11347188312686705,0.007360312054093052,-0.05027573010728354,126.75529454902646,143.93305936497103,143.77965116923286,164.35076146344693,1.2638840675354004
recorded_obs-0629-01,new_latest,289,20.537887,0.8728991479337753,start_image_start_state,0,,0.009489119619221926,-0.1056853061274412,0.009489119619221926,-0.03895440727169432,126.4340115003165,143.24770429456638,143.46602904729656,164.52704319808439,1.3769086599349976
recorded_obs-0629-01,new_latest,289,20.537887,0.8728991479337753,start_image_start_state,1,,0.010546327824346545,-0.10921566281550392,0.010546327824346545,-0.039857187316914365,126.29715482019697,144.00292256217995,143.31116017608198,165.64414733010634,1.4317240715026855
recorded_obs-0629-01,new_latest,289,20.537887,0.8728991479337753,start_image_start_state,2,,0.010116197677508779,-0.09569230272787393,0.010116197677508779,-0.033622822144611736,126.36626144423907,141.59812366234743,143.3616666589989,162.65797864371336,1.2650172710418701
recorded_obs-0629-01,new_latest,289,20.537887,0.8728991479337753,start_image_start_state,3,,0.008993735835141799,-0.11643902542752144,0.008993735835141799,-0.04412858646583145,126.52892788544166,144.78026464622775,143.52737936319963,165.99857720146824,1.3779957294464111
recorded_obs-0629-01,new_latest,289,20.537887,0.8728991479337753,start_image_start_state,4,,0.0098867385316906,-0.10832601748033174,0.0098867385316906,-0.03978391291460033,126.39673386622165,143.55510478789935,143.40726420150673,164.6877670599111,1.3492422103881836
recorded_obs-0629-01,new_latest,289,20.537887,0.8728991479337753,start_image_start_state,5,,0.008631474697856285,-0.09212233957830789,0.008631474697856285,-0.03209050449995331,126.60102474768452,141.18144615192534,143.57879328610326,162.5353595034284,1.3032740354537964
recorded_obs-0629-01,new_latest,289,20.537887,0.8728991479337753,start_image_start_state,6,,0.009884152943537441,-0.11514272997441584,0.009884152943537441,-0.0427804985817067,126.41762141429291,144.44649094532033,143.39654156204023,165.4370501625658,1.3978278636932373
recorded_obs-0629-01,new_latest,289,20.537887,0.8728991479337753,start_image_start_state,7,,0.008546127870240349,-0.11032669155952958,0.008546127870240349,-0.04477578976060317,126.56108458463433,143.7690410661841,143.60271791641514,164.81692204997793,1.3467316627502441
recorded_obs-0629-01,new_latest,289,20.537887,0.8728991479337753,start_image_start_state,8,,0.00957168784609101,-0.10961812623120847,0.00957168784609101,-0.0409622803788935,126.42926188960445,143.76948866441438,143.45488638865464,164.9330740165009,1.3594926595687866
recorded_obs-0629-01,new_latest,289,20.537887,0.8728991479337753,start_image_start_state,9,,0.007916985035943066,-0.11345648988709445,0.008807054839146915,-0.03872657800258071,126.69469741301282,144.53992888464268,143.6816882394037,166.01074373230205,1.335360050201416
recorded_obs-0629-01,new_latest,289,20.537887,0.8728991479337753,start_image_start_state,10,,0.011505096335603735,-0.10753443072785056,0.011505096335603735,-0.03928137693646118,126.22051056358514,143.51166543821205,143.1526552794666,164.77204147639216,1.3157572746276855
recorded_obs-0629-01,new_latest,289,20.537887,0.8728991479337753,start_image_start_state,11,,0.012254820736818299,-0.11432679650080214,0.012254820736818299,-0.04372326198387145,126.14032833304718,144.52655429152927,143.03204082575195,165.69632128001322,1.3552924394607544
recorded_obs-0629-01,new_latest,289,20.537887,0.8728991479337753,start_image_start_state,12,,0.009885989943097147,-0.10429099628827139,0.009885989943097147,-0.037163181006915895,126.42314189620419,142.80402088032906,143.39692691776258,163.91763374901467,1.3452028036117554
recorded_obs-0629-01,new_latest,289,20.537887,0.8728991479337753,start_image_start_state,13,,0.009424424308861678,-0.1032316269731181,0.009424424308861678,-0.03532520615602018,126.46813623924277,142.38444090137418,143.46308075700256,162.98234238092206,1.2839142084121704
recorded_obs-0629-01,new_latest,289,20.537887,0.8728991479337753,start_image_start_state,14,,0.00977485581500545,-0.10889354338199017,0.00977485581500545,-0.0403945499573283,126.43344168953064,143.6409936164545,143.41473406966475,164.86800760838,1.331040382385254
recorded_obs-0629-01,new_latest,289,20.537887,0.8728991479337753,start_image_start_state,15,,0.012292871363851772,-0.10914768878301162,0.012292871363851772,-0.042004909554964276,126.09811574634493,143.53671864592704,143.04403237950086,164.49720225129803,1.3475266695022583
recorded_obs-0629-01,new_latest,289,20.537887,0.8728991479337753,start_image_start_state,16,,0.0091254852615433,-0.1070201822451205,0.009764356319621048,-0.03993642300587197,126.50962728904709,143.3407259983854,143.51228673727803,164.60094436639238,1.3178516626358032
recorded_obs-0629-01,new_latest,289,20.537887,0.8728991479337753,start_image_start_state,17,,0.009938441807290062,-0.10487138957818165,0.009938441807290062,-0.03759214448179802,126.40510047679393,142.88852010812138,143.3929012342063,163.7928575676177,1.2841238975524902
recorded_obs-0629-01,new_latest,289,20.537887,0.8728991479337753,start_image_start_state,18,,0.011915018383329513,-0.10591106491965947,0.011915018383329513,-0.038988069339416585,126.12144257117188,143.20545352308187,143.10496079689486,164.44491767791163,1.281466007232666
recorded_obs-0629-01,new_latest,289,20.537887,0.8728991479337753,start_image_start_state,19,,0.012377269583034521,-0.09928646638936516,0.012377269583034521,-0.03916032802631898,126.07254913345939,142.09630486267005,143.03321788361154,163.09064597312184,1.343341588973999
recorded_obs-0629-01,new_latest,291,20.66841,0.8599732637189181,current_image_current_state,0,,0.5218114208915773,0.14906298893789813,0.536745381319363,0.3381892822850987,50.74905334862686,105.95879896323652,78.12455561463494,130.72898070660466,1.902659296989441
recorded_obs-0629-01,new_latest,291,20.66841,0.8599732637189181,current_image_current_state,1,,0.47725443851807253,0.15303186799716298,0.5065236805792769,0.3317185540769291,57.00405706389194,105.62944387101254,83.70882843336031,130.64718210810278,1.8512715101242065
recorded_obs-0629-01,new_latest,291,20.66841,0.8599732637189181,current_image_current_state,2,,0.5377978522778073,0.172588491324996,0.5601297880355364,0.3604203083271073,48.755825080120346,102.2787404331431,76.81813511933227,126.96660290854187,1.912975788116455
recorded_obs-0629-01,new_latest,291,20.66841,0.8599732637189181,current_image_current_state,3,,0.5368048612125796,0.13536329411782588,0.564053506950519,0.32798978663023437,48.79619826828062,107.79151330555501,76.67497521282996,132.41348552949154,2.1377792358398438
recorded_obs-0629-01,new_latest,291,20.66841,0.8599732637189181,current_image_current_state,4,,0.5067115755154021,0.15086094226058194,0.5389751960506791,0.33509397831419985,52.96585096283868,105.5260072275916,80.22931464299704,130.1767245452062,1.9766149520874023
recorded_obs-0629-01,new_latest,291,20.66841,0.8599732637189181,current_image_current_state,5,,0.5315537919373848,0.18525209947911675,0.5401701082333262,0.36620584744687806,49.47205579751185,100.61313868659757,77.25214805611104,125.62777206980147,1.7914726734161377
recorded_obs-0629-01,new_latest,291,20.66841,0.8599732637189181,current_image_current_state,6,,0.5452706471907012,0.13272492863755486,0.5452706471907012,0.3253347592526675,47.68725278332401,108.01330340543836,75.82840654522498,132.44633081036713,2.0169334411621094
recorded_obs-0629-01,new_latest,291,20.66841,0.8599732637189181,current_image_current_state,7,,0.5320434843043135,0.1345472043536306,0.5473861318175643,0.31602683834042083,49.313998373924534,107.8489853601069,77.03953183963861,132.3207909568306,2.0417308807373047
recorded_obs-0629-01,new_latest,291,20.66841,0.8599732637189181,current_image_current_state,8,,0.5269296939278781,0.15045878136476593,0.540818198078858,0.332432430789383,50.222961630967085,105.670104267501,78.01858472861059,130.31693937610254,1.974815845489502
recorded_obs-0629-01,new_latest,291,20.66841,0.8599732637189181,current_image_current_state,9,,0.5412998440931757,0.13995757405570813,0.5412998440931757,0.33376501370106204,48.28226367102756,107.3789318404065,76.370034543551,132.14557035493792,2.017784833908081
recorded_obs-0629-01,new_latest,291,20.66841,0.8599732637189181,current_image_current_state,10,,0.5124845693704351,0.15197454950221212,0.5280804893774731,0.33571583957859064,52.06353261247514,105.59762813317637,79.43726996599378,130.39357844654393,1.8627322912216187
recorded_obs-0629-01,new_latest,291,20.66841,0.8599732637189181,current_image_current_state,11,,0.5352950935834478,0.12878773711275326,0.5352950935834478,0.32226420921940296,49.027570017144505,108.94465283984219,76.8830502519753,133.5327912724251,2.0421085357666016
recorded_obs-0629-01,new_latest,291,20.66841,0.8599732637189181,current_image_current_state,12,,0.5418656969358112,0.1524174864847032,0.5581521033862349,0.3434618878163299,48.40194340643575,105.13693561805904,76.66965115943293,129.83324141644206,2.033906936645508
recorded_obs-0629-01,new_latest,291,20.66841,0.8599732637189181,current_image_current_state,13,,0.5304568992586849,0.16494468648887922,0.5531392320827402,0.3579979118632033,49.73595754173748,102.94557150463142,77.57496937498716,127.32487648719673,1.9302411079406738
recorded_obs-0629-01,new_latest,291,20.66841,0.8599732637189181,current_image_current_state,14,,0.5196263582881878,0.14893746311701023,0.5352335145381047,0.33202534301829,51.16999999412918,105.87964880293165,78.80304559380352,130.57763611681824,1.920074462890625
recorded_obs-0629-01,new_latest,291,20.66841,0.8599732637189181,current_image_current_state,15,,0.4951368259935163,0.14014947476297346,0.5298517033043432,0.31930382592836964,54.52476031930032,106.91159422737744,81.5867350435866,131.41527313981828,2.0676989555358887
recorded_obs-0629-01,new_latest,291,20.66841,0.8599732637189181,current_image_current_state,16,,0.5154952686877203,0.1483166745855611,0.5375937643457254,0.32621794422770584,51.65743788702531,105.82790125384298,78.84655737856389,130.56571291743512,1.9337878227233887
recorded_obs-0629-01,new_latest,291,20.66841,0.8599732637189181,current_image_current_state,17,,0.5102874546531796,0.15212689936494184,0.5319423140488189,0.3411261126689093,52.57890679907382,105.11831478695638,80.19057272429869,129.54511072196473,1.8893221616744995
recorded_obs-0629-01,new_latest,291,20.66841,0.8599732637189181,current_image_current_state,18,,0.5434108434180438,0.15328284156770247,0.5434108434180438,0.33722942322755084,48.04464827055019,105.24582465852697,76.26094480638433,129.98972575847813,1.8988815546035767
recorded_obs-0629-01,new_latest,291,20.66841,0.8599732637189181,current_image_current_state,19,,0.48146057670149545,0.16228589097423196,0.535067633712788,0.33265966285335274,57.207842739717556,103.75218146606785,84.6372164355551,128.33283676883516,2.0838046073913574
recorded_obs-0629-01,new_latest,291,20.66841,0.8599732637189181,start_image_current_state,0,,0.5618511600175466,0.25081209640479163,0.5832496924178306,0.43102411074151664,45.41718663866158,91.91643190185567,73.72189759572565,117.73699682595999,1.7727118730545044
recorded_obs-0629-01,new_latest,291,20.66841,0.8599732637189181,start_image_current_state,1,,0.5271743449298201,0.2573171135901497,0.5571785457807752,0.425875069365443,50.18593266773388,91.24146380949806,77.9506259609584,117.31508160254977,1.7164658308029175
recorded_obs-0629-01,new_latest,291,20.66841,0.8599732637189181,start_image_current_state,2,,0.5677438564120431,0.272584443949178,0.6042910597111533,0.45038221719254007,44.83318036272945,88.4875230646382,73.61611306120423,114.2669908571029,1.7791532278060913
recorded_obs-0629-01,new_latest,291,20.66841,0.8599732637189181,start_image_current_state,3,,0.5688044498344748,0.23164004159757506,0.609538120339597,0.41476324708442364,44.5683662699099,94.5062189257279,73.198856870053,120.10699453294485,2.0032503604888916
recorded_obs-0629-01,new_latest,291,20.66841,0.8599732637189181,start_image_current_state,4,,0.5454551660073625,0.24690271447875925,0.5876114954971154,0.42483236871439867,47.81076240592545,92.29663561671985,75.9704461378234,117.94384271771722,1.8966450691223145
recorded_obs-0629-01,new_latest,291,20.66841,0.8599732637189181,start_image_current_state,5,,0.5661981203839695,0.29651895896935365,0.5897326406178356,0.46127931714388065,44.880996947067324,85.15223037184923,73.50430338526832,111.35126009785195,1.6699624061584473
recorded_obs-0629-01,new_latest,291,20.66841,0.8599732637189181,start_image_current_state,6,,0.5761891531957196,0.22414195326400027,0.5932852878133251,0.41107469909137817,43.630314392574064,95.44045693027054,72.50990043554265,120.83282155320403,1.911937952041626
recorded_obs-0629-01,new_latest,291,20.66841,0.8599732637189181,start_image_current_state,7,,0.568563253293547,0.23099946512268238,0.5884376751111295,0.40175123213385283,44.45506016372768,94.57866559082737,73.03054716070633,120.05154639515636,1.8903050422668457
recorded_obs-0629-01,new_latest,291,20.66841,0.8599732637189181,start_image_current_state,8,,0.5600510817530858,0.2519701383750515,0.5931765100406322,0.4215360357516209,45.843459527986596,91.65143711438685,74.39819882167045,117.31842543854533,1.8967028856277466
recorded_obs-0629-01,new_latest,291,20.66841,0.8599732637189181,start_image_current_state,9,,0.5718923005095913,0.24128140204621812,0.5724287437236253,0.42634755424201415,44.25793633821643,93.43185212079088,73.07925817059126,119.22004138551745,1.7380337715148926
recorded_obs-0629-01,new_latest,291,20.66841,0.8599732637189181,start_image_current_state,10,,0.5571187251132688,0.25567142379474145,0.578381238938911,0.42962036503876044,46.10186167105731,91.30293094746533,74.5417180802665,117.17176183250976,1.7136434316635132
recorded_obs-0629-01,new_latest,291,20.66841,0.8599732637189181,start_image_current_state,11,,0.5679538571001005,0.21888716758281224,0.5712156261904006,0.4072627519324778,44.73588551217303,96.60442288652753,73.37148467225387,122.14260075805672,1.8520631790161133
recorded_obs-0629-01,new_latest,291,20.66841,0.8599732637189181,start_image_current_state,12,,0.5702097374262599,0.24619678766039088,0.6069272807644657,0.43002291793716013,44.72523166794396,92.19639270773636,73.64967864651021,117.90396183939687,1.9944738149642944
recorded_obs-0629-01,new_latest,291,20.66841,0.8599732637189181,start_image_current_state,13,,0.5654970096997612,0.2564650863411094,0.5953923784725217,0.4467596739090598,45.108601697655295,90.29786566717935,73.77989277957516,115.67373399211921,1.8040275573730469
recorded_obs-0629-01,new_latest,291,20.66841,0.8599732637189181,start_image_current_state,14,,0.5586587964189554,0.25207224915668763,0.5808912777219238,0.42184575621152937,46.01413521251797,91.72721249750907,74.55214625689358,117.50303827039446,1.7935736179351807
recorded_obs-0629-01,new_latest,291,20.66841,0.8599732637189181,start_image_current_state,15,,0.5428912925072785,0.23045167285003398,0.5728786340138107,0.40429496952027316,48.10175529763985,94.44701864671569,76.23469830106575,119.90557061523839,1.9048444032669067
recorded_obs-0629-01,new_latest,291,20.66841,0.8599732637189181,start_image_current_state,16,,0.5552187328619845,0.2492666371949401,0.5910685939387282,0.4147294594990677,46.31926031286276,91.834360075078,74.43958143372092,117.61732136218062,1.8027560710906982
recorded_obs-0629-01,new_latest,291,20.66841,0.8599732637189181,start_image_current_state,17,,0.5513014239597528,0.2490531493129711,0.5811487128334667,0.43283314155186553,47.17628183116838,91.76842441211035,75.75393872176153,117.25528059965698,1.7651262283325195
recorded_obs-0629-01,new_latest,291,20.66841,0.8599732637189181,start_image_current_state,18,,0.5739352039487474,0.2549305643655744,0.5837660096485113,0.43013974502669095,44.06634386677065,91.19329877512372,73.01687880018177,116.9781514942607,1.696297526359558
recorded_obs-0629-01,new_latest,291,20.66841,0.8599732637189181,start_image_current_state,19,,0.5242939039137442,0.2614953413742707,0.5772962501923743,0.4228200384428763,51.57627322985724,90.08139596338194,79.89803770593522,115.71211833476896,1.9418202638626099
recorded_obs-0629-01,new_latest,291,20.66841,0.8599732637189181,current_image_start_state,0,,0.005321709808848843,-0.12091343756456069,0.005321709808848843,-0.050152679431403446,125.07015157881351,143.59008516833413,144.08832166451455,166.0290678615757,1.329058289527893
recorded_obs-0629-01,new_latest,291,20.66841,0.8599732637189181,current_image_start_state,1,,0.005907670152719102,-0.12443178626687978,0.005907670152719102,-0.051341377617967164,124.98847854475073,144.31785324245413,144.0014485254876,167.07360262062798,1.3754620552062988
recorded_obs-0629-01,new_latest,291,20.66841,0.8599732637189181,current_image_start_state,2,,0.006218457320391892,-0.1102858281530065,0.006218457320391892,-0.04522107982887057,124.96025673152735,141.84755883515717,143.94492989199554,164.08054119522666,1.2016545534133911
recorded_obs-0629-01,new_latest,291,20.66841,0.8599732637189181,current_image_start_state,3,,0.005476311359598955,-0.12976750742287793,0.005476311359598955,-0.0547808755427445,125.06734024943873,144.84650921244855,144.05674808202974,167.23809923184706,1.3183077573776245
recorded_obs-0629-01,new_latest,291,20.66841,0.8599732637189181,current_image_start_state,4,,0.0056529730432250055,-0.12206843801905093,0.0056529730432250055,-0.050684652220677924,125.02931717067118,143.67120816658044,144.04160189314416,165.9778459113725,1.293607234954834
recorded_obs-0629-01,new_latest,291,20.66841,0.8599732637189181,current_image_start_state,5,,0.004470587173611563,-0.10865896321426921,0.004470587173611563,-0.04411937589886946,125.21767692605124,141.70508030493977,144.20095108272614,164.1867983282004,1.2297725677490234
recorded_obs-0629-01,new_latest,291,20.66841,0.8599732637189181,current_image_start_state,6,,0.005398094728752936,-0.13028863026334178,0.005398094728752936,-0.05333787636284875,125.08696664863093,144.8038440259448,144.06595796344592,167.03421362009578,1.3740593194961548
recorded_obs-0629-01,new_latest,291,20.66841,0.8599732637189181,current_image_start_state,7,,0.004768992304382033,-0.12349810289824449,0.004768992304382033,-0.05476506640229399,125.13441698977593,143.82086023522535,144.1700362620836,166.06287118396295,1.2867512702941895
recorded_obs-0629-01,new_latest,291,20.66841,0.8599732637189181,current_image_start_state,8,,0.00493335884956124,-0.1238611557964405,0.00493335884956124,-0.051757078337428354,125.12279852893104,143.9664140951573,144.14661886603454,166.30246768897265,1.3071959018707275
recorded_obs-0629-01,new_latest,291,20.66841,0.8599732637189181,current_image_start_state,9,,0.004137347408358236,-0.12732110837432628,0.004137347408358236,-0.04958954976326091,125.26362739575539,144.66659259891728,144.24853883924226,167.25602045540225,1.2791272401809692
recorded_obs-0629-01,new_latest,291,20.66841,0.8599732637189181,current_image_start_state,10,,0.006484698206162667,-0.12209585779726119,0.006484698206162667,-0.05016477398282259,124.95927598490998,143.7634682551283,143.89964566565897,166.1760610121458,1.2583420276641846
recorded_obs-0629-01,new_latest,291,20.66841,0.8599732637189181,current_image_start_state,11,,0.008280819059781,-0.12645915655956538,0.008280819059781,-0.053872873137932736,124.73494130214684,144.41995287311727,143.62684817981184,166.75343344097544,1.3092412948608398
recorded_obs-0629-01,new_latest,291,20.66841,0.8599732637189181,current_image_start_state,12,,0.005893880858239449,-0.11963678962688909,0.005893880858239449,-0.04855120577379364,125.0403502915504,143.189093186564,143.9879511798625,165.51421388281793,1.2945178747177124
recorded_obs-0629-01,new_latest,291,20.66841,0.8599732637189181,current_image_start_state,13,,0.004520007895876121,-0.11748490913098183,0.004520007895876121,-0.046406890143117475,125.18614070305784,142.63917529100456,144.19418629699763,164.49279581787653,1.2492092847824097
recorded_obs-0629-01,new_latest,291,20.66841,0.8599732637189181,current_image_start_state,14,,0.006260493699580675,-0.12353218654036885,0.006260493699580675,-0.0512150102590336,124.96031911510777,143.90972430635642,143.94688912900105,166.31062043311462,1.2915884256362915
recorded_obs-0629-01,new_latest,291,20.66841,0.8599732637189181,current_image_start_state,15,,0.008181585482382396,-0.12223773177422588,0.008181585482382396,-0.052290242685594845,124.71058158011574,143.5878348793976,143.66075663543745,165.76627689616953,1.2923405170440674
recorded_obs-0629-01,new_latest,291,20.66841,0.8599732637189181,current_image_start_state,16,,0.0046003799714965906,-0.12195229184628426,0.004906055482232099,-0.05096384631353934,125.18191348776249,143.65890281167125,144.19017416380842,166.10597593194043,1.2662460803985596
recorded_obs-0629-01,new_latest,291,20.66841,0.8599732637189181,current_image_start_state,17,,0.006294685271331516,-0.12002481982560703,0.006294685271331516,-0.04841325258012404,124.94658166195747,143.23795149982527,143.94400733295504,165.34268569009683,1.2478257417678833
recorded_obs-0629-01,new_latest,291,20.66841,0.8599732637189181,current_image_start_state,18,,0.007121087777085833,-0.12101264889903372,0.007121087777085833,-0.05017014603033841,124.8422656463039,143.53195220956326,143.81759113167536,165.94244796177853,1.22696852684021
recorded_obs-0629-01,new_latest,291,20.66841,0.8599732637189181,current_image_start_state,19,,0.008177114688452277,-0.11377701898043953,0.008177114688452277,-0.05002513044660265,124.6985058230756,142.3374216731969,143.66584451835902,164.5135773937963,1.282982587814331
recorded_obs-0629-01,new_latest,291,20.66841,0.8599732637189181,start_image_start_state,0,,0.009489119619221926,-0.1056853061274412,0.009489119619221926,-0.03895440727169432,124.505884775299,141.62704026188894,143.46602904729656,164.52704319808439,1.3769086599349976
recorded_obs-0629-01,new_latest,291,20.66841,0.8599732637189181,start_image_start_state,1,,0.010546327824346545,-0.10921566281550392,0.010546327824346545,-0.039857187316914365,124.35670068471366,142.4212471040072,143.31116017608198,165.64414733010634,1.4317240715026855
recorded_obs-0629-01,new_latest,291,20.66841,0.8599732637189181,start_image_start_state,2,,0.010116197677508779,-0.09569230272787393,0.010116197677508779,-0.033622822144611736,124.43563798030479,139.95805978759546,143.3616666589989,162.65797864371336,1.2650172710418701
recorded_obs-0629-01,new_latest,291,20.66841,0.8599732637189181,start_image_start_state,3,,0.008993735835141799,-0.11643902542752144,0.008993735835141799,-0.04412858646583145,124.59771680600011,143.15702530351808,143.52737936319963,165.99857720146824,1.3779957294464111
recorded_obs-0629-01,new_latest,291,20.66841,0.8599732637189181,start_image_start_state,4,,0.0098867385316906,-0.10832601748033174,0.0098867385316906,-0.03978391291460033,124.45977963047662,141.9199449361175,143.40726420150673,164.6877670599111,1.3492422103881836
recorded_obs-0629-01,new_latest,291,20.66841,0.8599732637189181,start_image_start_state,5,,0.008631474697856285,-0.09212233957830789,0.008631474697856285,-0.03209050449995331,124.65456768460137,139.56417623607254,143.57879328610326,162.5353595034284,1.3032740354537964
recorded_obs-0629-01,new_latest,291,20.66841,0.8599732637189181,start_image_start_state,6,,0.009884152943537441,-0.11514272997441584,0.009884152943537441,-0.0427804985817067,124.4804058221412,142.780597251545,143.39654156204023,165.4370501625658,1.3978278636932373
recorded_obs-0629-01,new_latest,291,20.66841,0.8599732637189181,start_image_start_state,7,,0.008546127870240349,-0.11032669155952958,0.008546127870240349,-0.04477578976060317,124.62825286286582,142.12144577247383,143.60271791641514,164.81692204997793,1.3467316627502441
recorded_obs-0629-01,new_latest,291,20.66841,0.8599732637189181,start_image_start_state,8,,0.00957168784609101,-0.10961812623120847,0.00957168784609101,-0.0409622803788935,124.49839665512488,142.13046296789378,143.45488638865464,164.9330740165009,1.3594926595687866
recorded_obs-0629-01,new_latest,291,20.66841,0.8599732637189181,start_image_start_state,9,,0.007916985035943066,-0.11345648988709445,0.008807054839146915,-0.03872657800258071,124.75616427633835,142.9411096183463,143.6816882394037,166.01074373230205,1.335360050201416
recorded_obs-0629-01,new_latest,291,20.66841,0.8599732637189181,start_image_start_state,10,,0.011505096335603735,-0.10753443072785056,0.011505096335603735,-0.03928137693646118,124.28286793986923,141.88754931776703,143.1526552794666,164.77204147639216,1.3157572746276855
recorded_obs-0629-01,new_latest,291,20.66841,0.8599732637189181,start_image_start_state,11,,0.012254820736818299,-0.11432679650080214,0.012254820736818299,-0.04372326198387145,124.2025910535471,142.8988960604434,143.03204082575195,165.69632128001322,1.3552924394607544
recorded_obs-0629-01,new_latest,291,20.66841,0.8599732637189181,start_image_start_state,12,,0.009885989943097147,-0.10429099628827139,0.009885989943097147,-0.037163181006915895,124.48857333602726,141.16633016771593,143.39692691776258,163.91763374901467,1.3452028036117554
recorded_obs-0629-01,new_latest,291,20.66841,0.8599732637189181,start_image_start_state,13,,0.009424424308861678,-0.1032316269731181,0.009424424308861678,-0.03532520615602018,124.52695194064329,140.69352275810837,143.46308075700256,162.98234238092206,1.2839142084121704
recorded_obs-0629-01,new_latest,291,20.66841,0.8599732637189181,start_image_start_state,14,,0.00977485581500545,-0.10889354338199017,0.00977485581500545,-0.0403945499573283,124.49767401547916,142.01071779445667,143.41473406966475,164.86800760838,1.331040382385254
recorded_obs-0629-01,new_latest,291,20.66841,0.8599732637189181,start_image_start_state,15,,0.012292871363851772,-0.10914768878301162,0.012292871363851772,-0.042004909554964276,124.15783495770098,141.88030409571007,143.04403237950086,164.49720225129803,1.3475266695022583
recorded_obs-0629-01,new_latest,291,20.66841,0.8599732637189181,start_image_start_state,16,,0.0091254852615433,-0.1070201822451205,0.009764356319621048,-0.03993642300587197,124.57678689105698,141.71664835641457,143.51228673727803,164.60094436639238,1.3178516626358032
recorded_obs-0629-01,new_latest,291,20.66841,0.8599732637189181,start_image_start_state,17,,0.009938441807290062,-0.10487138957818165,0.009938441807290062,-0.03759214448179802,124.46547904528335,141.22669930812597,143.3929012342063,163.7928575676177,1.2841238975524902
recorded_obs-0629-01,new_latest,291,20.66841,0.8599732637189181,start_image_start_state,18,,0.011915018383329513,-0.10591106491965947,0.011915018383329513,-0.038988069339416585,124.19150168363187,141.58381821945582,143.10496079689486,164.44491767791163,1.281466007232666
recorded_obs-0629-01,new_latest,291,20.66841,0.8599732637189181,start_image_start_state,19,,0.012377269583034521,-0.09928646638936516,0.012377269583034521,-0.03916032802631898,124.14658885586205,140.44506307429387,143.03321788361154,163.09064597312184,1.343341588973999
recorded_obs-0629-01,new_latest,306,21.675008,0.8193020241130448,current_image_current_state,0,,0.531808351607213,0.16011877211549003,0.5458289344378653,0.3510421941125824,42.64288214630846,97.84770941590735,79.3314574684231,130.4022393119487,1.878635287284851
recorded_obs-0629-01,new_latest,306,21.675008,0.8193020241130448,current_image_current_state,1,,0.49474184610063093,0.16433943910271803,0.5171418605514696,0.34469839855000556,47.90243205926141,97.37728053263123,83.75417214396215,130.3221765804819,1.805294394493103
recorded_obs-0629-01,new_latest,306,21.675008,0.8193020241130448,current_image_current_state,2,,0.5420334460697784,0.18386120631957012,0.5646778142493957,0.37279402888834323,41.21322429911343,94.18785259795408,78.68830552419035,126.60000276419106,1.878504991531372
recorded_obs-0629-01,new_latest,306,21.675008,0.8193020241130448,current_image_current_state,3,,0.5424182618500485,0.14628723559810167,0.5676709370821461,0.3405553274193945,41.15476753170575,99.74840254176598,78.42987017575622,132.08561934501412,2.0787267684936523
recorded_obs-0629-01,new_latest,306,21.675008,0.8193020241130448,current_image_current_state,4,,0.5197144393962716,0.16144216759150629,0.5480901462831211,0.34744451099541823,44.367283054940195,97.57252455710064,80.9156952757114,129.96359736278487,1.953010082244873
recorded_obs-0629-01,new_latest,306,21.675008,0.8193020241130448,current_image_current_state,5,,0.5374225505807276,0.19675736618611378,0.5496533271832659,0.37805305558356506,41.815345323233295,92.37872719291963,78.95801020450533,125.2299607072762,1.763664722442627
recorded_obs-0629-01,new_latest,306,21.675008,0.8193020241130448,current_image_current_state,6,,0.5483078625050916,0.14409273614905,0.5515878126719309,0.3377467233259995,40.32207164958458,99.97088630428784,77.91383285396728,132.02442608300078,1.9698905944824219
recorded_obs-0629-01,new_latest,306,21.675008,0.8193020241130448,current_image_current_state,7,,0.5385234486005457,0.14560965187804115,0.5522550552866407,0.32877745025082505,41.614433564215716,99.85522801680362,78.66894453451626,132.0181633784537,1.9925916194915771
recorded_obs-0629-01,new_latest,306,21.675008,0.8193020241130448,current_image_current_state,8,,0.5327454821501056,0.16199940150017153,0.5474945920332984,0.3452955515612552,42.530359344619505,97.55080094483559,79.675758878652,129.9160218018641,1.9388282299041748
recorded_obs-0629-01,new_latest,306,21.675008,0.8193020241130448,current_image_current_state,9,,0.5446891485361152,0.1502929405086347,0.5446891485361152,0.3454998335649586,40.852705078746524,99.36059824397609,78.34247092593839,131.9260744606019,1.8961349725723267
recorded_obs-0629-01,new_latest,306,21.675008,0.8193020241130448,current_image_current_state,10,,0.5248373310959651,0.16319585896200475,0.5370863283879613,0.34913422380007064,43.57929830668603,97.45063983698459,80.30446169716011,130.04463025695694,1.8286796808242798
recorded_obs-0629-01,new_latest,306,21.675008,0.8193020241130448,current_image_current_state,11,,0.5417600379203774,0.1383435213500688,0.5417600379203774,0.3344757488486325,41.25233130965237,101.06798525171472,78.51719214526324,133.42339407261437,1.9577769041061401
recorded_obs-0629-01,new_latest,306,21.675008,0.8193020241130448,current_image_current_state,12,,0.5448504383347453,0.16383502339443853,0.5632029086077263,0.3558758946194767,40.92997548163001,97.02223949309122,78.64287955106906,129.44560952316115,2.007585048675537
recorded_obs-0629-01,new_latest,306,21.675008,0.8193020241130448,current_image_current_state,13,,0.5367161488646158,0.17585200573229345,0.5575025096767028,0.3692904682796024,41.984717647218375,95.06851974980202,79.25780350010778,127.00358944439817,1.8942440748214722
recorded_obs-0629-01,new_latest,306,21.675008,0.8193020241130448,current_image_current_state,14,,0.5287364697852633,0.16114634381320855,0.5452179155835909,0.3446611224549331,43.09296926237408,97.63873618929816,80.07445810340744,130.101102807346,1.9036918878555298
recorded_obs-0629-01,new_latest,306,21.675008,0.8193020241130448,current_image_current_state,15,,0.5104517782661628,0.14995575145472886,0.5362840585700495,0.3318902229885137,45.67690021556287,99.0982391336728,81.99769105921041,131.27845704238678,1.9825490713119507
recorded_obs-0629-01,new_latest,306,21.675008,0.8193020241130448,current_image_current_state,16,,0.527588742741887,0.16016734529842813,0.5460114097506594,0.339356275456799,43.24991535534695,97.5813849403072,79.7991212997467,130.02000259780274,1.878576636314392
recorded_obs-0629-01,new_latest,306,21.675008,0.8193020241130448,current_image_current_state,17,,0.5203303776428474,0.16417052500078458,0.5397988542908523,0.3534208436093549,44.31757312623689,97.01416388322593,81.25013148443982,129.0699449640248,1.8581151962280273
recorded_obs-0629-01,new_latest,306,21.675008,0.8193020241130448,current_image_current_state,18,,0.546360088961507,0.16357099312054277,0.546360088961507,0.3497210418435327,40.648662673195474,97.25716186939226,78.33960060829149,129.76925368393026,1.8291568756103516
recorded_obs-0629-01,new_latest,306,21.675008,0.8193020241130448,current_image_current_state,19,,0.497377997727735,0.17221842752365146,0.5406655319215361,0.34512595651225464,47.90107448467157,95.90994741303854,84.62874222482152,128.15221107015213,2.012960910797119
recorded_obs-0629-01,new_latest,306,21.675008,0.8193020241130448,start_image_current_state,0,,0.5588511298588321,0.24378035221367134,0.5773373280101041,0.42549330801865914,38.86468900336817,86.00318565453038,76.60833009214458,119.76064308243875,1.7330008745193481
recorded_obs-0629-01,new_latest,306,21.675008,0.8193020241130448,start_image_current_state,1,,0.530861601037599,0.2489796165227962,0.5527437492300744,0.42003927607843566,42.78106011135278,85.41692677168417,79.89586280577488,119.5904107445945,1.6862258911132812
recorded_obs-0629-01,new_latest,306,21.675008,0.8193020241130448,start_image_current_state,2,,0.5629739539925758,0.2677691295716439,0.5952441117648457,0.44596775285667595,38.322311013929614,82.30121520355293,76.62385511793575,115.96118579047008,1.7578954696655273
recorded_obs-0629-01,new_latest,306,21.675008,0.8193020241130448,start_image_current_state,3,,0.5644465668362721,0.2228695616346522,0.6015551032946298,0.40885128744210075,38.10448523402597,88.93687590042076,76.26291443792745,122.4012756205879,1.9872106313705444
recorded_obs-0629-01,new_latest,306,21.675008,0.8193020241130448,start_image_current_state,4,,0.5461885269971204,0.23952832865587956,0.5828441568062317,0.4191320570578343,40.68686371013529,86.52114037652122,78.24478954539562,120.02978608637407,1.8678083419799805
recorded_obs-0629-01,new_latest,306,21.675008,0.8193020241130448,start_image_current_state,5,,0.5619356740467872,0.29038872413004546,0.5818492134874484,0.455168187873276,38.38413478165451,79.01759161690056,76.53211842646654,113.20704635520158,1.6282014846801758
recorded_obs-0629-01,new_latest,306,21.675008,0.8193020241130448,start_image_current_state,6,,0.5705563956827684,0.2175088225038396,0.5864299243092048,0.40579959581993064,37.263889438025515,89.63114512754996,75.73190115558403,122.79942792113056,1.8882008790969849
recorded_obs-0629-01,new_latest,306,21.675008,0.8193020241130448,start_image_current_state,7,,0.5641922661890253,0.22201485900752102,0.5818865068856586,0.3963649806421254,38.040765889731,89.1036609253958,76.11362677298125,122.40259184133348,1.8828567266464233
recorded_obs-0629-01,new_latest,306,21.675008,0.8193020241130448,start_image_current_state,8,,0.5577111475989772,0.2443777563286544,0.5849231059491168,0.41588107956549475,39.04405981696384,85.8857168636082,77.11452753422651,119.39241851894083,1.8484950065612793
recorded_obs-0629-01,new_latest,306,21.675008,0.8193020241130448,start_image_current_state,9,,0.5663867896371888,0.23288481584844165,0.5681200033252871,0.41979659411507375,37.85079437780983,87.71513540066512,76.2086926365548,121.45142076146695,1.6898252964019775
recorded_obs-0629-01,new_latest,306,21.675008,0.8193020241130448,start_image_current_state,10,,0.5556175311613385,0.24872568055735061,0.573438141068929,0.4241642195829437,39.27695739337791,85.34846311612027,77.20590465377154,119.172224310168,1.6891001462936401
recorded_obs-0629-01,new_latest,306,21.675008,0.8193020241130448,start_image_current_state,11,,0.5642338961479963,0.21025971536476784,0.5653936332177222,0.40179711647854777,38.13674177366668,90.99956867697978,76.29480424156051,124.44151931400891,1.8137420415878296
recorded_obs-0629-01,new_latest,306,21.675008,0.8193020241130448,start_image_current_state,12,,0.5648945552224026,0.23976220645401825,0.5988552590255874,0.4248965006003185,38.23697616393573,86.28105173288455,76.74864181840687,119.8819470597653,1.959680438041687
recorded_obs-0629-01,new_latest,306,21.675008,0.8193020241130448,start_image_current_state,13,,0.5611968009234444,0.25173741306955644,0.5876635255880786,0.4419556359575374,38.57572937970688,84.28876121985407,76.81444251017409,117.3590468519924,1.7756706476211548
recorded_obs-0629-01,new_latest,306,21.675008,0.8193020241130448,start_image_current_state,14,,0.5555893953233092,0.24593913659642444,0.5760842534307327,0.41632010195148633,39.36816768944011,85.70771679403487,77.38521846181278,119.42324826351599,1.7769376039505005
recorded_obs-0629-01,new_latest,306,21.675008,0.8193020241130448,start_image_current_state,15,,0.5438948944285594,0.22256126519409578,0.5668025071089217,0.39938688476345946,40.9879510986639,88.83395885024628,78.56459698109776,122.12522347805171,1.845913052558899
recorded_obs-0629-01,new_latest,306,21.675008,0.8193020241130448,start_image_current_state,16,,0.555382428951603,0.24191413960057226,0.5832667983581137,0.4089343515594667,39.34571000308291,85.99133232012467,76.96625058707662,119.62077272777066,1.7632981538772583
recorded_obs-0629-01,new_latest,306,21.675008,0.8193020241130448,start_image_current_state,17,,0.5489097192012292,0.24331715670216839,0.5747389249600839,0.42730394924198895,40.357603825959686,85.83151317260547,78.38093572580034,119.08667245848493,1.736435890197754
recorded_obs-0629-01,new_latest,306,21.675008,0.8193020241130448,start_image_current_state,18,,0.5675949019816856,0.2474251398316863,0.5772103371632348,0.42397022224264275,37.73199477901413,85.37631105067125,76.2531880494249,119.057398292825,1.6723084449768066
recorded_obs-0629-01,new_latest,306,21.675008,0.8193020241130448,start_image_current_state,19,,0.5279261562818607,0.25387357542603717,0.5705904595743642,0.41724896823361807,43.71070724742484,84.34947449355454,81.50655058914329,117.79893190299366,1.884861707687378
recorded_obs-0629-01,new_latest,306,21.675008,0.8193020241130448,current_image_start_state,0,,0.0042346346492754434,-0.11811083579961472,0.0042346346492754434,-0.05011517130228905,121.58135555641309,137.20616154555384,144.22785492053538,165.3047420861799,1.2790120840072632
recorded_obs-0629-01,new_latest,306,21.675008,0.8193020241130448,current_image_start_state,1,,0.005334997763442009,-0.12119060135185343,0.005334997763442009,-0.05131355742858019,121.43825950779184,137.64558549008476,144.06936221086474,166.23602144618067,1.340464472770691
recorded_obs-0629-01,new_latest,306,21.675008,0.8193020241130448,current_image_start_state,2,,0.004439217922447976,-0.1075295303879339,0.004439217922447976,-0.04555429443452132,121.60381985947845,135.63152717641856,144.18189431764452,163.37334184558625,1.1613752841949463
recorded_obs-0629-01,new_latest,306,21.675008,0.8193020241130448,current_image_start_state,3,,0.003916207619842888,-0.12725879437554313,0.003916207619842888,-0.054468726912278116,121.65602799964769,138.50956465579705,144.266215694931,166.54857012660372,1.2810287475585938
recorded_obs-0629-01,new_latest,306,21.675008,0.8193020241130448,current_image_start_state,4,,0.004641454205080401,-0.11943169504117071,0.004641454205080401,-0.05077001644718665,121.53010563313427,137.4102538158694,144.17149448834513,165.29354373267773,1.260790467262268
recorded_obs-0629-01,new_latest,306,21.675008,0.8193020241130448,current_image_start_state,5,,0.003559701950317031,-0.10613046714175367,0.003559701950317031,-0.04456131484359893,121.72715665660091,135.36079102282068,144.31789809974651,163.50295998176492,1.198622703552246
recorded_obs-0629-01,new_latest,306,21.675008,0.8193020241130448,current_image_start_state,6,,0.004524601323574887,-0.1268387802861384,0.004524601323574887,-0.05325291998955181,121.5988436065167,138.49346246321622,144.1742575856712,166.25015125023057,1.3194761276245117
recorded_obs-0629-01,new_latest,306,21.675008,0.8193020241130448,current_image_start_state,7,,0.0030593358821283632,-0.12052569020728339,0.0030593358821283632,-0.0545533565278089,121.73486088380196,137.56014071635542,144.39887998215795,165.3183450346799,1.2547430992126465
recorded_obs-0629-01,new_latest,306,21.675008,0.8193020241130448,current_image_start_state,8,,0.004115489005590163,-0.12107564459316016,0.004115489005590163,-0.05165455484915107,121.59363177649955,137.66876161994728,144.24723490493972,165.57887450565383,1.2554374933242798
recorded_obs-0629-01,new_latest,306,21.675008,0.8193020241130448,current_image_start_state,9,,0.00256441676323403,-0.12478290028364221,0.00256441676323403,-0.04984286007579855,121.84407786595347,138.19872531239048,144.4633406389027,166.5178372073361,1.2467663288116455
recorded_obs-0629-01,new_latest,306,21.675008,0.8193020241130448,current_image_start_state,10,,0.005692266221276905,-0.11945063862984417,0.005692266221276905,-0.05033478675203472,121.47435142409734,137.4162896803185,143.9979840199486,165.45987576368734,1.2136507034301758
recorded_obs-0629-01,new_latest,306,21.675008,0.8193020241130448,current_image_start_state,11,,0.00668371786968462,-0.12461807948834186,0.00668371786968462,-0.05393116841739785,121.39316205910116,138.21132964898285,143.84126879019058,166.1290605433731,1.2555886507034302
recorded_obs-0629-01,new_latest,306,21.675008,0.8193020241130448,current_image_start_state,12,,0.00440063770221769,-0.1162494266766145,0.00440063770221769,-0.04871073349036718,121.65207708649655,136.83110426841878,144.1863097452576,164.7227539326224,1.243519902229309
recorded_obs-0629-01,new_latest,306,21.675008,0.8193020241130448,current_image_start_state,13,,0.0035451461593243496,-0.11528012621703866,0.0035451461593243496,-0.04692580780007595,121.7079797058989,136.77017752388235,144.31789530506686,163.93362268736396,1.2122148275375366
recorded_obs-0629-01,new_latest,306,21.675008,0.8193020241130448,current_image_start_state,14,,0.005002646358552504,-0.12086573287455712,0.005002646358552504,-0.05131587647466101,121.51127724157999,137.58117565437868,144.11273609859938,165.5945863675063,1.2473185062408447
recorded_obs-0629-01,new_latest,306,21.675008,0.8193020241130448,current_image_start_state,15,,0.006627569601885449,-0.119508696335239,0.006627569601885449,-0.05229627919755329,121.34969352903157,137.4083213528746,143.86586317350242,165.06369236273707,1.23658287525177
recorded_obs-0629-01,new_latest,306,21.675008,0.8193020241130448,current_image_start_state,16,,0.003441893961621479,-0.11888254110722157,0.0036527399123667866,-0.050593855167411744,121.71464308577853,137.23665696104592,144.33921293302365,165.32574779071086,1.2187529802322388
recorded_obs-0629-01,new_latest,306,21.675008,0.8193020241130448,current_image_start_state,17,,0.004863860665306182,-0.11715194041847418,0.004863860665306182,-0.04864771843457712,121.53288392698666,137.09992683651183,144.13288283034655,164.647054201057,1.1997785568237305
recorded_obs-0629-01,new_latest,306,21.675008,0.8193020241130448,current_image_start_state,18,,0.006816429043011722,-0.11731254649904066,0.006816429043011722,-0.050120222846887434,121.25605973695906,137.04795174511105,143.8462013551829,165.06674927028746,1.1889206171035767
recorded_obs-0629-01,new_latest,306,21.675008,0.8193020241130448,current_image_start_state,19,,0.00693195959408701,-0.11117764924334826,0.00693195959408701,-0.05018915879546847,121.27697981914368,136.19281943390308,143.82418777436254,163.86498226467387,1.2447439432144165
recorded_obs-0629-01,new_latest,306,21.675008,0.8193020241130448,start_image_start_state,0,,0.009489119619221926,-0.1056853061274412,0.009489119619221926,-0.03895440727169432,120.84374030573427,135.44395385450838,143.46602904729656,164.52704319808439,1.3769086599349976
recorded_obs-0629-01,new_latest,306,21.675008,0.8193020241130448,start_image_start_state,1,,0.010546327824346545,-0.10921566281550392,0.010546327824346545,-0.039857187316914365,120.71891431418258,136.03836681749368,143.31116017608198,165.64414733010634,1.4317240715026855
recorded_obs-0629-01,new_latest,306,21.675008,0.8193020241130448,start_image_start_state,2,,0.010116197677508779,-0.09569230272787393,0.010116197677508779,-0.033622822144611736,120.80157081279346,133.90963146287518,143.3616666589989,162.65797864371336,1.2650172710418701
recorded_obs-0629-01,new_latest,306,21.675008,0.8193020241130448,start_image_start_state,3,,0.008993735835141799,-0.11643902542752144,0.008993735835141799,-0.04412858646583145,120.95396363346633,136.99115437723037,143.52737936319963,165.99857720146824,1.3779957294464111
recorded_obs-0629-01,new_latest,306,21.675008,0.8193020241130448,start_image_start_state,4,,0.0098867385316906,-0.10832601748033174,0.0098867385316906,-0.03978391291460033,120.8159591786887,135.81174849809446,143.40726420150673,164.6877670599111,1.3492422103881836
recorded_obs-0629-01,new_latest,306,21.675008,0.8193020241130448,start_image_start_state,5,,0.008631474697856285,-0.09212233957830789,0.008631474697856285,-0.03209050449995331,121.03362973377452,133.37027414696536,143.57879328610326,162.5353595034284,1.3032740354537964
recorded_obs-0629-01,new_latest,306,21.675008,0.8193020241130448,start_image_start_state,6,,0.009884152943537441,-0.11514272997441584,0.009884152943537441,-0.0427804985817067,120.84957233878863,136.7515538055299,143.39654156204023,165.4370501625658,1.3978278636932373
recorded_obs-0629-01,new_latest,306,21.675008,0.8193020241130448,start_image_start_state,7,,0.008546127870240349,-0.11032669155952958,0.008546127870240349,-0.04477578976060317,120.96814601442316,136.06240255792213,143.60271791641514,164.81692204997793,1.3467316627502441
recorded_obs-0629-01,new_latest,306,21.675008,0.8193020241130448,start_image_start_state,8,,0.00957168784609101,-0.10961812623120847,0.00957168784609101,-0.0409622803788935,120.84362200778087,136.006478829947,143.45488638865464,164.9330740165009,1.3594926595687866
recorded_obs-0629-01,new_latest,306,21.675008,0.8193020241130448,start_image_start_state,9,,0.007916985035943066,-0.11345648988709445,0.008807054839146915,-0.03872657800258071,121.1194708163466,136.645286026301,143.6816882394037,166.01074373230205,1.335360050201416
recorded_obs-0629-01,new_latest,306,21.675008,0.8193020241130448,start_image_start_state,10,,0.011505096335603735,-0.10753443072785056,0.011505096335603735,-0.03928137693646118,120.68082426043578,135.71269282664173,143.1526552794666,164.77204147639216,1.3157572746276855
recorded_obs-0629-01,new_latest,306,21.675008,0.8193020241130448,start_image_start_state,11,,0.012254820736818299,-0.11432679650080214,0.012254820736818299,-0.04372326198387145,120.62207864318071,136.75386475982427,143.03204082575195,165.69632128001322,1.3552924394607544
recorded_obs-0629-01,new_latest,306,21.675008,0.8193020241130448,start_image_start_state,12,,0.009885989943097147,-0.10429099628827139,0.009885989943097147,-0.037163181006915895,120.85613360335432,135.08822879209393,143.39692691776258,163.91763374901467,1.3452028036117554
recorded_obs-0629-01,new_latest,306,21.675008,0.8193020241130448,start_image_start_state,13,,0.009424424308861678,-0.1032316269731181,0.009424424308861678,-0.03532520615602018,120.8984432080204,134.89713068432405,143.46308075700256,162.98234238092206,1.2839142084121704
recorded_obs-0629-01,new_latest,306,21.675008,0.8193020241130448,start_image_start_state,14,,0.00977485581500545,-0.10889354338199017,0.00977485581500545,-0.0403945499573283,120.86588085459844,135.8606445853638,143.41473406966475,164.86800760838,1.331040382385254
recorded_obs-0629-01,new_latest,306,21.675008,0.8193020241130448,start_image_start_state,15,,0.012292871363851772,-0.10914768878301162,0.012292871363851772,-0.042004909554964276,120.5529637709474,135.86714426362394,143.04403237950086,164.49720225129803,1.3475266695022583
recorded_obs-0629-01,new_latest,306,21.675008,0.8193020241130448,start_image_start_state,16,,0.0091254852615433,-0.1070201822451205,0.009764356319621048,-0.03993642300587197,120.9318927359142,135.5500491444599,143.51228673727803,164.60094436639238,1.3178516626358032
recorded_obs-0629-01,new_latest,306,21.675008,0.8193020241130448,start_image_start_state,17,,0.009938441807290062,-0.10487138957818165,0.009938441807290062,-0.03759214448179802,120.83333775026983,135.25059504995585,143.3929012342063,163.7928575676177,1.2841238975524902
recorded_obs-0629-01,new_latest,306,21.675008,0.8193020241130448,start_image_start_state,18,,0.011915018383329513,-0.10591106491965947,0.011915018383329513,-0.038988069339416585,120.5568834060789,135.42508876832605,143.10496079689486,164.44491767791163,1.281466007232666
recorded_obs-0629-01,new_latest,306,21.675008,0.8193020241130448,start_image_start_state,19,,0.012377269583034521,-0.09928646638936516,0.012377269583034521,-0.03916032802631898,120.52949229784957,134.43001171653128,143.03321788361154,163.09064597312184,1.343341588973999
recorded_obs-0629-01,new_latest,308,21.812406,0.8362594589642434,current_image_current_state,0,,0.5271674686756378,0.15523832289983294,0.5427598942324715,0.34517559813502935,45.901664632816626,100.98556224172357,79.14923979131736,130.44737322814237,1.8944188356399536
recorded_obs-0629-01,new_latest,308,21.812406,0.8362594589642434,current_image_current_state,1,,0.4876463765378477,0.1599145795838246,0.5118722038765285,0.33884563146305063,51.52055933606355,100.45523020047366,83.97133664255678,130.2852067339362,1.8213623762130737
recorded_obs-0629-01,new_latest,308,21.812406,0.8362594589642434,current_image_current_state,2,,0.541024476069461,0.1789201342542268,0.5630591743288743,0.3673742594963997,44.014003631600914,97.34713595081723,78.17772301499882,126.69263067189587,1.8932315111160278
recorded_obs-0629-01,new_latest,308,21.812406,0.8362594589642434,current_image_current_state,3,,0.540463530426237,0.14201968176891422,0.5667403363001929,0.335225451132735,44.07071498967966,102.78991492204881,77.96679119981388,132.0504288061674,2.096648931503296
recorded_obs-0629-01,new_latest,308,21.812406,0.8362594589642434,current_image_current_state,4,,0.5148201049259947,0.1570455538533163,0.5444069348584272,0.34197646313145436,47.70077444294016,100.6107073292494,80.88737664811671,129.90804454482156,1.9577488899230957
recorded_obs-0629-01,new_latest,308,21.812406,0.8362594589642434,current_image_current_state,5,,0.5351311794209666,0.19234865575079796,0.5459471260421096,0.3733421939293874,44.782769307929705,95.4598958588679,78.58063900584858,125.19482947424824,1.774021029472351
recorded_obs-0629-01,new_latest,308,21.812406,0.8362594589642434,current_image_current_state,6,,0.5477224892482967,0.1385578714190831,0.5477224892482967,0.3319335124913038,43.069773441212185,103.19546359437787,77.30243585291856,132.1863902975662,1.981555700302124
recorded_obs-0629-01,new_latest,308,21.812406,0.8362594589642434,current_image_current_state,7,,0.536726415967738,0.14081534786656463,0.5509857952917242,0.32228911954359035,44.49359133882378,102.96599460141265,78.19775294654703,132.05859053001453,2.016679286956787
recorded_obs-0629-01,new_latest,308,21.812406,0.8362594589642434,current_image_current_state,8,,0.5312009231554469,0.15644537367670383,0.5446606380686269,0.33933579724452156,45.39396861684285,100.76712700402064,79.21068085943357,130.05578015350423,1.9506754875183105
recorded_obs-0629-01,new_latest,308,21.812406,0.8362594589642434,current_image_current_state,9,,0.5439965493754817,0.14636391052378148,0.5439965493754817,0.3403203333762201,43.616947862032745,102.37319997835186,77.79147843238714,131.85426555350386,1.9450578689575195
recorded_obs-0629-01,new_latest,308,21.812406,0.8362594589642434,current_image_current_state,10,,0.5201307602061944,0.15772572033436372,0.5341484416691135,0.34263605530609303,46.873070080119334,100.66788238815504,80.17367358757073,130.15952990330132,1.8485901355743408
recorded_obs-0629-01,new_latest,308,21.812406,0.8362594589642434,current_image_current_state,11,,0.5391408431943444,0.13366117642317762,0.5391408431943444,0.3285719096683932,44.264863844455064,104.18257841624194,78.15881944228222,133.4370093051128,1.993329644203186
recorded_obs-0629-01,new_latest,308,21.812406,0.8362594589642434,current_image_current_state,12,,0.5440987408862707,0.15843517902215817,0.5605678795715685,0.3502024107594808,43.71724118257984,100.22795390667834,78.11911223517194,129.58246981338033,2.019963502883911
recorded_obs-0629-01,new_latest,308,21.812406,0.8362594589642434,current_image_current_state,13,,0.5345727160148134,0.17068632037208434,0.5561743998756342,0.36469827803217303,44.92539141282858,98.26008109967073,78.80060818026003,127.15168533746342,1.912895679473877
recorded_obs-0629-01,new_latest,308,21.812406,0.8362594589642434,current_image_current_state,14,,0.525583735268735,0.15611187668703116,0.5407825208814345,0.33869665935937776,46.15363191034925,100.80630498997164,79.77494918871244,130.18286903134037,1.905359148979187
recorded_obs-0629-01,new_latest,308,21.812406,0.8362594589642434,current_image_current_state,15,,0.5042666431044232,0.1446544263974663,0.5342056573576162,0.3254463078780485,49.171541684249604,102.27429155455874,82.08703459693453,131.37715526563326,2.0297951698303223
recorded_obs-0629-01,new_latest,308,21.812406,0.8362594589642434,current_image_current_state,16,,0.5228159494864039,0.15496687337086829,0.5420870784120299,0.33302218195942634,46.549177113974444,100.80479389234138,79.66646089233399,130.18937369475876,1.902843713760376
recorded_obs-0629-01,new_latest,308,21.812406,0.8362594589642434,current_image_current_state,17,,0.5163554986942523,0.15825835946235625,0.5366306673010549,0.34755165791855197,47.50851294318881,100.31222297509909,81.08669704450551,129.30536690172192,1.8698745965957642
recorded_obs-0629-01,new_latest,308,21.812406,0.8362594589642434,current_image_current_state,18,,0.546647036960386,0.15895030707435273,0.546647036960386,0.3440082135964779,43.28306796123211,100.37172305190228,77.66804269880487,129.7888040351014,1.8612732887268066
recorded_obs-0629-01,new_latest,308,21.812406,0.8362594589642434,current_image_current_state,19,,0.49136460026828577,0.16692477581251436,0.5385213839499109,0.33899334258458785,51.447658085114426,99.10304558852066,84.84845031252055,128.27008180635528,2.0436320304870605
recorded_obs-0629-01,new_latest,308,21.812406,0.8362594589642434,start_image_current_state,0,,0.5628659553066027,0.2499592209994644,0.5826687577765838,0.4311215882035234,40.97189659622972,87.79746074733455,75.52965244889103,118.67600105213963,1.7481698989868164
recorded_obs-0629-01,new_latest,308,21.812406,0.8362594589642434,start_image_current_state,1,,0.533072162484816,0.25521802247717107,0.5574204182048504,0.42568383780706487,45.11935374746171,87.21495046981013,79.01840663296555,118.48000996114375,1.6993436813354492
recorded_obs-0629-01,new_latest,308,21.812406,0.8362594589642434,start_image_current_state,2,,0.5675360684671731,0.2730494635578543,0.6017784762732319,0.4514937898008509,40.37597170947149,84.20449455909328,75.47459060195844,115.01308968036683,1.7669306993484497
recorded_obs-0629-01,new_latest,308,21.812406,0.8362594589642434,start_image_current_state,3,,0.5684849235709879,0.22882891738629912,0.6066548449432742,0.4144227104342274,40.21515943740078,90.72998000000976,75.14557744134244,121.312415413938,1.988872766494751
recorded_obs-0629-01,new_latest,308,21.812406,0.8362594589642434,start_image_current_state,4,,0.5491492478675919,0.24574309495186136,0.587049777484988,0.424884214294218,42.939509995978916,88.28562675096578,77.28930596948149,118.94028303762757,1.8816022872924805
recorded_obs-0629-01,new_latest,308,21.812406,0.8362594589642434,start_image_current_state,5,,0.56644663248728,0.29663090594231367,0.5875864733920779,0.461050769622013,40.440802374128744,80.80298269900774,75.37987055100109,112.13625734824288,1.643179178237915
recorded_obs-0629-01,new_latest,308,21.812406,0.8362594589642434,start_image_current_state,6,,0.5755081969582269,0.2233229965305843,0.5921409490880917,0.4113966853141417,39.27135827457327,91.45360017069962,74.52003952887065,121.77029613689622,1.9014198780059814
recorded_obs-0629-01,new_latest,308,21.812406,0.8362594589642434,start_image_current_state,7,,0.5682395521739309,0.2282024732604018,0.5870812254396107,0.4018196593503905,40.12645526489809,90.84919409647709,74.98772661677201,121.29499798999097,1.8885635137557983
recorded_obs-0629-01,new_latest,308,21.812406,0.8362594589642434,start_image_current_state,8,,0.56106384161963,0.2506949773902028,0.5916082036926623,0.4214985646278161,41.26934624020436,87.63907298825963,76.11217759080002,118.3031932465075,1.8666831254959106
recorded_obs-0629-01,new_latest,308,21.812406,0.8362594589642434,start_image_current_state,9,,0.5716276057350949,0.23966478213685724,0.5728269884005802,0.4257921557477441,39.81830715393252,89.41047863282067,74.99075829615056,120.27518854483331,1.7053366899490356
recorded_obs-0629-01,new_latest,308,21.812406,0.8362594589642434,start_image_current_state,10,,0.5592064268054154,0.25498749183467523,0.5783211457274194,0.42989916884502855,41.45682517166915,87.12708535058223,76.15066674133669,118.0682523446114,1.6940933465957642
recorded_obs-0629-01,new_latest,308,21.812406,0.8362594589642434,start_image_current_state,11,,0.5691911761147133,0.21648824927298252,0.5704625959899986,0.4071892616033655,40.130200625800335,92.75995302924875,75.09633590992554,123.33604404874549,1.8264368772506714
recorded_obs-0629-01,new_latest,308,21.812406,0.8362594589642434,start_image_current_state,12,,0.5688517830827496,0.24589075794736817,0.605392127017687,0.4304251589014332,40.38398046559155,88.045491657705,75.64830375326923,118.78264345940859,1.9768028259277344
recorded_obs-0629-01,new_latest,308,21.812406,0.8362594589642434,start_image_current_state,13,,0.5661340050368825,0.2570468506316859,0.5934596345631313,0.4474369596764028,40.56936489023412,86.1456457451509,75.59727927435368,116.38690313795172,1.7829922437667847
recorded_obs-0629-01,new_latest,308,21.812406,0.8362594589642434,start_image_current_state,14,,0.5595777122194117,0.2515980370175206,0.5807301997962633,0.42191647994548226,41.48929006219913,87.56061293169087,76.31220271097051,118.39424955290636,1.7815275192260742
recorded_obs-0629-01,new_latest,308,21.812406,0.8362594589642434,start_image_current_state,15,,0.5469033990101643,0.22874707586946433,0.5712328631230398,0.4048381216246638,43.230263960984175,90.60348190574118,77.59985685303904,121.04223148798191,1.8550119400024414
recorded_obs-0629-01,new_latest,308,21.812406,0.8362594589642434,start_image_current_state,16,,0.5591853626822074,0.24804963825319118,0.5887634539967719,0.41468801106169206,41.49749742733273,87.77940496548575,75.88579640883215,118.55832068565992,1.763290524482727
recorded_obs-0629-01,new_latest,308,21.812406,0.8362594589642434,start_image_current_state,17,,0.5528620439651247,0.24929084305294452,0.5802074708053557,0.43302463487418,42.49295102555535,87.61040570220342,77.33036998897472,118.02822783043635,1.7509469985961914
recorded_obs-0629-01,new_latest,308,21.812406,0.8362594589642434,start_image_current_state,18,,0.5727957913445705,0.25342269043341525,0.5824438357440522,0.4297599109858442,39.71065776490355,87.15913370262217,75.02820838777235,117.9606414629778,1.6814565658569336
recorded_obs-0629-01,new_latest,308,21.812406,0.8362594589642434,start_image_current_state,19,,0.5295933758152775,0.25982963908277257,0.5755016271409471,0.4228838358332633,46.21684932295653,86.1570326261547,80.77636144186256,116.74893727590954,1.9049787521362305
recorded_obs-0629-01,new_latest,308,21.812406,0.8362594589642434,current_image_start_state,0,,0.005130813472790446,-0.11612816793940428,0.005130813472790446,-0.047725662183967836,123.26554544418671,139.31727893628604,144.10544209072276,165.01069419565908,1.2845360040664673
recorded_obs-0629-01,new_latest,308,21.812406,0.8362594589642434,current_image_start_state,1,,0.006086300430493861,-0.11911661517159676,0.006086300430493861,-0.048856628960697805,123.1575655457157,139.78466791437904,143.96292014668308,165.9214740036184,1.3295717239379883
recorded_obs-0629-01,new_latest,308,21.812406,0.8362594589642434,current_image_start_state,2,,0.0059143885667612,-0.10511707975566059,0.0059143885667612,-0.04304267523063987,123.198229072534,137.65399706088,143.9764849325248,163.03293168700299,1.1563224792480469
recorded_obs-0629-01,new_latest,308,21.812406,0.8362594589642434,current_image_start_state,3,,0.005167362821391031,-0.1250800057761052,0.005167362821391031,-0.05215928065742173,123.30125624136907,140.60610622442303,144.0886428721004,166.22648310151212,1.2723994255065918
recorded_obs-0629-01,new_latest,308,21.812406,0.8362594589642434,current_image_start_state,4,,0.0054143622722451325,-0.11711956824466743,0.0054143622722451325,-0.0483032594437019,123.2344206385,139.45472214438198,144.06612176956432,164.94691389326832,1.2469137907028198
recorded_obs-0629-01,new_latest,308,21.812406,0.8362594589642434,current_image_start_state,5,,0.004430511627413818,-0.10400666113331375,0.004430511627413818,-0.04184514873970676,123.41640405364008,137.463310858466,144.1981334454306,163.20067188546693,1.1953835487365723
recorded_obs-0629-01,new_latest,308,21.812406,0.8362594589642434,current_image_start_state,6,,0.005765865752088528,-0.12526176970550024,0.005765865752088528,-0.05103703880248247,123.20571666618926,140.63328981455257,144.0067154366593,166.00359312954754,1.333337664604187
recorded_obs-0629-01,new_latest,308,21.812406,0.8362594589642434,current_image_start_state,7,,0.004017406678488825,-0.11839361119999209,0.004017406678488825,-0.05238539673652545,123.40955918136207,139.62650585482297,144.26791954215378,165.007284868751,1.2355695962905884
recorded_obs-0629-01,new_latest,308,21.812406,0.8362594589642434,current_image_start_state,8,,0.005097949641464316,-0.11874365032352276,0.005097949641464316,-0.049279029888161026,123.26288898282013,139.70640700517032,144.11332780391348,165.23970047978872,1.2632746696472168
recorded_obs-0629-01,new_latest,308,21.812406,0.8362594589642434,current_image_start_state,9,,0.0038748935298581243,-0.1227335777062256,0.0038748935298581243,-0.047390080034085305,123.47412107757889,140.3383484158692,144.27919802391375,166.2519274793565,1.2462297677993774
recorded_obs-0629-01,new_latest,308,21.812406,0.8362594589642434,current_image_start_state,10,,0.006790566280619032,-0.11728663272415142,0.006790566280619032,-0.047808379566640545,123.12994725839404,139.50645507339942,143.8446757501271,165.14989531935316,1.2205532789230347
recorded_obs-0629-01,new_latest,308,21.812406,0.8362594589642434,current_image_start_state,11,,0.008195616247541062,-0.12240007981602084,0.008195616247541062,-0.051508638295763694,122.97914888633545,140.2910622966541,143.62767366629257,165.83078158808416,1.263659119606018
recorded_obs-0629-01,new_latest,308,21.812406,0.8362594589642434,current_image_start_state,12,,0.005540906027913518,-0.11442914994170969,0.005540906027913518,-0.04622948554525281,123.27709861826281,138.9558242370189,144.03166860215953,164.4604734411628,1.2369189262390137
recorded_obs-0629-01,new_latest,308,21.812406,0.8362594589642434,current_image_start_state,13,,0.004814924712719933,-0.11350745100977598,0.004814924712719933,-0.04444253792034137,123.3349357000701,138.82493757345725,144.14092514720716,163.6739907703748,1.2074289321899414
recorded_obs-0629-01,new_latest,308,21.812406,0.8362594589642434,current_image_start_state,14,,0.005895994619145494,-0.11890453998221702,0.005895994619145494,-0.04890351362621855,123.19276502731852,139.69722626490196,143.98966597285252,165.31241199808568,1.2410427331924438
recorded_obs-0629-01,new_latest,308,21.812406,0.8362594589642434,current_image_start_state,15,,0.007934637617805076,-0.11794762429342234,0.007934637617805076,-0.05005499520750656,122.96512322936465,139.54307207711122,143.6834396443317,164.84161088696968,1.2390637397766113
recorded_obs-0629-01,new_latest,308,21.812406,0.8362594589642434,current_image_start_state,16,,0.004287730364256102,-0.11720311714126544,0.005050246142856451,-0.048265107260051,123.3959395091693,139.39826226056934,144.2253588296901,165.08091422945395,1.221571922302246
recorded_obs-0629-01,new_latest,308,21.812406,0.8362594589642434,current_image_start_state,17,,0.005478148820316925,-0.11496997042459994,0.005478148820316925,-0.04627095570450875,123.24542967170702,139.12759153573896,144.05284585031123,164.3365060153301,1.1917935609817505
recorded_obs-0629-01,new_latest,308,21.812406,0.8362594589642434,current_image_start_state,18,,0.007576557322538908,-0.11548683348414526,0.007576557322538908,-0.047679277584191826,122.95405417085887,139.1806632596624,143.74352067889254,164.81870913793315,1.1860898733139038
recorded_obs-0629-01,new_latest,308,21.812406,0.8362594589642434,current_image_start_state,19,,0.007600130942011103,-0.10912565299754647,0.007600130942011103,-0.047745268845630365,122.96608358904075,138.25154024927528,143.7390519713033,163.55403308858507,1.2473978996276855
recorded_obs-0629-01,new_latest,308,21.812406,0.8362594589642434,start_image_start_state,0,,0.009489119619221926,-0.1056853061274412,0.009489119619221926,-0.03895440727169432,122.66201618661327,137.92754446162652,143.46602904729656,164.52704319808439,1.3769086599349976
recorded_obs-0629-01,new_latest,308,21.812406,0.8362594589642434,start_image_start_state,1,,0.010546327824346545,-0.10921566281550392,0.010546327824346545,-0.039857187316914365,122.52962923731494,138.56908986137435,143.31116017608198,165.64414733010634,1.4317240715026855
recorded_obs-0629-01,new_latest,308,21.812406,0.8362594589642434,start_image_start_state,2,,0.010116197677508779,-0.09569230272787393,0.010116197677508779,-0.033622822144611736,122.61176382183137,136.35896803146446,143.3616666589989,162.65797864371336,1.2650172710418701
recorded_obs-0629-01,new_latest,308,21.812406,0.8362594589642434,start_image_start_state,3,,0.008993735835141799,-0.11643902542752144,0.008993735835141799,-0.04412858646583145,122.76743221007254,139.4709214754816,143.52737936319963,165.99857720146824,1.3779957294464111
recorded_obs-0629-01,new_latest,308,21.812406,0.8362594589642434,start_image_start_state,4,,0.0098867385316906,-0.10832601748033174,0.0098867385316906,-0.03978391291460033,122.6285020286649,138.277879916242,143.40726420150673,164.6877670599111,1.3492422103881836
recorded_obs-0629-01,new_latest,308,21.812406,0.8362594589642434,start_image_start_state,5,,0.008631474697856285,-0.09212233957830789,0.008631474697856285,-0.03209050449995331,122.84031388408691,135.85340014614292,143.57879328610326,162.5353595034284,1.3032740354537964
recorded_obs-0629-01,new_latest,308,21.812406,0.8362594589642434,start_image_start_state,6,,0.009884152943537441,-0.11514272997441584,0.009884152943537441,-0.0427804985817067,122.65972383183045,139.20015877181768,143.39654156204023,165.4370501625658,1.3978278636932373
recorded_obs-0629-01,new_latest,308,21.812406,0.8362594589642434,start_image_start_state,7,,0.008546127870240349,-0.11032669155952958,0.008546127870240349,-0.04477578976060317,122.78536118001578,138.5170905755061,143.60271791641514,164.81692204997793,1.3467316627502441
recorded_obs-0629-01,new_latest,308,21.812406,0.8362594589642434,start_image_start_state,8,,0.00957168784609101,-0.10961812623120847,0.00957168784609101,-0.0409622803788935,122.65893357538836,138.47697512378335,143.45488638865464,164.9330740165009,1.3594926595687866
recorded_obs-0629-01,new_latest,308,21.812406,0.8362594589642434,start_image_start_state,9,,0.007916985035943066,-0.11345648988709445,0.008807054839146915,-0.03872657800258071,122.93125256100167,139.15726296321733,143.6816882394037,166.01074373230205,1.335360050201416
recorded_obs-0629-01,new_latest,308,21.812406,0.8362594589642434,start_image_start_state,10,,0.011505096335603735,-0.10753443072785056,0.011505096335603735,-0.03928137693646118,122.48225454058573,138.194660498088,143.1526552794666,164.77204147639216,1.3157572746276855
recorded_obs-0629-01,new_latest,308,21.812406,0.8362594589642434,start_image_start_state,11,,0.012254820736818299,-0.11432679650080214,0.012254820736818299,-0.04372326198387145,122.41815893588257,139.22962383292213,143.03204082575195,165.69632128001322,1.3552924394607544
recorded_obs-0629-01,new_latest,308,21.812406,0.8362594589642434,start_image_start_state,12,,0.009885989943097147,-0.10429099628827139,0.009885989943097147,-0.037163181006915895,122.66668822910661,137.54471253666748,143.39692691776258,163.91763374901467,1.3452028036117554
recorded_obs-0629-01,new_latest,308,21.812406,0.8362594589642434,start_image_start_state,13,,0.009424424308861678,-0.1032316269731181,0.009424424308861678,-0.03532520615602018,122.70751737128109,137.28527003843328,143.46308075700256,162.98234238092206,1.2839142084121704
recorded_obs-0629-01,new_latest,308,21.812406,0.8362594589642434,start_image_start_state,14,,0.00977485581500545,-0.10889354338199017,0.00977485581500545,-0.0403945499573283,122.67551782828284,138.33698072792626,143.41473406966475,164.86800760838,1.331040382385254
recorded_obs-0629-01,new_latest,308,21.812406,0.8362594589642434,start_image_start_state,15,,0.012292871363851772,-0.10914768878301162,0.012292871363851772,-0.042004909554964276,122.35490242465549,138.30950614503345,143.04403237950086,164.49720225129803,1.3475266695022583
recorded_obs-0629-01,new_latest,308,21.812406,0.8362594589642434,start_image_start_state,16,,0.0091254852615433,-0.1070201822451205,0.009764356319621048,-0.03993642300587197,122.74521626347546,138.02832327821667,143.51228673727803,164.60094436639238,1.3178516626358032
recorded_obs-0629-01,new_latest,308,21.812406,0.8362594589642434,start_image_start_state,17,,0.009938441807290062,-0.10487138957818165,0.009938441807290062,-0.03759214448179802,122.64325958910835,137.6842830886894,143.3929012342063,163.7928575676177,1.2841238975524902
recorded_obs-0629-01,new_latest,308,21.812406,0.8362594589642434,start_image_start_state,18,,0.011915018383329513,-0.10591106491965947,0.011915018383329513,-0.038988069339416585,122.36782513773218,137.9019403018114,143.10496079689486,164.44491767791163,1.281466007232666
recorded_obs-0629-01,new_latest,308,21.812406,0.8362594589642434,start_image_start_state,19,,0.012377269583034521,-0.09928646638936516,0.012377269583034521,-0.03916032802631898,122.33374339093723,136.87245603919342,143.03321788361154,163.09064597312184,1.343341588973999
recorded_obs-0629-01,new_latest,323,22.815317,0.8702196153801843,current_image_current_state,0,,0.5270589339299773,0.1561389154374796,0.5428456055827087,0.34427293463906755,51.35142776494166,106.14262319404813,77.54047528244185,129.6676561640224,1.9056282043457031
recorded_obs-0629-01,new_latest,323,22.815317,0.8702196153801843,current_image_current_state,1,,0.4823869696705612,0.1606915647620982,0.5124705536225026,0.33799286719666294,57.61886527066517,105.70215893664181,83.08576290754928,129.4784860406876,1.8560733795166016
recorded_obs-0629-01,new_latest,323,22.815317,0.8702196153801843,current_image_current_state,2,,0.5424967652046633,0.17902593694408003,0.5657228538173015,0.36629311730862624,49.44832200425667,102.57556281751879,76.34563527437064,126.02887281336017,1.914463758468628
recorded_obs-0629-01,new_latest,323,22.815317,0.8702196153801843,current_image_current_state,3,,0.5416956274481775,0.14283482772127995,0.5702913364028452,0.3342919859138654,49.45168727765872,107.93221974988028,76.12050942396769,131.29984818849147,2.126661777496338
recorded_obs-0629-01,new_latest,323,22.815317,0.8702196153801843,current_image_current_state,4,,0.5110176876818286,0.1574902204054553,0.5456826324653687,0.34105251081972937,53.699765144079365,105.7924311740368,79.75750822538164,129.1798986596621,1.984338641166687
recorded_obs-0629-01,new_latest,323,22.815317,0.8702196153801843,current_image_current_state,5,,0.5357000486702734,0.1918935571989484,0.5467719811998792,0.37236389642542367,50.24768079148085,100.85986097437501,76.82248841712251,124.63380728493676,1.805951476097107
recorded_obs-0629-01,new_latest,323,22.815317,0.8702196153801843,current_image_current_state,6,,0.5501625516851103,0.13966987558557645,0.5501625516851103,0.3315732925618139,48.346514188391275,108.22349646967935,75.31836650140039,131.39343378960632,2.025609016418457
recorded_obs-0629-01,new_latest,323,22.815317,0.8702196153801843,current_image_current_state,7,,0.537625566156552,0.14226230168749238,0.5529980248915691,0.32247117691638305,49.86913954111475,107.93921412956607,76.39904227649619,131.15346319668348,2.0174381732940674
recorded_obs-0629-01,new_latest,323,22.815317,0.8702196153801843,current_image_current_state,8,,0.5305788849675606,0.15743453833824647,0.5475995180128378,0.3389413148014411,51.04934248086908,105.86089205334883,77.60868389734483,129.2629843115043,1.9833946228027344
recorded_obs-0629-01,new_latest,323,22.815317,0.8702196153801843,current_image_current_state,9,,0.5452619394450979,0.14763673231019614,0.5452619394450979,0.3401278922180401,49.06497726270285,107.46587902103792,75.9523385550617,130.99490485953874,2.0074000358581543
recorded_obs-0629-01,new_latest,323,22.815317,0.8702196153801843,current_image_current_state,10,,0.5172772149412549,0.15925998088698312,0.5345177163833219,0.34204622006872726,52.71370185188285,105.7523016904698,78.86763388557881,129.30818178158827,1.86196768283844
recorded_obs-0629-01,new_latest,323,22.815317,0.8702196153801843,current_image_current_state,11,,0.5397038902344171,0.135911437978189,0.5397038902344171,0.3283768557861458,49.75414010402462,109.09550289388991,76.424737989369,132.44829188022877,2.0372021198272705
recorded_obs-0629-01,new_latest,323,22.815317,0.8702196153801843,current_image_current_state,12,,0.5473262483830226,0.15925141690003175,0.5638520800803353,0.34961881649407456,48.95475172591205,105.367516475904,76.06591711266684,128.80471102831785,2.0256733894348145
recorded_obs-0629-01,new_latest,323,22.815317,0.8702196153801843,current_image_current_state,13,,0.5361726829175684,0.17136147175480154,0.5597207263868904,0.364173629550059,50.292024899228174,103.28533001344177,76.96863491334297,126.41024150673971,1.9321324825286865
recorded_obs-0629-01,new_latest,323,22.815317,0.8702196153801843,current_image_current_state,14,,0.5247464355573987,0.15667626077428615,0.5412254247854948,0.3382323236902516,51.786579589548495,105.97932612673371,78.22642749855456,129.43228242448137,1.9230984449386597
recorded_obs-0629-01,new_latest,323,22.815317,0.8702196153801843,current_image_current_state,15,,0.5001385238165675,0.14734864830919236,0.5362114735123034,0.3253626850344272,55.162193401715854,107.06342394383793,81.00314549816063,130.30189193534866,2.057314872741699
recorded_obs-0629-01,new_latest,323,22.815317,0.8702196153801843,current_image_current_state,16,,0.5198948467367054,0.15530284715504955,0.5446933560777568,0.33234299913049603,52.39357999955005,106.04024352848776,78.38701114460078,129.50938035711945,1.9436190128326416
recorded_obs-0629-01,new_latest,323,22.815317,0.8702196153801843,current_image_current_state,17,,0.5160310129375668,0.15941610108471738,0.5377368580753134,0.34729471738139206,53.10289875646926,105.29723620250458,79.51882887247177,128.47490851455274,1.8799277544021606
recorded_obs-0629-01,new_latest,323,22.815317,0.8702196153801843,current_image_current_state,18,,0.5478961321640305,0.1602804110621805,0.5478961321640305,0.3434643630321094,48.771594979957634,105.44277591925231,75.83285219322558,128.9384832347123,1.894416093826294
recorded_obs-0629-01,new_latest,323,22.815317,0.8702196153801843,current_image_current_state,19,,0.48748236155338415,0.16875497332066272,0.5411273054854973,0.33891167151623236,57.68872220687849,104.0392944334287,83.95382011813125,127.36469382682283,2.074643850326538
recorded_obs-0629-01,new_latest,323,22.815317,0.8702196153801843,start_image_current_state,0,,0.5636951145888714,0.25673635523803146,0.5853697933981484,0.4365078970975829,46.4813387053187,92.28413858035036,73.5692835933152,116.89845712175777,1.7667568922042847
recorded_obs-0629-01,new_latest,323,22.815317,0.8702196153801843,start_image_current_state,1,,0.5298179836239079,0.26309658346010717,0.5601142653294623,0.43130259729355924,51.15970884995363,91.61580002630701,77.68985784688189,116.50205962500597,1.725001335144043
recorded_obs-0629-01,new_latest,323,22.815317,0.8702196153801843,start_image_current_state,2,,0.570459603674316,0.2776320077776281,0.6072481679797137,0.45571729349000206,45.80984074999594,88.9971457183059,73.39247422323916,113.57336718201076,1.7750684022903442
recorded_obs-0629-01,new_latest,323,22.815317,0.8702196153801843,start_image_current_state,3,,0.5710230910227849,0.2370805974626038,0.6118608595519546,0.42015453534510727,45.58885050322902,94.94715446700829,73.00943505574739,119.32974650390956,1.9911445379257202
recorded_obs-0629-01,new_latest,323,22.815317,0.8702196153801843,start_image_current_state,4,,0.547231275949145,0.2526757037306136,0.5911207228352214,0.4302345421354239,48.893236822754275,92.69790313616049,75.83011725482292,117.13114362482479,1.8957010507583618
recorded_obs-0629-01,new_latest,323,22.815317,0.8702196153801843,start_image_current_state,5,,0.568352638550739,0.30249204600377005,0.5926463603897238,0.4667163473149544,45.90008713561255,85.56237201881093,73.29406962453001,110.58851148620904,1.656833529472351
recorded_obs-0629-01,new_latest,323,22.815317,0.8702196153801843,start_image_current_state,6,,0.5787000460840471,0.22926620648681045,0.5973799189786724,0.4164474747917657,44.59948422446107,95.94037760196697,72.27494261278756,120.1136418293422,1.9094688892364502
recorded_obs-0629-01,new_latest,323,22.815317,0.8702196153801843,start_image_current_state,7,,0.5705045959684859,0.2366261863164332,0.5916159375848822,0.4072168514814682,45.52233284027551,94.98568242770605,72.88561841609597,119.25356786371589,1.8978242874145508
recorded_obs-0629-01,new_latest,323,22.815317,0.8702196153801843,start_image_current_state,8,,0.5626728731191611,0.2584373968341704,0.5970585749224563,0.42714762899582476,46.81372758280638,91.96138824018888,74.14112246075027,116.44285360891874,1.8996741771697998
recorded_obs-0629-01,new_latest,323,22.815317,0.8702196153801843,start_image_current_state,9,,0.575205833347419,0.24746663313172915,0.5753757614411493,0.432132767711096,45.13279254820574,93.77013081249706,72.748678062247,118.3719359492267,1.7313669919967651
recorded_obs-0629-01,new_latest,323,22.815317,0.8702196153801843,start_image_current_state,10,,0.5596437876251192,0.26186024631856714,0.58069639725303,0.4351069078819605,47.11042525902239,91.6526016274992,74.34015866377867,116.34058818578752,1.704900860786438
recorded_obs-0629-01,new_latest,323,22.815317,0.8702196153801843,start_image_current_state,11,,0.5700886240324426,0.2242105682842027,0.5755805069644127,0.41262309467640224,45.77318298300145,97.04290926059332,73.20796748220071,121.37962355120067,1.85176682472229
recorded_obs-0629-01,new_latest,323,22.815317,0.8702196153801843,start_image_current_state,12,,0.5723037714747121,0.2513733405822293,0.6100589884684177,0.43510005884498715,45.75374126399693,92.68823499281973,73.47962525969814,117.17320468838334,1.994689702987671
recorded_obs-0629-01,new_latest,323,22.815317,0.8702196153801843,start_image_current_state,13,,0.5680282674307848,0.2616968138175839,0.5983614575890303,0.4519806518178489,46.08902201804548,90.807915831108,73.5506246669213,114.9643684733448,1.7971000671386719
recorded_obs-0629-01,new_latest,323,22.815317,0.8702196153801843,start_image_current_state,14,,0.5606775171854275,0.2583000041923166,0.5829364719511086,0.42733945266015944,47.0863183794526,92.05243150025373,74.41760332625209,116.63920342255052,1.780579686164856
recorded_obs-0629-01,new_latest,323,22.815317,0.8702196153801843,start_image_current_state,15,,0.5457824658181267,0.23597110862901224,0.5748191654951486,0.40968284390337123,49.04228683023404,94.88181857251755,75.97472905190914,119.12296679338695,1.8798860311508179
recorded_obs-0629-01,new_latest,323,22.815317,0.8702196153801843,start_image_current_state,16,,0.5571931706396739,0.25534226435093377,0.5944228375807422,0.42030221874606805,47.3805826766175,92.18459351018821,74.28284408053524,116.75642806249363,1.8040800094604492
recorded_obs-0629-01,new_latest,323,22.815317,0.8702196153801843,start_image_current_state,17,,0.5536030893914707,0.25434825457225607,0.5853957396212172,0.4383127081107596,48.20135186008105,92.25935579865958,75.56639528917657,116.52937071280415,1.757467269897461
recorded_obs-0629-01,new_latest,323,22.815317,0.8702196153801843,start_image_current_state,18,,0.5758976955456145,0.2613159546318771,0.5873837658838394,0.4356222361232139,45.11268639942542,91.51657856403182,72.85721767307314,116.10130439837368,1.6949414014816284
recorded_obs-0629-01,new_latest,323,22.815317,0.8702196153801843,start_image_current_state,19,,0.5266093765438508,0.2674209088062766,0.5801495030611655,0.4284430796845578,52.5896823930702,90.47575045369358,79.72227524685358,114.92168400586607,1.943995714187622
recorded_obs-0629-01,new_latest,323,22.815317,0.8702196153801843,current_image_start_state,0,,0.004319245250657356,-0.12140698912456858,0.004319245250657356,-0.05107891028585153,126.6369739954307,144.92408769709454,144.22165246506967,166.03030306448858,1.3159726858139038
recorded_obs-0629-01,new_latest,323,22.815317,0.8702196153801843,current_image_start_state,1,,0.005283827145192928,-0.12493493711736954,0.005283827145192928,-0.0523058292700691,126.50892095757749,145.6500315954456,144.0795853715672,167.07295080575096,1.366297960281372
recorded_obs-0629-01,new_latest,323,22.815317,0.8702196153801843,current_image_start_state,2,,0.005350011596322676,-0.11119516936306256,0.005350011596322676,-0.04623628081082211,126.50621472267387,143.26642357920028,144.0598462941488,164.15749630906726,1.1997143030166626
recorded_obs-0629-01,new_latest,323,22.815317,0.8702196153801843,current_image_start_state,3,,0.004223618594627852,-0.13091195906379507,0.004223618594627852,-0.055545256451213186,126.67298387116904,146.29722559653794,144.22419735893178,167.34808007340288,1.3216242790222168
recorded_obs-0629-01,new_latest,323,22.815317,0.8702196153801843,current_image_start_state,4,,0.004953146732327154,-0.12298331699327657,0.004953146732327154,-0.051575721023560304,126.54844735907254,145.08590308664486,144.13332294312758,166.05304164077043,1.294256567955017
recorded_obs-0629-01,new_latest,323,22.815317,0.8702196153801843,current_image_start_state,5,,0.0037742164245061125,-0.10936439545700319,0.0037742164245061125,-0.045163015069622066,126.73496526835427,143.10039435110937,144.29491204969247,164.25255743540438,1.230959415435791
recorded_obs-0629-01,new_latest,323,22.815317,0.8702196153801843,current_image_start_state,6,,0.004348152171848542,-0.13058626970549805,0.004348152171848542,-0.05412314941131192,126.65943049801567,146.13781044146756,144.2073322321554,167.02700588788213,1.364335060119629
recorded_obs-0629-01,new_latest,323,22.815317,0.8702196153801843,current_image_start_state,7,,0.00323366013689277,-0.12405669001352675,0.00323366013689277,-0.05562827511937839,126.782600832559,145.17935316356383,144.3799133852509,166.07347064105767,1.2725340127944946
recorded_obs-0629-01,new_latest,323,22.815317,0.8702196153801843,current_image_start_state,8,,0.004453457751116876,-0.12475741552737,0.004453457751116876,-0.052578369043215105,126.61451060803668,145.37268572153684,144.20526404159034,166.36148000535832,1.3043084144592285
recorded_obs-0629-01,new_latest,323,22.815317,0.8702196153801843,current_image_start_state,9,,0.0027212129861871348,-0.1277706889333923,0.0027212129861871348,-0.050509128349703565,126.88900824362199,145.9854007311037,144.4428050145752,167.24597022141552,1.2882280349731445
recorded_obs-0629-01,new_latest,323,22.815317,0.8702196153801843,current_image_start_state,10,,0.005848010076938876,-0.12289466497546815,0.005848010076938876,-0.05107544709962897,126.4680328740733,145.14891808078298,143.98428886332383,166.22458712954563,1.251907229423523
recorded_obs-0629-01,new_latest,323,22.815317,0.8702196153801843,current_image_start_state,11,,0.007453206740093546,-0.12767980245780394,0.007453206740093546,-0.05464749941821628,126.27436441195557,145.861761628092,143.73704567622298,166.86078712486167,1.304524302482605
recorded_obs-0629-01,new_latest,323,22.815317,0.8702196153801843,current_image_start_state,12,,0.004704281500565231,-0.1204607316706289,0.004704281500565231,-0.049489488939477605,126.63496288018494,144.59782155931538,144.14890643283667,165.57257044751492,1.2915141582489014
recorded_obs-0629-01,new_latest,323,22.815317,0.8702196153801843,current_image_start_state,13,,0.003998314652432604,-0.11811003495327033,0.003998314652432604,-0.04738879948299716,126.685585669251,144.03849386501645,144.2608214116193,164.53990184545913,1.245802402496338
recorded_obs-0629-01,new_latest,323,22.815317,0.8702196153801843,current_image_start_state,14,,0.004656495612906659,-0.12395540320381555,0.004656495612906659,-0.052114235924554504,126.60977541080042,145.25042698026584,144.16867080082753,166.31681350088806,1.282700538635254
recorded_obs-0629-01,new_latest,323,22.815317,0.8702196153801843,current_image_start_state,15,,0.007023640030119617,-0.12325695382010787,0.007023640030119617,-0.05314716316263528,126.31228208900797,145.01271470217912,143.81464968023033,165.84090436853302,1.285142421722412
recorded_obs-0629-01,new_latest,323,22.815317,0.8702196153801843,current_image_start_state,16,,0.003691504824416126,-0.12299703978555959,0.0038386222907163276,-0.051793561547798385,126.73507972997783,145.09292915308768,144.31022240296153,166.20122918685888,1.2654235363006592
recorded_obs-0629-01,new_latest,323,22.815317,0.8702196153801843,current_image_start_state,17,,0.005072237964553064,-0.12059799357601621,0.005072237964553064,-0.049329095387958724,126.5381984068917,144.62512268388937,144.1110962108869,165.39348780651494,1.2512071132659912
recorded_obs-0629-01,new_latest,323,22.815317,0.8702196153801843,current_image_start_state,18,,0.006431676130500624,-0.1218918511377749,0.006431676130500624,-0.051050949690730714,126.36341224719477,144.93877922608624,143.90532089966837,166.01258020115137,1.2197221517562866
recorded_obs-0629-01,new_latest,323,22.815317,0.8702196153801843,current_image_start_state,19,,0.007182691160198658,-0.11454736539757664,0.007182691160198658,-0.05096602513725767,126.26576495496218,143.74996931241407,143.79725324570504,164.59846146079417,1.2794889211654663
recorded_obs-0629-01,new_latest,323,22.815317,0.8702196153801843,start_image_start_state,0,,0.009489119619221926,-0.1056853061274412,0.009489119619221926,-0.03895440727169432,125.90273028470604,142.9292306757161,143.46602904729656,164.52704319808439,1.3769086599349976
recorded_obs-0629-01,new_latest,323,22.815317,0.8702196153801843,start_image_start_state,1,,0.010546327824346545,-0.10921566281550392,0.010546327824346545,-0.039857187316914365,125.75874776557312,143.7173630093514,143.31116017608198,165.64414733010634,1.4317240715026855
recorded_obs-0629-01,new_latest,323,22.815317,0.8702196153801843,start_image_start_state,2,,0.010116197677508779,-0.09569230272787393,0.010116197677508779,-0.033622822144611736,125.83609085017927,141.2653986619497,143.3616666589989,162.65797864371336,1.2650172710418701
recorded_obs-0629-01,new_latest,323,22.815317,0.8702196153801843,start_image_start_state,3,,0.008993735835141799,-0.11643902542752144,0.008993735835141799,-0.04412858646583145,125.99583891443123,144.46036167900115,143.52737936319963,165.99857720146824,1.3779957294464111
recorded_obs-0629-01,new_latest,323,22.815317,0.8702196153801843,start_image_start_state,4,,0.0098867385316906,-0.10832601748033174,0.0098867385316906,-0.03978391291460033,125.85964279320282,143.2246543414268,143.40726420150673,164.6877670599111,1.3492422103881836
recorded_obs-0629-01,new_latest,323,22.815317,0.8702196153801843,start_image_start_state,5,,0.008631474697856285,-0.09212233957830789,0.008631474697856285,-0.03209050449995331,126.05793033548589,140.86988981067458,143.57879328610326,162.5353595034284,1.3032740354537964
recorded_obs-0629-01,new_latest,323,22.815317,0.8702196153801843,start_image_start_state,6,,0.009884152943537441,-0.11514272997441584,0.009884152943537441,-0.0427804985817067,125.87877773243756,144.09191393589703,143.39654156204023,165.4370501625658,1.3978278636932373
recorded_obs-0629-01,new_latest,323,22.815317,0.8702196153801843,start_image_start_state,7,,0.008546127870240349,-0.11032669155952958,0.008546127870240349,-0.04477578976060317,126.02851614277795,143.42992635491942,143.60271791641514,164.81692204997793,1.3467316627502441
recorded_obs-0629-01,new_latest,323,22.815317,0.8702196153801843,start_image_start_state,8,,0.00957168784609101,-0.10961812623120847,0.00957168784609101,-0.0409622803788935,125.89691588414438,143.435003997559,143.45488638865464,164.9330740165009,1.3594926595687866
recorded_obs-0629-01,new_latest,323,22.815317,0.8702196153801843,start_image_start_state,9,,0.007916985035943066,-0.11345648988709445,0.008807054839146915,-0.03872657800258071,126.15541049716452,144.24012910420947,143.6816882394037,166.01074373230205,1.335360050201416
recorded_obs-0629-01,new_latest,323,22.815317,0.8702196153801843,start_image_start_state,10,,0.011505096335603735,-0.10753443072785056,0.011505096335603735,-0.03928137693646118,125.68267606197877,143.19012537151025,143.1526552794666,164.77204147639216,1.3157572746276855
recorded_obs-0629-01,new_latest,323,22.815317,0.8702196153801843,start_image_start_state,11,,0.012254820736818299,-0.11432679650080214,0.012254820736818299,-0.04372326198387145,125.60246491618086,144.19898389746095,143.03204082575195,165.69632128001322,1.3552924394607544
recorded_obs-0629-01,new_latest,323,22.815317,0.8702196153801843,start_image_start_state,12,,0.009885989943097147,-0.10429099628827139,0.009885989943097147,-0.037163181006915895,125.8858622939073,142.47809952405612,143.39692691776258,163.91763374901467,1.3452028036117554
recorded_obs-0629-01,new_latest,323,22.815317,0.8702196153801843,start_image_start_state,13,,0.009424424308861678,-0.1032316269731181,0.009424424308861678,-0.03532520615602018,125.92986410725287,142.01520409722102,143.46308075700256,162.98234238092206,1.2839142084121704
recorded_obs-0629-01,new_latest,323,22.815317,0.8702196153801843,start_image_start_state,14,,0.00977485581500545,-0.10889354338199017,0.00977485581500545,-0.0403945499573283,125.89661766979408,143.31717162857626,143.41473406966475,164.86800760838,1.331040382385254
recorded_obs-0629-01,new_latest,323,22.815317,0.8702196153801843,start_image_start_state,15,,0.012292871363851772,-0.10914768878301162,0.012292871363851772,-0.042004909554964276,125.55852522475969,143.1892115015092,143.04403237950086,164.49720225129803,1.3475266695022583
recorded_obs-0629-01,new_latest,323,22.815317,0.8702196153801843,start_image_start_state,16,,0.0091254852615433,-0.1070201822451205,0.009764356319621048,-0.03993642300587197,125.97528843150337,143.02314778443312,143.51228673727803,164.60094436639238,1.3178516626358032
recorded_obs-0629-01,new_latest,323,22.815317,0.8702196153801843,start_image_start_state,17,,0.009938441807290062,-0.10487138957818165,0.009938441807290062,-0.03759214448179802,125.86479430291752,142.5367470990741,143.3929012342063,163.7928575676177,1.2841238975524902
recorded_obs-0629-01,new_latest,323,22.815317,0.8702196153801843,start_image_start_state,18,,0.011915018383329513,-0.10591106491965947,0.011915018383329513,-0.038988069339416585,125.58801612420872,142.8887252268358,143.10496079689486,164.44491767791163,1.281466007232666
recorded_obs-0629-01,new_latest,323,22.815317,0.8702196153801843,start_image_start_state,19,,0.012377269583034521,-0.09928646638936516,0.012377269583034521,-0.03916032802631898,125.54548602724294,141.7546906411547,143.03321788361154,163.09064597312184,1.343341588973999
recorded_obs-0629-01,new_latest,325,22.951096,0.883508978846213,current_image_current_state,0,,0.5270139571414809,0.16397633643033052,0.5434878351237065,0.3514348027393493,53.60754996108743,107.15348535157472,77.14110734703637,128.42306066618204,1.8809504508972168
recorded_obs-0629-01,new_latest,325,22.951096,0.883508978846213,current_image_current_state,1,,0.4809018032372177,0.16925012496664113,0.5139202089717063,0.34546861770869525,60.01515992044952,106.65153904397808,82.86883281259914,128.1527946657763,1.840842604637146
recorded_obs-0629-01,new_latest,325,22.951096,0.883508978846213,current_image_current_state,2,,0.5419538933223156,0.18738582063364137,0.5664890974181733,0.37384187796575874,51.85263047292329,103.52657136110312,76.00624435082345,124.74380685422967,1.8849172592163086
recorded_obs-0629-01,new_latest,325,22.951096,0.883508978846213,current_image_current_state,3,,0.5413735633907995,0.15088134749209373,0.5725845207487107,0.34087307342773027,51.81805795678537,108.90377559695693,75.78585243211997,130.01867584001795,2.118931293487549
recorded_obs-0629-01,new_latest,325,22.951096,0.883508978846213,current_image_current_state,4,,0.509608280220282,0.16599530980452964,0.5465345977439281,0.3482177279667947,56.16559956320563,106.69494857271575,79.57081658130693,127.84375451736352,1.9641151428222656
recorded_obs-0629-01,new_latest,325,22.951096,0.883508978846213,current_image_current_state,5,,0.5353891975563912,0.20094042728379852,0.5489713316827991,0.38059886419228034,52.58928937633517,101.74422049791204,76.45171280534497,123.26641510447814,1.7936434745788574
recorded_obs-0629-01,new_latest,325,22.951096,0.883508978846213,current_image_current_state,6,,0.5487193922202,0.14709717024883,0.5497764372729913,0.33814968413456864,50.87405477476326,109.28155189155416,75.07805967642948,130.22769056520963,2.0120155811309814
recorded_obs-0629-01,new_latest,325,22.951096,0.883508978846213,current_image_current_state,7,,0.5371892151232089,0.14986157070876296,0.5543912472940109,0.32867250171009466,52.210441107014006,108.96727138361305,76.0356195254119,129.95746193712995,2.008587598800659
recorded_obs-0629-01,new_latest,325,22.951096,0.883508978846213,current_image_current_state,8,,0.5304188223997652,0.1660435268646862,0.5501881547163627,0.34578446937564633,53.38758738861246,106.76605649755813,77.25866434763029,127.93399992388768,1.9711143970489502
recorded_obs-0629-01,new_latest,325,22.951096,0.883508978846213,current_image_current_state,9,,0.5461383900887484,0.1549905008838231,0.5461383900887484,0.3471785254762368,51.262843623875085,108.5603626132308,75.42898955898758,129.82182535749223,2.013211250305176
recorded_obs-0629-01,new_latest,325,22.951096,0.883508978846213,current_image_current_state,10,,0.5174061617981254,0.16739364483775984,0.5338409196037478,0.3493610207466391,54.98456336177489,106.73827891294988,78.4941480039434,128.0321165116675,1.8301342725753784
recorded_obs-0629-01,new_latest,325,22.951096,0.883508978846213,current_image_current_state,11,,0.5388509503184373,0.14368049391896756,0.5388509503184373,0.3348344598663913,52.18705343059917,110.11424430337968,76.13389543210413,131.21909863692673,2.0234735012054443
recorded_obs-0629-01,new_latest,325,22.951096,0.883508978846213,current_image_current_state,12,,0.5463807421442575,0.16687097103747375,0.5648772333269785,0.35648699300630377,51.445929710344295,106.39479594000849,75.79125637677615,127.59021446025928,2.020979404449463
recorded_obs-0629-01,new_latest,325,22.951096,0.883508978846213,current_image_current_state,13,,0.53557750503258,0.17923661620589842,0.5614672634368761,0.371608024026451,52.6900327702699,104.2734132409884,76.63654765472019,125.19870913825243,1.9231531620025635
recorded_obs-0629-01,new_latest,325,22.951096,0.883508978846213,current_image_current_state,14,,0.5243354515423316,0.1649787918343738,0.5417040509881209,0.3452755875562798,54.12145533750552,106.9409514508477,77.86868674878373,128.14991503400734,1.9072158336639404
recorded_obs-0629-01,new_latest,325,22.951096,0.883508978846213,current_image_current_state,15,,0.4994215325791935,0.15485825888142737,0.5363143170550393,0.3317297113001511,57.51223172793117,108.10071054745723,80.73481238837789,129.11099260023937,2.060474157333374
recorded_obs-0629-01,new_latest,325,22.951096,0.883508978846213,current_image_current_state,16,,0.5180757320076413,0.1629208420962385,0.5476084717645772,0.3390493771166332,54.87720153509401,107.07747459923291,78.1978073890905,128.30421891311764,1.9445513486862183
recorded_obs-0629-01,new_latest,325,22.951096,0.883508978846213,current_image_current_state,17,,0.5154279233223481,0.1673853162188022,0.5376313827613977,0.35463562634062185,55.488644538601896,106.25866008000745,79.21302347288429,127.22604292316446,1.8544200658798218
recorded_obs-0629-01,new_latest,325,22.951096,0.883508978846213,current_image_current_state,18,,0.548383013716657,0.16889450984891985,0.548383013716657,0.350955327131251,51.0471415689116,106.33581065730074,75.3497929149409,127.57596623821175,1.8726569414138794
recorded_obs-0629-01,new_latest,325,22.951096,0.883508978846213,current_image_current_state,19,,0.4864394915808042,0.1774779015021995,0.5421441695233002,0.34610640816185967,60.16845755841298,104.92205328629156,83.76383196861308,126.02638156256785,2.050851821899414
recorded_obs-0629-01,new_latest,325,22.951096,0.883508978846213,start_image_current_state,0,,0.5638306366184667,0.2605212286548976,0.5854099655710634,0.4393945576354635,48.73001169144671,94.0312350256967,73.02545128130225,116.251809307336,1.7560089826583862
recorded_obs-0629-01,new_latest,325,22.951096,0.883508978846213,start_image_current_state,1,,0.5278184948077695,0.2674630386391374,0.5614243641638664,0.4342887510757485,53.668151498658695,93.29981036082125,77.42598278991122,115.77275718403963,1.7417718172073364
recorded_obs-0629-01,new_latest,325,22.951096,0.883508978846213,start_image_current_state,2,,0.5707483858534103,0.28195436434686033,0.608334259419639,0.4583178396536206,48.08965526557726,90.64592868247195,72.82522705781851,112.83838955210913,1.763360619544983
recorded_obs-0629-01,new_latest,325,22.951096,0.883508978846213,start_image_current_state,3,,0.5707217843194178,0.241823523438309,0.6141706806295172,0.4232044800014167,47.93030180947206,96.52566841455764,72.48205461999605,118.54701466857985,1.991772174835205
recorded_obs-0629-01,new_latest,325,22.951096,0.883508978846213,start_image_current_state,4,,0.5455584451334614,0.2567961231969722,0.5918755973158192,0.43305340051013985,51.40828329925403,94.35720626196823,75.52879518330296,116.41558800114588,1.9030009508132935
recorded_obs-0629-01,new_latest,325,22.951096,0.883508978846213,start_image_current_state,5,,0.5677436878020453,0.3063870940288964,0.594523191622335,0.4696604004808043,48.291180152407925,87.31441959970275,72.82404398034255,109.90170348782671,1.6626315116882324
recorded_obs-0629-01,new_latest,325,22.951096,0.883508978846213,start_image_current_state,6,,0.5785420408087625,0.23289123181458873,0.5983795121381741,0.4194758067200337,46.94433609419471,97.66081223473802,71.73423438978934,119.48737762140225,1.91085946559906
recorded_obs-0629-01,new_latest,325,22.951096,0.883508978846213,start_image_current_state,7,,0.5708978490680503,0.24145930532827795,0.5928138542104011,0.41058350328423476,47.76084236981263,96.54519611109407,72.28615320600902,118.44347904762293,1.8940587043762207
recorded_obs-0629-01,new_latest,325,22.951096,0.883508978846213,start_image_current_state,8,,0.5624244114735396,0.26239840960604427,0.5980590726765392,0.43019843527825635,49.15664771205315,93.6343783694445,73.65507865491372,115.72173600299114,1.9012718200683594
recorded_obs-0629-01,new_latest,325,22.951096,0.883508978846213,start_image_current_state,9,,0.5746688429862571,0.2516140088476913,0.575680276474777,0.4352175488109878,47.53274095146831,95.44619335813395,72.28606497822528,117.65063679557255,1.7451560497283936
recorded_obs-0629-01,new_latest,325,22.951096,0.883508978846213,start_image_current_state,10,,0.5585197840849099,0.26586489596415197,0.5819880065558473,0.43798667815008596,49.55357208330285,93.36537319965633,73.93526292744781,115.64422647046189,1.7103033065795898
recorded_obs-0629-01,new_latest,325,22.951096,0.883508978846213,start_image_current_state,11,,0.569712558516779,0.22866259945799294,0.5770451409784373,0.4155673255108465,48.13444177328334,98.62673873519668,72.7039337647801,120.57711836693473,1.8498400449752808
recorded_obs-0629-01,new_latest,325,22.951096,0.883508978846213,start_image_current_state,12,,0.5721009565733794,0.256135267715704,0.6108014122208663,0.4379520430564578,48.12718921958382,94.2732419175843,72.99485111837295,116.37577184813547,1.9853876829147339
recorded_obs-0629-01,new_latest,325,22.951096,0.883508978846213,start_image_current_state,13,,0.5678297593828552,0.2652568027284128,0.5991345738074475,0.4546064265381663,48.4171754033071,92.51175251622338,73.01603070178135,114.32610567900944,1.799063801765442
recorded_obs-0629-01,new_latest,325,22.951096,0.883508978846213,start_image_current_state,14,,0.5612053046979966,0.2620674195639987,0.5835376013182023,0.43049523744260026,49.301176087417225,93.80579738051502,73.81642238073741,116.00062418473951,1.7798110246658325
recorded_obs-0629-01,new_latest,325,22.951096,0.883508978846213,start_image_current_state,15,,0.5439137194611173,0.24011857953430502,0.5754730686524562,0.4125886517320694,51.56664111594267,96.5239311067926,75.68360352928919,118.4039813988497,1.8876136541366577
recorded_obs-0629-01,new_latest,325,22.951096,0.883508978846213,start_image_current_state,16,,0.5558930730050138,0.2595451911565931,0.5961434636853832,0.42349940394037605,49.82039282730685,93.86950007668386,73.90134752037524,116.06126519323593,1.8182058334350586
recorded_obs-0629-01,new_latest,325,22.951096,0.883508978846213,start_image_current_state,17,,0.5531796297870343,0.2583673867798582,0.5858009062074494,0.44126217123477074,50.580132280053164,93.89485342793243,75.10433984572994,115.80848925572064,1.7548506259918213
recorded_obs-0629-01,new_latest,325,22.951096,0.883508978846213,start_image_current_state,18,,0.5770657068597939,0.2657216376439984,0.588235823934187,0.43881126300144774,47.28999477281372,93.1412452446888,72.17845557282884,115.33922922625926,1.6886039972305298
recorded_obs-0629-01,new_latest,325,22.951096,0.883508978846213,start_image_current_state,19,,0.5247423252752852,0.27205726882966424,0.5808532072924721,0.43147950902286075,55.21101730338075,92.06451884614995,79.53161052524331,114.13058124738275,1.936346173286438
recorded_obs-0629-01,new_latest,325,22.951096,0.883508978846213,current_image_start_state,0,,0.005086574319765207,-0.1209528697731537,0.005086574319765207,-0.05080042062231726,128.00898251251957,146.87405555523603,144.11868237129335,166.0417864989676,1.318209171295166
recorded_obs-0629-01,new_latest,325,22.951096,0.883508978846213,current_image_start_state,1,,0.005790236439354268,-0.12455236265987747,0.005790236439354268,-0.05203389919264067,127.91152104571235,147.64837767345742,144.01755842600124,167.1048305568604,1.3764894008636475
recorded_obs-0629-01,new_latest,325,22.951096,0.883508978846213,current_image_start_state,2,,0.0061444818467103635,-0.1102841004114443,0.0061444818467103635,-0.04590311699937412,127.8760719031686,145.0964476088142,143.9517846797187,164.07868722606668,1.2052885293960571
recorded_obs-0629-01,new_latest,325,22.951096,0.883508978846213,current_image_start_state,3,,0.004796079512629404,-0.13018610748953285,0.004796079512629404,-0.055309688786899854,128.07181767058518,148.18512930400934,144.1493924564814,167.31519942195536,1.315454125404358
recorded_obs-0629-01,new_latest,325,22.951096,0.883508978846213,current_image_start_state,4,,0.005430597218666988,-0.12254922591858784,0.005430597218666988,-0.05143333045008224,127.96537147585397,146.9971986793067,144.07190388346487,166.04905948507138,1.291503667831421
recorded_obs-0629-01,new_latest,325,22.951096,0.883508978846213,current_image_start_state,5,,0.00490138788547443,-0.10946363574917498,0.00490138788547443,-0.044928143125724664,128.0559841607913,145.10291130250977,144.1390505839402,164.3140599069027,1.2383348941802979
recorded_obs-0629-01,new_latest,325,22.951096,0.883508978846213,current_image_start_state,6,,0.005011694364137582,-0.1301035883562397,0.005011694364137582,-0.05392639411078085,128.0443599690773,148.02966586644868,144.11900222430555,167.00455415940576,1.3589165210723877
recorded_obs-0629-01,new_latest,325,22.951096,0.883508978846213,current_image_start_state,7,,0.0042476146026105485,-0.12399490465613047,0.0042476146026105485,-0.0554092300996299,128.1130469024972,147.14636292094764,144.24438063029584,166.13318148104952,1.288321614265442
recorded_obs-0629-01,new_latest,325,22.951096,0.883508978846213,current_image_start_state,8,,0.004949101033136543,-0.12400423650394886,0.004949101033136543,-0.05230444030870995,128.02516978974387,147.24934377820375,144.1425308368528,166.32919891357537,1.3056442737579346
recorded_obs-0629-01,new_latest,325,22.951096,0.883508978846213,current_image_start_state,9,,0.0038401865536729185,-0.12756440313319622,0.0038401865536729185,-0.05038648936019637,128.19976301094442,148.00134597565153,144.29316562203124,167.30624891836496,1.2807066440582275
recorded_obs-0629-01,new_latest,325,22.951096,0.883508978846213,current_image_start_state,10,,0.00613265674905003,-0.12241496473539254,0.00613265674905003,-0.050873988542850634,127.90196912634745,147.08532024757207,143.95060265572192,166.2268283553397,1.256535530090332
recorded_obs-0629-01,new_latest,325,22.951096,0.883508978846213,current_image_start_state,11,,0.007897035482509966,-0.12700323579653833,0.007897035482509966,-0.05450491963574498,127.67483023226089,147.7635224045461,143.68112674783004,166.84830551543217,1.2970190048217773
recorded_obs-0629-01,new_latest,325,22.951096,0.883508978846213,current_image_start_state,12,,0.005689937064771577,-0.11995309501518583,0.005689937064771577,-0.04919863037333398,127.95711959035036,146.51097901483354,144.01890774327015,165.56887037534034,1.2806271314620972
recorded_obs-0629-01,new_latest,325,22.951096,0.883508978846213,current_image_start_state,13,,0.004709095044706339,-0.11781374570985217,0.004709095044706339,-0.047233861874870234,128.06540036217595,145.90202387586018,144.1654645140555,164.54887815897894,1.2490575313568115
recorded_obs-0629-01,new_latest,325,22.951096,0.883508978846213,current_image_start_state,14,,0.005952861278472632,-0.12406187572538985,0.005952861278472632,-0.05188196596081367,127.89785456354204,147.26451042503535,143.99176894199118,166.39952572482096,1.2875735759735107
recorded_obs-0629-01,new_latest,325,22.951096,0.883508978846213,current_image_start_state,15,,0.008087589036910042,-0.12232766178616462,0.008087589036910042,-0.05292257667492848,127.62537595769653,146.84128908612698,143.6707870248237,165.7702300653401,1.2723634243011475
recorded_obs-0629-01,new_latest,325,22.951096,0.883508978846213,current_image_start_state,16,,0.004160030760001583,-0.122216278444608,0.004547540597092522,-0.05161202504309108,128.14788921066435,146.97977243434383,144.25017148954706,166.1489860977407,1.2630047798156738
recorded_obs-0629-01,new_latest,325,22.951096,0.883508978846213,current_image_start_state,17,,0.005542912491806797,-0.12019273547744445,0.005542912491806797,-0.0491140915873909,127.9557100660238,146.508677137355,144.05093358669762,165.38311513986727,1.243362307548523
recorded_obs-0629-01,new_latest,325,22.951096,0.883508978846213,current_image_start_state,18,,0.007166300865336362,-0.12073585519396055,0.007166300865336362,-0.0508777884658387,127.72651057354514,146.7792042331216,143.81136525732575,165.92246903976923,1.222373366355896
recorded_obs-0629-01,new_latest,325,22.951096,0.883508978846213,current_image_start_state,19,,0.008049395303164448,-0.11453394090143133,0.008049395303164448,-0.050673516679345075,127.6057838723642,145.7009891296017,143.68492122602478,164.63697747664997,1.2828172445297241
recorded_obs-0629-01,new_latest,325,22.951096,0.883508978846213,start_image_start_state,0,,0.009489119619221926,-0.1056853061274412,0.009489119619221926,-0.03895440727169432,127.39670757517051,144.9682201261316,143.46602904729656,164.52704319808439,1.3769086599349976
recorded_obs-0629-01,new_latest,325,22.951096,0.883508978846213,start_image_start_state,1,,0.010546327824346545,-0.10921566281550392,0.010546327824346545,-0.039857187316914365,127.25066676234471,145.7989478713992,143.31116017608198,165.64414733010634,1.4317240715026855
recorded_obs-0629-01,new_latest,325,22.951096,0.883508978846213,start_image_start_state,2,,0.010116197677508779,-0.09569230272787393,0.010116197677508779,-0.033622822144611736,127.32512641756827,143.27545660032604,143.3616666589989,162.65797864371336,1.2650172710418701
recorded_obs-0629-01,new_latest,325,22.951096,0.883508978846213,start_image_start_state,3,,0.008993735835141799,-0.11643902542752144,0.008993735835141799,-0.04412858646583145,127.48609160871334,146.49382191899423,143.52737936319963,165.99857720146824,1.3779957294464111
recorded_obs-0629-01,new_latest,325,22.951096,0.883508978846213,start_image_start_state,4,,0.0098867385316906,-0.10832601748033174,0.0098867385316906,-0.03978391291460033,127.35127545437354,145.24715841176078,143.40726420150673,164.6877670599111,1.3492422103881836
recorded_obs-0629-01,new_latest,325,22.951096,0.883508978846213,start_image_start_state,5,,0.008631474697856285,-0.09212233957830789,0.008631474697856285,-0.03209050449995331,127.54665157932087,142.9135602426746,143.57879328610326,162.5353595034284,1.3032740354537964
recorded_obs-0629-01,new_latest,325,22.951096,0.883508978846213,start_image_start_state,6,,0.009884152943537441,-0.11514272997441584,0.009884152943537441,-0.0427804985817067,127.36698568136723,146.10086174607451,143.39654156204023,165.4370501625658,1.3978278636932373
recorded_obs-0629-01,new_latest,325,22.951096,0.883508978846213,start_image_start_state,7,,0.008546127870240349,-0.11032669155952958,0.008546127870240349,-0.04477578976060317,127.52394656278993,145.44309469533292,143.60271791641514,164.81692204997793,1.3467316627502441
recorded_obs-0629-01,new_latest,325,22.951096,0.883508978846213,start_image_start_state,8,,0.00957168784609101,-0.10961812623120847,0.00957168784609101,-0.0409622803788935,127.38986003839608,145.4622486286473,143.45488638865464,164.9330740165009,1.3594926595687866
recorded_obs-0629-01,new_latest,325,22.951096,0.883508978846213,start_image_start_state,9,,0.007916985035943066,-0.11345648988709445,0.008807054839146915,-0.03872657800258071,127.64525587429162,146.3033715184483,143.6816882394037,166.01074373230205,1.335360050201416
recorded_obs-0629-01,new_latest,325,22.951096,0.883508978846213,start_image_start_state,10,,0.011505096335603735,-0.10753443072785056,0.011505096335603735,-0.03928137693646118,127.16427518429393,145.2275165690613,143.1526552794666,164.77204147639216,1.3157572746276855
recorded_obs-0629-01,new_latest,325,22.951096,0.883508978846213,start_image_start_state,11,,0.012254820736818299,-0.11432679650080214,0.012254820736818299,-0.04372326198387145,127.0790293658389,146.2273214726296,143.03204082575195,165.69632128001322,1.3552924394607544
recorded_obs-0629-01,new_latest,325,22.951096,0.883508978846213,start_image_start_state,12,,0.009885989943097147,-0.10429099628827139,0.009885989943097147,-0.037163181006915895,127.37334199730043,144.49568713884108,143.39692691776258,163.91763374901467,1.3452028036117554
recorded_obs-0629-01,new_latest,325,22.951096,0.883508978846213,start_image_start_state,13,,0.009424424308861678,-0.1032316269731181,0.009424424308861678,-0.03532520615602018,127.42006355972973,143.97217360747692,143.46308075700256,162.98234238092206,1.2839142084121704
recorded_obs-0629-01,new_latest,325,22.951096,0.883508978846213,start_image_start_state,14,,0.00977485581500545,-0.10889354338199017,0.00977485581500545,-0.0403945499573283,127.38472375999854,145.35084444504776,143.41473406966475,164.86800760838,1.331040382385254
recorded_obs-0629-01,new_latest,325,22.951096,0.883508978846213,start_image_start_state,15,,0.012292871363851772,-0.10914768878301162,0.012292871363851772,-0.042004909554964276,127.04171277935617,145.19139269153723,143.04403237950086,164.49720225129803,1.3475266695022583
recorded_obs-0629-01,new_latest,325,22.951096,0.883508978846213,start_image_start_state,16,,0.0091254852615433,-0.1070201822451205,0.009764356319621048,-0.03993642300587197,127.46601792780692,145.05910839451982,143.51228673727803,164.60094436639238,1.3178516626358032
recorded_obs-0629-01,new_latest,325,22.951096,0.883508978846213,start_image_start_state,17,,0.009938441807290062,-0.10487138957818165,0.009938441807290062,-0.03759214448179802,127.35399713265024,144.53169333477015,143.3929012342063,163.7928575676177,1.2841238975524902
recorded_obs-0629-01,new_latest,325,22.951096,0.883508978846213,start_image_start_state,18,,0.011915018383329513,-0.10591106491965947,0.011915018383329513,-0.038988069339416585,127.07559710898693,144.92209989948435,143.10496079689486,164.44491767791163,1.281466007232666
recorded_obs-0629-01,new_latest,325,22.951096,0.883508978846213,start_image_start_state,19,,0.012377269583034521,-0.09928646638936516,0.012377269583034521,-0.03916032802631898,127.02876771547386,143.7586433841793,143.03321788361154,163.09064597312184,1.343341588973999
recorded_obs-0629-02,new_latest,0,0.0,0.0,current_image_current_state,0,,0.002986925223935852,-0.10500949380175195,0.002986925223935852,-0.04289058837963365,8.526585177376406,39.23423410862026,144.10664346918713,163.49302696233445,1.3176078796386719
recorded_obs-0629-02,new_latest,0,0.0,0.0,current_image_current_state,1,,0.003480866501885702,-0.10881512762029551,0.003480866501885702,-0.04420680150403623,8.481498329302841,41.73743632394956,144.0326064776909,164.5937807231831,1.364158034324646
recorded_obs-0629-02,new_latest,0,0.0,0.0,current_image_current_state,2,,0.003181780006974535,-0.09520585540462849,0.003181780006974535,-0.03767744373174305,8.28501493449671,36.957699573176185,144.06439665888868,161.70443531811847,1.2094358205795288
recorded_obs-0629-02,new_latest,0,0.0,0.0,current_image_current_state,3,,0.002230185991569612,-0.11630099663067998,0.002230185991569612,-0.04806539149173974,8.353741576429236,39.754250970495505,144.20580854238307,165.04904417425283,1.3339499235153198
recorded_obs-0629-02,new_latest,0,0.0,0.0,current_image_current_state,4,,0.0029291984239901755,-0.1071210488819977,0.0029291984239901755,-0.043794454065263076,8.499488208906872,38.62156716613493,144.11338208097533,163.6159788509691,1.3072624206542969
recorded_obs-0629-02,new_latest,0,0.0,0.0,current_image_current_state,5,,0.001542958808506241,-0.09217476815579562,0.001542958808506241,-0.03649797318820162,8.360897323971395,38.26690233059361,144.30540096387435,161.61869928054182,1.247492790222168
recorded_obs-0629-02,new_latest,0,0.0,0.0,current_image_current_state,6,,0.00222530753514115,-0.11515613900874176,0.00222530753514115,-0.046696471004054614,8.327516392871964,38.299553360455945,144.20499600051141,164.55994081162007,1.3305082321166992
recorded_obs-0629-02,new_latest,0,0.0,0.0,current_image_current_state,7,,0.0009409466685751746,-0.10962903306911591,0.0009409466685751746,-0.048766012099672615,8.534345739424404,38.21154321374669,144.4023720202347,163.83866910911516,1.2842330932617188
recorded_obs-0629-02,new_latest,0,0.0,0.0,current_image_current_state,8,,0.0023479812909586815,-0.10941874702994618,0.0023479812909586815,-0.045028787142918504,8.526515980021582,38.95303128103085,144.1989149657721,163.98649479134974,1.3022929430007935
recorded_obs-0629-02,new_latest,0,0.0,0.0,current_image_current_state,9,,0.0006648057633216735,-0.11226912698086529,0.0020436000316641123,-0.04267189391936085,8.313897364173547,41.081803472530744,144.42932006436254,164.86548163854135,1.2726935148239136
recorded_obs-0629-02,new_latest,0,0.0,0.0,current_image_current_state,10,,0.0046849068824180995,-0.10702355146739485,0.0046849068824180995,-0.043485816898616,8.17410625048904,39.3374672072548,143.84067424858083,163.77405146502028,1.2555233240127563
recorded_obs-0629-02,new_latest,0,0.0,0.0,current_image_current_state,11,,0.00535923336928823,-0.11351464415124772,0.00535923336928823,-0.04757906815530868,7.938556230938346,39.50534989139699,143.72984188913208,164.6373118365202,1.296638011932373
recorded_obs-0629-02,new_latest,0,0.0,0.0,current_image_current_state,12,,0.002853352960874381,-0.10388417997402095,0.002853352960874381,-0.041274845013640975,8.222637429644521,37.71189307937959,144.10827638223134,162.9907272795968,1.2826799154281616
recorded_obs-0629-02,new_latest,0,0.0,0.0,current_image_current_state,13,,0.0023668816162668448,-0.10235260124814335,0.0023668816162668448,-0.03923341012094444,8.331270416055416,34.4351765711945,144.18477284610765,162.06727518143862,1.2190200090408325
recorded_obs-0629-02,new_latest,0,0.0,0.0,current_image_current_state,14,,0.0030820887458206624,-0.10914106118712914,0.0030820887458206624,-0.04459713027657271,8.391956152728127,39.13900343536874,144.08499110940954,163.99552272749764,1.284899353981018
recorded_obs-0629-02,new_latest,0,0.0,0.0,current_image_current_state,15,,0.005224213328070185,-0.10815104433335233,0.005224213328070185,-0.04576186275442255,8.262922803427799,37.52301574456749,143.76767531995182,163.49136211247983,1.2972135543823242
recorded_obs-0629-02,new_latest,0,0.0,0.0,current_image_current_state,16,,0.0018740535883401078,-0.10645004292426592,0.003468271103002693,-0.04393578759822013,8.466209818619081,38.80265560225184,144.26376930057762,163.57344112678652,1.2644898891448975
recorded_obs-0629-02,new_latest,0,0.0,0.0,current_image_current_state,17,,0.003376390730889329,-0.10439709007917228,0.003376390730889329,-0.04163143011740911,8.37548946529253,36.8509419437813,144.0415036470374,162.85925870141494,1.2321438789367676
recorded_obs-0629-02,new_latest,0,0.0,0.0,current_image_current_state,18,,0.0044900879103712925,-0.10533047000187931,0.0044900879103712925,-0.04303261644305107,8.281899314490628,38.854423565064984,143.87503273826474,163.4431870220325,1.2208161354064941
recorded_obs-0629-02,new_latest,0,0.0,0.0,current_image_current_state,19,,0.005204912439665636,-0.09935988300074416,0.005204912439665636,-0.04354168320055694,8.242666581480199,36.93110287360842,143.76930740873453,162.23230109805039,1.285038709640503
recorded_obs-0629-02,new_latest,0,0.0,0.0,start_image_current_state,0,,0.002986925223935852,-0.10500949380175195,0.002986925223935852,-0.04289058837963365,8.526585177376406,39.23423410862026,144.10664346918713,163.49302696233445,1.3176078796386719
recorded_obs-0629-02,new_latest,0,0.0,0.0,start_image_current_state,1,,0.003480866501885702,-0.10881512762029551,0.003480866501885702,-0.04420680150403623,8.481498329302841,41.73743632394956,144.0326064776909,164.5937807231831,1.364158034324646
recorded_obs-0629-02,new_latest,0,0.0,0.0,start_image_current_state,2,,0.003181780006974535,-0.09520585540462849,0.003181780006974535,-0.03767744373174305,8.28501493449671,36.957699573176185,144.06439665888868,161.70443531811847,1.2094358205795288
recorded_obs-0629-02,new_latest,0,0.0,0.0,start_image_current_state,3,,0.002230185991569612,-0.11630099663067998,0.002230185991569612,-0.04806539149173974,8.353741576429236,39.754250970495505,144.20580854238307,165.04904417425283,1.3339499235153198
recorded_obs-0629-02,new_latest,0,0.0,0.0,start_image_current_state,4,,0.0029291984239901755,-0.1071210488819977,0.0029291984239901755,-0.043794454065263076,8.499488208906872,38.62156716613493,144.11338208097533,163.6159788509691,1.3072624206542969
recorded_obs-0629-02,new_latest,0,0.0,0.0,start_image_current_state,5,,0.001542958808506241,-0.09217476815579562,0.001542958808506241,-0.03649797318820162,8.360897323971395,38.26690233059361,144.30540096387435,161.61869928054182,1.247492790222168
recorded_obs-0629-02,new_latest,0,0.0,0.0,start_image_current_state,6,,0.00222530753514115,-0.11515613900874176,0.00222530753514115,-0.046696471004054614,8.327516392871964,38.299553360455945,144.20499600051141,164.55994081162007,1.3305082321166992
recorded_obs-0629-02,new_latest,0,0.0,0.0,start_image_current_state,7,,0.0009409466685751746,-0.10962903306911591,0.0009409466685751746,-0.048766012099672615,8.534345739424404,38.21154321374669,144.4023720202347,163.83866910911516,1.2842330932617188
recorded_obs-0629-02,new_latest,0,0.0,0.0,start_image_current_state,8,,0.0023479812909586815,-0.10941874702994618,0.0023479812909586815,-0.045028787142918504,8.526515980021582,38.95303128103085,144.1989149657721,163.98649479134974,1.3022929430007935
recorded_obs-0629-02,new_latest,0,0.0,0.0,start_image_current_state,9,,0.0006648057633216735,-0.11226912698086529,0.0020436000316641123,-0.04267189391936085,8.313897364173547,41.081803472530744,144.42932006436254,164.86548163854135,1.2726935148239136
recorded_obs-0629-02,new_latest,0,0.0,0.0,start_image_current_state,10,,0.0046849068824180995,-0.10702355146739485,0.0046849068824180995,-0.043485816898616,8.17410625048904,39.3374672072548,143.84067424858083,163.77405146502028,1.2555233240127563
recorded_obs-0629-02,new_latest,0,0.0,0.0,start_image_current_state,11,,0.00535923336928823,-0.11351464415124772,0.00535923336928823,-0.04757906815530868,7.938556230938346,39.50534989139699,143.72984188913208,164.6373118365202,1.296638011932373
recorded_obs-0629-02,new_latest,0,0.0,0.0,start_image_current_state,12,,0.002853352960874381,-0.10388417997402095,0.002853352960874381,-0.041274845013640975,8.222637429644521,37.71189307937959,144.10827638223134,162.9907272795968,1.2826799154281616
recorded_obs-0629-02,new_latest,0,0.0,0.0,start_image_current_state,13,,0.0023668816162668448,-0.10235260124814335,0.0023668816162668448,-0.03923341012094444,8.331270416055416,34.4351765711945,144.18477284610765,162.06727518143862,1.2190200090408325
recorded_obs-0629-02,new_latest,0,0.0,0.0,start_image_current_state,14,,0.0030820887458206624,-0.10914106118712914,0.0030820887458206624,-0.04459713027657271,8.391956152728127,39.13900343536874,144.08499110940954,163.99552272749764,1.284899353981018
recorded_obs-0629-02,new_latest,0,0.0,0.0,start_image_current_state,15,,0.005224213328070185,-0.10815104433335233,0.005224213328070185,-0.04576186275442255,8.262922803427799,37.52301574456749,143.76767531995182,163.49136211247983,1.2972135543823242
recorded_obs-0629-02,new_latest,0,0.0,0.0,start_image_current_state,16,,0.0018740535883401078,-0.10645004292426592,0.003468271103002693,-0.04393578759822013,8.466209818619081,38.80265560225184,144.26376930057762,163.57344112678652,1.2644898891448975
recorded_obs-0629-02,new_latest,0,0.0,0.0,start_image_current_state,17,,0.003376390730889329,-0.10439709007917228,0.003376390730889329,-0.04163143011740911,8.37548946529253,36.8509419437813,144.0415036470374,162.85925870141494,1.2321438789367676
recorded_obs-0629-02,new_latest,0,0.0,0.0,start_image_current_state,18,,0.0044900879103712925,-0.10533047000187931,0.0044900879103712925,-0.04303261644305107,8.281899314490628,38.854423565064984,143.87503273826474,163.4431870220325,1.2208161354064941
recorded_obs-0629-02,new_latest,0,0.0,0.0,start_image_current_state,19,,0.005204912439665636,-0.09935988300074416,0.005204912439665636,-0.04354168320055694,8.242666581480199,36.93110287360842,143.76930740873453,162.23230109805039,1.285038709640503
recorded_obs-0629-02,new_latest,0,0.0,0.0,current_image_start_state,0,,0.002986925223935852,-0.10500949380175195,0.002986925223935852,-0.04289058837963365,8.526585177376406,39.23423410862026,144.10664346918713,163.49302696233445,1.3176078796386719
recorded_obs-0629-02,new_latest,0,0.0,0.0,current_image_start_state,1,,0.003480866501885702,-0.10881512762029551,0.003480866501885702,-0.04420680150403623,8.481498329302841,41.73743632394956,144.0326064776909,164.5937807231831,1.364158034324646
recorded_obs-0629-02,new_latest,0,0.0,0.0,current_image_start_state,2,,0.003181780006974535,-0.09520585540462849,0.003181780006974535,-0.03767744373174305,8.28501493449671,36.957699573176185,144.06439665888868,161.70443531811847,1.2094358205795288
recorded_obs-0629-02,new_latest,0,0.0,0.0,current_image_start_state,3,,0.002230185991569612,-0.11630099663067998,0.002230185991569612,-0.04806539149173974,8.353741576429236,39.754250970495505,144.20580854238307,165.04904417425283,1.3339499235153198
recorded_obs-0629-02,new_latest,0,0.0,0.0,current_image_start_state,4,,0.0029291984239901755,-0.1071210488819977,0.0029291984239901755,-0.043794454065263076,8.499488208906872,38.62156716613493,144.11338208097533,163.6159788509691,1.3072624206542969
recorded_obs-0629-02,new_latest,0,0.0,0.0,current_image_start_state,5,,0.001542958808506241,-0.09217476815579562,0.001542958808506241,-0.03649797318820162,8.360897323971395,38.26690233059361,144.30540096387435,161.61869928054182,1.247492790222168
recorded_obs-0629-02,new_latest,0,0.0,0.0,current_image_start_state,6,,0.00222530753514115,-0.11515613900874176,0.00222530753514115,-0.046696471004054614,8.327516392871964,38.299553360455945,144.20499600051141,164.55994081162007,1.3305082321166992
recorded_obs-0629-02,new_latest,0,0.0,0.0,current_image_start_state,7,,0.0009409466685751746,-0.10962903306911591,0.0009409466685751746,-0.048766012099672615,8.534345739424404,38.21154321374669,144.4023720202347,163.83866910911516,1.2842330932617188
recorded_obs-0629-02,new_latest,0,0.0,0.0,current_image_start_state,8,,0.0023479812909586815,-0.10941874702994618,0.0023479812909586815,-0.045028787142918504,8.526515980021582,38.95303128103085,144.1989149657721,163.98649479134974,1.3022929430007935
recorded_obs-0629-02,new_latest,0,0.0,0.0,current_image_start_state,9,,0.0006648057633216735,-0.11226912698086529,0.0020436000316641123,-0.04267189391936085,8.313897364173547,41.081803472530744,144.42932006436254,164.86548163854135,1.2726935148239136
recorded_obs-0629-02,new_latest,0,0.0,0.0,current_image_start_state,10,,0.0046849068824180995,-0.10702355146739485,0.0046849068824180995,-0.043485816898616,8.17410625048904,39.3374672072548,143.84067424858083,163.77405146502028,1.2555233240127563
recorded_obs-0629-02,new_latest,0,0.0,0.0,current_image_start_state,11,,0.00535923336928823,-0.11351464415124772,0.00535923336928823,-0.04757906815530868,7.938556230938346,39.50534989139699,143.72984188913208,164.6373118365202,1.296638011932373
recorded_obs-0629-02,new_latest,0,0.0,0.0,current_image_start_state,12,,0.002853352960874381,-0.10388417997402095,0.002853352960874381,-0.041274845013640975,8.222637429644521,37.71189307937959,144.10827638223134,162.9907272795968,1.2826799154281616
recorded_obs-0629-02,new_latest,0,0.0,0.0,current_image_start_state,13,,0.0023668816162668448,-0.10235260124814335,0.0023668816162668448,-0.03923341012094444,8.331270416055416,34.4351765711945,144.18477284610765,162.06727518143862,1.2190200090408325
recorded_obs-0629-02,new_latest,0,0.0,0.0,current_image_start_state,14,,0.0030820887458206624,-0.10914106118712914,0.0030820887458206624,-0.04459713027657271,8.391956152728127,39.13900343536874,144.08499110940954,163.99552272749764,1.284899353981018
recorded_obs-0629-02,new_latest,0,0.0,0.0,current_image_start_state,15,,0.005224213328070185,-0.10815104433335233,0.005224213328070185,-0.04576186275442255,8.262922803427799,37.52301574456749,143.76767531995182,163.49136211247983,1.2972135543823242
recorded_obs-0629-02,new_latest,0,0.0,0.0,current_image_start_state,16,,0.0018740535883401078,-0.10645004292426592,0.003468271103002693,-0.04393578759822013,8.466209818619081,38.80265560225184,144.26376930057762,163.57344112678652,1.2644898891448975
recorded_obs-0629-02,new_latest,0,0.0,0.0,current_image_start_state,17,,0.003376390730889329,-0.10439709007917228,0.003376390730889329,-0.04163143011740911,8.37548946529253,36.8509419437813,144.0415036470374,162.85925870141494,1.2321438789367676
recorded_obs-0629-02,new_latest,0,0.0,0.0,current_image_start_state,18,,0.0044900879103712925,-0.10533047000187931,0.0044900879103712925,-0.04303261644305107,8.281899314490628,38.854423565064984,143.87503273826474,163.4431870220325,1.2208161354064941
recorded_obs-0629-02,new_latest,0,0.0,0.0,current_image_start_state,19,,0.005204912439665636,-0.09935988300074416,0.005204912439665636,-0.04354168320055694,8.242666581480199,36.93110287360842,143.76930740873453,162.23230109805039,1.285038709640503
recorded_obs-0629-02,new_latest,0,0.0,0.0,start_image_start_state,0,,0.002986925223935852,-0.10500949380175195,0.002986925223935852,-0.04289058837963365,8.526585177376406,39.23423410862026,144.10664346918713,163.49302696233445,1.3176078796386719
recorded_obs-0629-02,new_latest,0,0.0,0.0,start_image_start_state,1,,0.003480866501885702,-0.10881512762029551,0.003480866501885702,-0.04420680150403623,8.481498329302841,41.73743632394956,144.0326064776909,164.5937807231831,1.364158034324646
recorded_obs-0629-02,new_latest,0,0.0,0.0,start_image_start_state,2,,0.003181780006974535,-0.09520585540462849,0.003181780006974535,-0.03767744373174305,8.28501493449671,36.957699573176185,144.06439665888868,161.70443531811847,1.2094358205795288
recorded_obs-0629-02,new_latest,0,0.0,0.0,start_image_start_state,3,,0.002230185991569612,-0.11630099663067998,0.002230185991569612,-0.04806539149173974,8.353741576429236,39.754250970495505,144.20580854238307,165.04904417425283,1.3339499235153198
recorded_obs-0629-02,new_latest,0,0.0,0.0,start_image_start_state,4,,0.0029291984239901755,-0.1071210488819977,0.0029291984239901755,-0.043794454065263076,8.499488208906872,38.62156716613493,144.11338208097533,163.6159788509691,1.3072624206542969
recorded_obs-0629-02,new_latest,0,0.0,0.0,start_image_start_state,5,,0.001542958808506241,-0.09217476815579562,0.001542958808506241,-0.03649797318820162,8.360897323971395,38.26690233059361,144.30540096387435,161.61869928054182,1.247492790222168
recorded_obs-0629-02,new_latest,0,0.0,0.0,start_image_start_state,6,,0.00222530753514115,-0.11515613900874176,0.00222530753514115,-0.046696471004054614,8.327516392871964,38.299553360455945,144.20499600051141,164.55994081162007,1.3305082321166992
recorded_obs-0629-02,new_latest,0,0.0,0.0,start_image_start_state,7,,0.0009409466685751746,-0.10962903306911591,0.0009409466685751746,-0.048766012099672615,8.534345739424404,38.21154321374669,144.4023720202347,163.83866910911516,1.2842330932617188
recorded_obs-0629-02,new_latest,0,0.0,0.0,start_image_start_state,8,,0.0023479812909586815,-0.10941874702994618,0.0023479812909586815,-0.045028787142918504,8.526515980021582,38.95303128103085,144.1989149657721,163.98649479134974,1.3022929430007935
recorded_obs-0629-02,new_latest,0,0.0,0.0,start_image_start_state,9,,0.0006648057633216735,-0.11226912698086529,0.0020436000316641123,-0.04267189391936085,8.313897364173547,41.081803472530744,144.42932006436254,164.86548163854135,1.2726935148239136
recorded_obs-0629-02,new_latest,0,0.0,0.0,start_image_start_state,10,,0.0046849068824180995,-0.10702355146739485,0.0046849068824180995,-0.043485816898616,8.17410625048904,39.3374672072548,143.84067424858083,163.77405146502028,1.2555233240127563
recorded_obs-0629-02,new_latest,0,0.0,0.0,start_image_start_state,11,,0.00535923336928823,-0.11351464415124772,0.00535923336928823,-0.04757906815530868,7.938556230938346,39.50534989139699,143.72984188913208,164.6373118365202,1.296638011932373
recorded_obs-0629-02,new_latest,0,0.0,0.0,start_image_start_state,12,,0.002853352960874381,-0.10388417997402095,0.002853352960874381,-0.041274845013640975,8.222637429644521,37.71189307937959,144.10827638223134,162.9907272795968,1.2826799154281616
recorded_obs-0629-02,new_latest,0,0.0,0.0,start_image_start_state,13,,0.0023668816162668448,-0.10235260124814335,0.0023668816162668448,-0.03923341012094444,8.331270416055416,34.4351765711945,144.18477284610765,162.06727518143862,1.2190200090408325
recorded_obs-0629-02,new_latest,0,0.0,0.0,start_image_start_state,14,,0.0030820887458206624,-0.10914106118712914,0.0030820887458206624,-0.04459713027657271,8.391956152728127,39.13900343536874,144.08499110940954,163.99552272749764,1.284899353981018
recorded_obs-0629-02,new_latest,0,0.0,0.0,start_image_start_state,15,,0.005224213328070185,-0.10815104433335233,0.005224213328070185,-0.04576186275442255,8.262922803427799,37.52301574456749,143.76767531995182,163.49136211247983,1.2972135543823242
recorded_obs-0629-02,new_latest,0,0.0,0.0,start_image_start_state,16,,0.0018740535883401078,-0.10645004292426592,0.003468271103002693,-0.04393578759822013,8.466209818619081,38.80265560225184,144.26376930057762,163.57344112678652,1.2644898891448975
recorded_obs-0629-02,new_latest,0,0.0,0.0,start_image_start_state,17,,0.003376390730889329,-0.10439709007917228,0.003376390730889329,-0.04163143011740911,8.37548946529253,36.8509419437813,144.0415036470374,162.85925870141494,1.2321438789367676
recorded_obs-0629-02,new_latest,0,0.0,0.0,start_image_start_state,18,,0.0044900879103712925,-0.10533047000187931,0.0044900879103712925,-0.04303261644305107,8.281899314490628,38.854423565064984,143.87503273826474,163.4431870220325,1.2208161354064941
recorded_obs-0629-02,new_latest,0,0.0,0.0,start_image_start_state,19,,0.005204912439665636,-0.09935988300074416,0.005204912439665636,-0.04354168320055694,8.242666581480199,36.93110287360842,143.76930740873453,162.23230109805039,1.285038709640503
recorded_obs-0629-02,new_latest,50,3.58304,0.3058883381256314,current_image_current_state,0,,0.2570210799800867,-0.009355333524353898,0.2570210799800867,0.11784144603721565,8.651114256599486,52.78597402547061,112.62751659791233,155.07035678512645,1.5424433946609497
recorded_obs-0629-02,new_latest,50,3.58304,0.3058883381256314,current_image_current_state,1,,0.2523836232364913,-0.014737561706638093,0.2523836232364913,0.11259495662039698,9.254422427832296,54.51969347564597,113.30323339520258,156.57282592339436,1.5521900653839111
recorded_obs-0629-02,new_latest,50,3.58304,0.3058883381256314,current_image_current_state,2,,0.2608649100485001,0.007312219182586517,0.2608649100485001,0.12923992038986254,8.02815266135519,49.69969439613197,112.0463308819153,152.12517534542044,1.4313597679138184
recorded_obs-0629-02,new_latest,50,3.58304,0.3058883381256314,current_image_current_state,3,,0.2589087491311932,-0.020588492437665477,0.2589087491311932,0.11220447979965002,8.335976896351395,54.11004278236729,112.33828219962962,156.51006098679582,1.5596133470535278
recorded_obs-0629-02,new_latest,50,3.58304,0.3058883381256314,current_image_current_state,4,,0.2569210208407239,-0.01202766703965387,0.26099119287738665,0.1147641709890548,8.68508048616617,53.09537407738266,112.65813102349124,155.38714429733452,1.5552997589111328
recorded_obs-0629-02,new_latest,50,3.58304,0.3058883381256314,current_image_current_state,5,,0.25899531770515083,0.00815110192341985,0.25899531770515083,0.12655661181230748,8.351583108225503,50.15732942401388,112.3663757641464,152.47685038150087,1.445067286491394
recorded_obs-0629-02,new_latest,50,3.58304,0.3058883381256314,current_image_current_state,6,,0.2617881644368317,-0.01800710637593176,0.2617881644368317,0.11410551683267785,7.971633387872355,53.124787015192325,111.96506384809788,155.67618127460676,1.584465503692627
recorded_obs-0629-02,new_latest,50,3.58304,0.3058883381256314,current_image_current_state,7,,0.25847685734815296,-0.018227843190128525,0.25847685734815296,0.1096384816977633,8.390988292851054,53.7422263868438,112.4205787272564,156.12027673518529,1.5723994970321655
recorded_obs-0629-02,new_latest,50,3.58304,0.3058883381256314,current_image_current_state,8,,0.25770913935662226,-0.014691070635774893,0.25770913935662226,0.11373764621010615,8.630394467159812,53.37029909150544,112.56109654909712,155.69563343816515,1.5477772951126099
recorded_obs-0629-02,new_latest,50,3.58304,0.3058883381256314,current_image_current_state,9,,0.2599100588897015,-0.018772606103086932,0.2599100588897015,0.11677084845212786,8.281282891074724,54.53789567243799,112.23914768570589,156.740796498206,1.5187071561813354
recorded_obs-0629-02,new_latest,50,3.58304,0.3058883381256314,current_image_current_state,10,,0.2582024648809338,-0.012463664568779382,0.2582024648809338,0.11617912597028283,8.414330949890884,53.35921968073128,112.44392863314586,155.60494046983032,1.5225830078125
recorded_obs-0629-02,new_latest,50,3.58304,0.3058883381256314,current_image_current_state,11,,0.2634405375506975,-0.02322125775203326,0.2634405375506975,0.11074250695094844,7.762301185679527,55.004540804144305,111.67261428974942,157.23443668318106,1.59475839138031
recorded_obs-0629-02,new_latest,50,3.58304,0.3058883381256314,current_image_current_state,12,,0.2604811998215092,-0.006879044633381733,0.2604811998215092,0.1208095580433957,8.18223620450095,51.747379310379344,112.10344166072636,154.2670486746827,1.5539007186889648
recorded_obs-0629-02,new_latest,50,3.58304,0.3058883381256314,current_image_current_state,13,,0.2590216124904298,0.00027214172566826283,0.2594421973885186,0.12559934638307574,8.385260767115026,49.45850106541443,112.42116991853331,152.2507259740563,1.4684091806411743
recorded_obs-0629-02,new_latest,50,3.58304,0.3058883381256314,current_image_current_state,14,,0.25551415813048683,-0.011219435662715136,0.25551415813048683,0.11523648054573347,8.855128697799575,52.7983591392578,112.83106793906073,155.1701877643449,1.481659173965454
recorded_obs-0629-02,new_latest,50,3.58304,0.3058883381256314,current_image_current_state,15,,0.2586710175262132,-0.014166145882145093,0.2586710175262132,0.1130166857878646,8.482056100240001,52.856339620006146,112.42194355976434,155.3419889617551,1.5357296466827393
recorded_obs-0629-02,new_latest,50,3.58304,0.3058883381256314,current_image_current_state,16,,0.2582171285686952,-0.009521509545366671,0.2586154471656059,0.11579182490239394,8.55279270329031,52.21440719394067,112.50843142190296,154.69405870723284,1.5046240091323853
recorded_obs-0629-02,new_latest,50,3.58304,0.3058883381256314,current_image_current_state,17,,0.25465674683403844,-0.006119631437191496,0.25625802719410773,0.11938793115244906,8.882107444459715,51.37392527285145,112.94674585919294,153.87048753860802,1.4721413850784302
recorded_obs-0629-02,new_latest,50,3.58304,0.3058883381256314,current_image_current_state,18,,0.2611402227518623,-0.01193155725417571,0.2611402227518623,0.11565592300944783,8.168464482707314,53.07555595657745,112.09001963144789,155.40913341064257,1.5253965854644775
recorded_obs-0629-02,new_latest,50,3.58304,0.3058883381256314,current_image_current_state,19,,0.2562240682071165,-0.0023887423380213914,0.2577336271867756,0.11656655451437253,8.88586248715523,51.12275987056959,112.795529466191,153.54968625072345,1.5201337337493896
recorded_obs-0629-02,new_latest,50,3.58304,0.3058883381256314,start_image_current_state,0,,0.26142263420285694,-0.006388425824155031,0.26142263420285694,0.12128987338607569,8.436434472317032,52.554528013412174,112.20556106333832,154.70861792880305,1.5405839681625366
recorded_obs-0629-02,new_latest,50,3.58304,0.3058883381256314,start_image_current_state,1,,0.2561693621091056,-0.01289621483763364,0.2561693621091056,0.11543393517113942,9.101888313516675,54.51460113257496,112.9825404646012,156.43049814464578,1.558237075805664
recorded_obs-0629-02,new_latest,50,3.58304,0.3058883381256314,start_image_current_state,2,,0.26542765827920445,0.011463411251222171,0.26589495921683565,0.13365557974661488,7.94089129118327,49.14906906290382,111.68768754844126,151.47933720107378,1.43019700050354
recorded_obs-0629-02,new_latest,50,3.58304,0.3058883381256314,start_image_current_state,3,,0.26287704524494393,-0.018725718898260305,0.2640031652953405,0.11469902367475203,8.214239642506504,54.05238857859335,112.02258101135554,156.322373500936,1.5821036100387573
recorded_obs-0629-02,new_latest,50,3.58304,0.3058883381256314,start_image_current_state,4,,0.26069071659437837,-0.008747073536865222,0.2644119505583338,0.11781013566908567,8.589241844476158,52.73171985064993,112.35198323573739,154.91993417551856,1.5541080236434937
recorded_obs-0629-02,new_latest,50,3.58304,0.3058883381256314,start_image_current_state,5,,0.263581869454713,0.012455758216027322,0.263581869454713,0.13099187732930706,8.153037437679195,49.66587213434419,111.94208689427568,151.85674193561724,1.4458670616149902
recorded_obs-0629-02,new_latest,50,3.58304,0.3058883381256314,start_image_current_state,6,,0.2656367388691559,-0.015068872696708802,0.2656367388691559,0.11708980878791446,7.887340517928898,52.80521931162051,111.65301744378098,155.25172151073846,1.5846421718597412
recorded_obs-0629-02,new_latest,50,3.58304,0.3058883381256314,start_image_current_state,7,,0.2624954586178091,-0.016352573132216906,0.2624954586178091,0.11153325144938667,8.273720422053206,53.56824396042843,112.0856194931848,155.85757605899218,1.5861504077911377
recorded_obs-0629-02,new_latest,50,3.58304,0.3058883381256314,start_image_current_state,8,,0.2628175307370245,-0.011482843334354842,0.2628175307370245,0.11678647259770213,8.40421088541617,53.019970145623674,112.08890039826889,155.2317226058316,1.549208641052246
recorded_obs-0629-02,new_latest,50,3.58304,0.3058883381256314,start_image_current_state,9,,0.26408344511873627,-0.015911881563595413,0.26408344511873627,0.11966718516722144,8.162796709823919,54.42972117149743,111.89457833519474,156.47488617597804,1.529421329498291
recorded_obs-0629-02,new_latest,50,3.58304,0.3058883381256314,start_image_current_state,10,,0.2618322933937753,-0.00878068462657037,0.2618322933937753,0.1192781625670656,8.332096051641077,52.99719063747103,112.1641971975903,155.11810292005143,1.5246713161468506
recorded_obs-0629-02,new_latest,50,3.58304,0.3058883381256314,start_image_current_state,11,,0.26693171377679314,-0.02079659919536532,0.26693171377679314,0.11337638730242611,7.7255841609221605,54.79944809158866,111.4178440279511,156.91686429862355,1.5862343311309814
recorded_obs-0629-02,new_latest,50,3.58304,0.3058883381256314,start_image_current_state,12,,0.2650091824497308,-0.0029836877216312097,0.2650091824497308,0.12438041858209264,8.07730797328367,51.25535338341258,111.7402352309856,153.69956510062516,1.5581417083740234
recorded_obs-0629-02,new_latest,50,3.58304,0.3058883381256314,start_image_current_state,13,,0.2628703893153849,0.005269881144301772,0.2639481253711652,0.1303813112982718,8.348307908437071,48.642137179229806,112.1404317662391,151.3633894299756,1.4648406505584717
recorded_obs-0629-02,new_latest,50,3.58304,0.3058883381256314,start_image_current_state,14,,0.2597640394199683,-0.007769869038164816,0.2597640394199683,0.11851809030212114,8.69192930826087,52.45160801567245,112.4714002080228,154.71143373655545,1.4787954092025757
recorded_obs-0629-02,new_latest,50,3.58304,0.3058883381256314,start_image_current_state,15,,0.2619145885761428,-0.010849908919611654,0.2619145885761428,0.11589865828828232,8.440914680727312,52.466967405132436,112.18557810908202,154.850369680426,1.5363909006118774
recorded_obs-0629-02,new_latest,50,3.58304,0.3058883381256314,start_image_current_state,16,,0.2624139079925677,-0.005443613805054458,0.263369244418263,0.11883755562726273,8.378261027979363,51.744997549224166,112.12409691773652,154.12434039209987,1.5072118043899536
recorded_obs-0629-02,new_latest,50,3.58304,0.3058883381256314,start_image_current_state,17,,0.2584078932725672,-0.0024243815266682786,0.25990524693958467,0.12330101677249883,8.793081951117966,50.850419325890016,112.6663973076662,153.2632433163112,1.480726718902588
recorded_obs-0629-02,new_latest,50,3.58304,0.3058883381256314,start_image_current_state,18,,0.26500567251958734,-0.008930877705558612,0.26500567251958734,0.11860336321187678,8.120855946748774,52.72466645419283,111.79918235194815,154.96578944257504,1.5310568809509277
recorded_obs-0629-02,new_latest,50,3.58304,0.3058883381256314,start_image_current_state,19,,0.2591149944179296,0.0014106319618604668,0.26239749577907345,0.11955826355821095,8.93535485430198,50.57240897182926,112.65576056977511,152.90559513652195,1.532562255859375
recorded_obs-0629-02,new_latest,50,3.58304,0.3058883381256314,current_image_start_state,0,,-0.001358217260035177,-0.10614300608862841,-0.001358217260035177,-0.048314811197734016,50.48582404651374,61.17677706711971,144.67823973824954,163.12516161187082,1.274869680404663
recorded_obs-0629-02,new_latest,50,3.58304,0.3058883381256314,current_image_start_state,1,,-0.0006322696961223839,-0.10891365931768439,-0.0006322696961223839,-0.04945902081753409,50.5421768857794,61.74548769071369,144.5725395544321,164.032028306652,1.3170747756958008
recorded_obs-0629-02,new_latest,50,3.58304,0.3058883381256314,current_image_start_state,2,,-0.00207311752669202,-0.09566594758596267,-0.00207311752669202,-0.04342533831157479,50.77564749350763,59.519575843899474,144.76512054106834,161.28713963988022,1.1633415222167969
recorded_obs-0629-02,new_latest,50,3.58304,0.3058883381256314,current_image_start_state,3,,-0.0024926535572285086,-0.11547070027274765,-0.0024926535572285086,-0.0528528356115779,50.81579973277453,62.50293772087045,144.82678520596113,164.39660280703836,1.2836064100265503
recorded_obs-0629-02,new_latest,50,3.58304,0.3058883381256314,current_image_start_state,4,,-0.0021216049923931013,-0.10763348234263401,-0.0021216049923931013,-0.04886914496947488,50.70558844003305,61.39915970913568,144.7863499653956,163.19061576688316,1.2715672254562378
recorded_obs-0629-02,new_latest,50,3.58304,0.3058883381256314,current_image_start_state,5,,-0.0031145347835898206,-0.09354181017477596,-0.0031145347835898206,-0.04275534697972258,50.9643250940819,59.2357032484766,144.9232509962987,161.3298279540763,1.2058168649673462
recorded_obs-0629-02,new_latest,50,3.58304,0.3058883381256314,current_image_start_state,6,,-0.0026110844669571093,-0.11468542238880378,-0.0026110844669571093,-0.05152377212024162,50.87603093142448,62.37183757347406,144.8434207954822,164.0361777331114,1.2970268726348877
recorded_obs-0629-02,new_latest,50,3.58304,0.3058883381256314,current_image_start_state,7,,-0.003839690754313905,-0.10878834763512339,-0.003839690754313905,-0.053010878832300275,50.860573076698955,61.50904661002008,145.03449622751097,163.22823108318477,1.2320890426635742
recorded_obs-0629-02,new_latest,50,3.58304,0.3058883381256314,current_image_start_state,8,,-0.0026994081633262305,-0.1101067247944084,-0.0026994081633262305,-0.05023979492737695,50.76110333217068,61.77051227897143,144.86780717311095,163.59209472793682,1.2768661975860596
recorded_obs-0629-02,new_latest,50,3.58304,0.3058883381256314,current_image_start_state,9,,-0.004078737207827933,-0.11252255892441361,-0.0039301484093471695,-0.04796224228443244,51.00353602295,62.25066316733606,145.0597156404268,164.36484777147663,1.2447675466537476
recorded_obs-0629-02,new_latest,50,3.58304,0.3058883381256314,current_image_start_state,10,,-0.00028703559492059336,-0.1082819391423583,-0.00028703559492059336,-0.048593976083812725,50.67532134698285,61.51660578055842,144.5047210622363,163.4335891303633,1.2199931144714355
recorded_obs-0629-02,new_latest,50,3.58304,0.3058883381256314,current_image_start_state,11,,0.00024577637382602505,-0.11276156466702858,0.00024577637382602505,-0.052308233305662866,50.691388275249096,62.22337558946972,144.41767119254826,164.03835738936365,1.2607539892196655
recorded_obs-0629-02,new_latest,50,3.58304,0.3058883381256314,current_image_start_state,12,,-0.0026253856294255673,-0.10458821803268069,-0.0026253856294255673,-0.04670235866646646,50.94942407225304,60.7367122028845,144.8406572558539,162.62699711820426,1.2344286441802979
recorded_obs-0629-02,new_latest,50,3.58304,0.3058883381256314,current_image_start_state,13,,-0.0023739531437864873,-0.10361988725726441,-0.0023739531437864873,-0.04502858622527868,50.82853215561838,60.55521473352129,144.8142451347979,161.87745530355133,1.2150729894638062
recorded_obs-0629-02,new_latest,50,3.58304,0.3058883381256314,current_image_start_state,14,,-0.001578193142682835,-0.10918704329151933,-0.001578193142682835,-0.04972342455998571,50.69573130246166,61.58939938351064,144.70076387390705,163.50850911588418,1.243694543838501
recorded_obs-0629-02,new_latest,50,3.58304,0.3058883381256314,current_image_start_state,15,,0.0007136564953291088,-0.10784901952226449,0.0007136564953291088,-0.05050773163565114,50.57689332926495,61.34401976437598,144.36335593546468,163.01487902132888,1.2529746294021606
recorded_obs-0629-02,new_latest,50,3.58304,0.3058883381256314,current_image_start_state,16,,-0.0028814911955744316,-0.10719615845851149,-0.002793480566597687,-0.04924445306715841,50.741806243713356,61.19688259014044,144.89603691867424,163.17490475128034,1.2232542037963867
recorded_obs-0629-02,new_latest,50,3.58304,0.3058883381256314,current_image_start_state,17,,-0.0015795001550018319,-0.1045110212944305,-0.0015795001550018319,-0.04690153353069826,50.738965415594876,60.861388430515554,144.69877369264555,162.44634088731627,1.1855013370513916
recorded_obs-0629-02,new_latest,50,3.58304,0.3058883381256314,current_image_start_state,18,,5.7579280508887804e-05,-0.10611534162262602,5.7579280508887804e-05,-0.048217580145619374,50.51249085649809,61.10698861213032,144.45839298894816,163.06213831108695,1.188122034072876
recorded_obs-0629-02,new_latest,50,3.58304,0.3058883381256314,current_image_start_state,19,,0.0007423033227288478,-0.10011704809775489,0.0007423033227288478,-0.04858037226169185,50.5623766332979,60.20695739935704,144.35522202315994,161.92548529442246,1.2496497631072998
recorded_obs-0629-02,new_latest,50,3.58304,0.3058883381256314,start_image_start_state,0,,0.002986925223935852,-0.10500949380175195,0.002986925223935852,-0.04289058837963365,49.50910902312888,61.308499155087866,144.10664346918713,163.49302696233445,1.3176078796386719
recorded_obs-0629-02,new_latest,50,3.58304,0.3058883381256314,start_image_start_state,1,,0.003480866501885702,-0.10881512762029551,0.003480866501885702,-0.04420680150403623,49.59013199865641,62.104557149136674,144.0326064776909,164.5937807231831,1.364158034324646
recorded_obs-0629-02,new_latest,50,3.58304,0.3058883381256314,start_image_start_state,2,,0.003181780006974535,-0.09520585540462849,0.003181780006974535,-0.03767744373174305,49.63304848224809,59.673579983588546,144.06439665888868,161.70443531811847,1.2094358205795288
recorded_obs-0629-02,new_latest,50,3.58304,0.3058883381256314,start_image_start_state,3,,0.002230185991569612,-0.11630099663067998,0.002230185991569612,-0.04806539149173974,49.690553629446796,62.902602220384274,144.20580854238307,165.04904417425283,1.3339499235153198
recorded_obs-0629-02,new_latest,50,3.58304,0.3058883381256314,start_image_start_state,4,,0.0029291984239901755,-0.1071210488819977,0.0029291984239901755,-0.043794454065263076,49.61789720201379,61.565597237386115,144.11338208097533,163.6159788509691,1.3072624206542969
recorded_obs-0629-02,new_latest,50,3.58304,0.3058883381256314,start_image_start_state,5,,0.001542958808506241,-0.09217476815579562,0.001542958808506241,-0.03649797318820162,49.90148991620835,59.297516680142586,144.30540096387435,161.61869928054182,1.247492790222168
recorded_obs-0629-02,new_latest,50,3.58304,0.3058883381256314,start_image_start_state,6,,0.00222530753514115,-0.11515613900874176,0.00222530753514115,-0.046696471004054614,49.75320067236648,62.65097655933206,144.20499600051141,164.55994081162007,1.3305082321166992
recorded_obs-0629-02,new_latest,50,3.58304,0.3058883381256314,start_image_start_state,7,,0.0009409466685751746,-0.10962903306911591,0.0009409466685751746,-0.048766012099672615,49.79175013811223,61.87186415365822,144.4023720202347,163.83866910911516,1.2842330932617188
recorded_obs-0629-02,new_latest,50,3.58304,0.3058883381256314,start_image_start_state,8,,0.0023479812909586815,-0.10941874702994618,0.0023479812909586815,-0.045028787142918504,49.64950253545095,61.94722822964349,144.1989149657721,163.98649479134974,1.3022929430007935
recorded_obs-0629-02,new_latest,50,3.58304,0.3058883381256314,start_image_start_state,9,,0.0006648057633216735,-0.11226912698086529,0.0020436000316641123,-0.04267189391936085,49.95380677755952,62.55209036665352,144.42932006436254,164.86548163854135,1.2726935148239136
recorded_obs-0629-02,new_latest,50,3.58304,0.3058883381256314,start_image_start_state,10,,0.0046849068824180995,-0.10702355146739485,0.0046849068824180995,-0.043485816898616,49.56586021351518,61.62135221086054,143.84067424858083,163.77405146502028,1.2555233240127563
recorded_obs-0629-02,new_latest,50,3.58304,0.3058883381256314,start_image_start_state,11,,0.00535923336928823,-0.11351464415124772,0.00535923336928823,-0.04757906815530868,49.58340087476573,62.61416053959787,143.72984188913208,164.6373118365202,1.296638011932373
recorded_obs-0629-02,new_latest,50,3.58304,0.3058883381256314,start_image_start_state,12,,0.002853352960874381,-0.10388417997402095,0.002853352960874381,-0.041274845013640975,49.73006587642565,60.83857432362397,144.10827638223134,162.9907272795968,1.2826799154281616
recorded_obs-0629-02,new_latest,50,3.58304,0.3058883381256314,start_image_start_state,13,,0.0023668816162668448,-0.10235260124814335,0.0023668816162668448,-0.03923341012094444,49.737981920728686,60.465680227623956,144.18477284610765,162.06727518143862,1.2190200090408325
recorded_obs-0629-02,new_latest,50,3.58304,0.3058883381256314,start_image_start_state,14,,0.0030820887458206624,-0.10914106118712914,0.0030820887458206624,-0.04459713027657271,49.646145844468094,61.84297066736292,144.08499110940954,163.99552272749764,1.284899353981018
recorded_obs-0629-02,new_latest,50,3.58304,0.3058883381256314,start_image_start_state,15,,0.005224213328070185,-0.10815104433335233,0.005224213328070185,-0.04576186275442255,49.501085552622555,61.58164605184553,143.76767531995182,163.49136211247983,1.2972135543823242
recorded_obs-0629-02,new_latest,50,3.58304,0.3058883381256314,start_image_start_state,16,,0.0018740535883401078,-0.10645004292426592,0.003468271103002693,-0.04393578759822013,49.71001031882322,61.35170743490416,144.26376930057762,163.57344112678652,1.2644898891448975
recorded_obs-0629-02,new_latest,50,3.58304,0.3058883381256314,start_image_start_state,17,,0.003376390730889329,-0.10439709007917228,0.003376390730889329,-0.04163143011740911,49.624286583488406,61.00991956324803,144.0415036470374,162.85925870141494,1.2321438789367676
recorded_obs-0629-02,new_latest,50,3.58304,0.3058883381256314,start_image_start_state,18,,0.0044900879103712925,-0.10533047000187931,0.0044900879103712925,-0.04303261644305107,49.459292740495144,61.26851741887456,143.87503273826474,163.4431870220325,1.2208161354064941
recorded_obs-0629-02,new_latest,50,3.58304,0.3058883381256314,start_image_start_state,19,,0.005204912439665636,-0.09935988300074416,0.005204912439665636,-0.04354168320055694,49.477228836180764,60.27926906135742,143.76930740873453,162.23230109805039,1.285038709640503
recorded_obs-0629-02,new_latest,52,3.718047,0.29996007034702427,current_image_current_state,0,,0.2523904870632509,-0.013573467009036104,0.2523904870632509,0.11577139225675519,8.625173833741117,53.00014027685596,113.14091279658227,155.73427156375288,1.5387431383132935
recorded_obs-0629-02,new_latest,52,3.718047,0.29996007034702427,current_image_current_state,1,,0.24723783973134136,-0.019456855104091203,0.24723783973134136,0.11045069021937144,9.267281898348656,54.726229912047664,113.8739905369958,157.25039357316984,1.5555566549301147
recorded_obs-0629-02,new_latest,52,3.718047,0.29996007034702427,current_image_current_state,2,,0.2563424841230338,0.0038533105011380134,0.2563424841230338,0.12759302341840167,8.053835600341342,49.733037870618205,112.57747196009134,152.6327608108328,1.4319024085998535
recorded_obs-0629-02,new_latest,52,3.718047,0.29996007034702427,current_image_current_state,3,,0.25420078624839276,-0.025952104513974814,0.25464846475109837,0.10964429562745417,8.343049297838373,54.47153545196226,112.88210174209064,157.3369668034727,1.5740660429000854
recorded_obs-0629-02,new_latest,52,3.718047,0.29996007034702427,current_image_current_state,4,,0.25179247683551353,-0.015697811459940373,0.2558138023980515,0.11264776057882818,8.740467080645917,53.10182972716921,113.24660281039675,155.89875810681968,1.5493894815444946
recorded_obs-0629-02,new_latest,52,3.718047,0.29996007034702427,current_image_current_state,5,,0.2543546943762861,0.004241561245324993,0.2543546943762861,0.12512311640335078,8.340336359512532,50.18767610827003,112.87064092405916,152.99823491672444,1.4454296827316284
recorded_obs-0629-02,new_latest,52,3.718047,0.29996007034702427,current_image_current_state,6,,0.25642500672640534,-0.02239387009450129,0.25642500672640534,0.11219599320675222,8.065320733966361,53.27417657978452,112.58693492054847,156.33157104114312,1.5908644199371338
recorded_obs-0629-02,new_latest,52,3.718047,0.29996007034702427,current_image_current_state,7,,0.2537245762174973,-0.022874391225680208,0.2537245762174973,0.10729943094859595,8.42633607331009,53.89180628200403,112.96892932769582,156.78160700650176,1.588017463684082
recorded_obs-0629-02,new_latest,52,3.718047,0.29996007034702427,current_image_current_state,8,,0.2534597387437718,-0.017543178241896353,0.2534597387437718,0.11203243748054398,8.59024281215185,53.267385808467566,113.04358629514844,156.07780396094793,1.5505520105361938
recorded_obs-0629-02,new_latest,52,3.718047,0.29996007034702427,current_image_current_state,9,,0.2548345661576339,-0.023336569279693586,0.2548345661576339,0.11423290533487322,8.33513236296608,54.85506605429777,112.81900984683422,157.49166456559902,1.5331504344940186
recorded_obs-0629-02,new_latest,52,3.718047,0.29996007034702427,current_image_current_state,10,,0.25239592622830964,-0.01606716317465468,0.25239592622830964,0.11422987845782888,8.581370251992706,53.350111584969625,113.13716181961308,156.08900379247746,1.5169938802719116
recorded_obs-0629-02,new_latest,52,3.718047,0.29996007034702427,current_image_current_state,11,,0.25799382978867064,-0.02744212407462276,0.25799382978867064,0.10864240629616584,7.856778370125255,55.099750025106175,112.30888415754471,157.82238880514126,1.5868825912475586
recorded_obs-0629-02,new_latest,52,3.718047,0.29996007034702427,current_image_current_state,12,,0.2558485353575464,-0.011413841300282786,0.2558485353575464,0.11870068086167243,8.202260045311586,51.97052872752777,112.64406797104702,154.9770593093583,1.5675289630889893
recorded_obs-0629-02,new_latest,52,3.718047,0.29996007034702427,current_image_current_state,13,,0.25405392333766075,-0.0026314407360614515,0.2546321983728238,0.12436116859866982,8.452935787269348,49.34610078310741,112.99681780577677,152.66402685923566,1.4630361795425415
recorded_obs-0629-02,new_latest,52,3.718047,0.29996007034702427,current_image_current_state,14,,0.251426955036975,-0.014815432991151277,0.251426955036975,0.11335871810233716,8.799534359013398,52.859950742543916,113.2967161210268,155.7100380578754,1.486283540725708
recorded_obs-0629-02,new_latest,52,3.718047,0.29996007034702427,current_image_current_state,15,,0.25327199829658564,-0.01782646342972899,0.25327199829658564,0.11092669246749816,8.548168551738584,52.86592728945854,113.04084221459539,155.86173374925147,1.5424073934555054
recorded_obs-0629-02,new_latest,52,3.718047,0.29996007034702427,current_image_current_state,16,,0.25356710302051805,-0.013948523224201438,0.2538733006609787,0.11368785059678219,8.581969957998663,52.419204598716775,113.04640506254064,155.3840854385765,1.5151450634002686
recorded_obs-0629-02,new_latest,52,3.718047,0.29996007034702427,current_image_current_state,17,,0.24922135157140055,-0.009548381128346469,0.2513015305095041,0.11782155176669795,9.003211055174726,51.35166311218421,113.59853851955698,154.35720064308498,1.4843850135803223
recorded_obs-0629-02,new_latest,52,3.718047,0.29996007034702427,current_image_current_state,18,,0.25610438188958295,-0.016066975359389776,0.25610438188958295,0.11346922984370929,8.233049923792711,53.219749147936184,112.67502401652868,156.02058304755658,1.5263075828552246
recorded_obs-0629-02,new_latest,52,3.718047,0.29996007034702427,current_image_current_state,19,,0.25072819264981244,-0.0060717866867333525,0.25342478383544886,0.1147913618040002,8.980293331746326,51.10372234749159,113.44556461202464,154.03884797355443,1.5234371423721313
recorded_obs-0629-02,new_latest,52,3.718047,0.29996007034702427,start_image_current_state,0,,0.2553226863613331,-0.008156335055400657,0.2553226863613331,0.11735092887856341,8.58865375143238,52.0188390970852,112.91397893086956,154.77048372440626,1.5356727838516235
recorded_obs-0629-02,new_latest,52,3.718047,0.29996007034702427,start_image_current_state,1,,0.24931590033699833,-0.014774773324254847,0.24931590033699833,0.11156281587232789,9.29538419680331,53.98597641908689,113.77153796780706,156.49219962692052,1.542925477027893
recorded_obs-0629-02,new_latest,52,3.718047,0.29996007034702427,start_image_current_state,2,,0.2588482010277087,0.008940360032756499,0.25976018459611205,0.1294436558339913,8.077785810743476,48.7314204742608,112.41191685571779,151.6476481163053,1.4194403886795044
recorded_obs-0629-02,new_latest,52,3.718047,0.29996007034702427,start_image_current_state,3,,0.2568635566727472,-0.021193239225684293,0.2576596419798998,0.11064394304479097,8.30908313294363,53.54694320618431,112.67632748678481,156.4450146034593,1.5600175857543945
recorded_obs-0629-02,new_latest,52,3.718047,0.29996007034702427,start_image_current_state,4,,0.25408173893359964,-0.010897508500915884,0.25831992062875464,0.11394554884286255,8.746617560917532,52.22981133360487,113.10284694739784,155.01673466608634,1.5395981073379517
recorded_obs-0629-02,new_latest,52,3.718047,0.29996007034702427,start_image_current_state,5,,0.2574106525823193,0.010262088130881123,0.2574106525823193,0.12685975038067718,8.319665792071948,49.18023017499168,112.64222525174158,151.96714604481733,1.4380073547363281
recorded_obs-0629-02,new_latest,52,3.718047,0.29996007034702427,start_image_current_state,6,,0.25914547662793863,-0.01677064974899679,0.25914547662793863,0.11296566270931217,8.081050496598497,52.26486182448965,112.39817287713903,155.31119159775687,1.5755788087844849
recorded_obs-0629-02,new_latest,52,3.718047,0.29996007034702427,start_image_current_state,7,,0.25610197194760287,-0.01826757846236052,0.25610197194760287,0.10773181936499937,8.455152997853782,53.058879267216305,112.81937566168655,155.94282420469077,1.5690596103668213
recorded_obs-0629-02,new_latest,52,3.718047,0.29996007034702427,start_image_current_state,8,,0.2557572502791735,-0.013217704950405392,0.2557572502791735,0.11283006793924964,8.622881642942403,52.47559377159513,112.896007058461,155.2828694617386,1.5334787368774414
recorded_obs-0629-02,new_latest,52,3.718047,0.29996007034702427,start_image_current_state,9,,0.25806658350149,-0.01835307941273755,0.25806658350149,0.11572400781656411,8.30866757823158,53.95676670144362,112.57508225418589,156.59760346497237,1.5198020935058594
recorded_obs-0629-02,new_latest,52,3.718047,0.29996007034702427,start_image_current_state,10,,0.2548146688934273,-0.011246779740929184,0.2548146688934273,0.11536173589085479,8.562587985378597,52.53389114140102,112.97247139762433,155.25199407106163,1.4993696212768555
recorded_obs-0629-02,new_latest,52,3.718047,0.29996007034702427,start_image_current_state,11,,0.2603559860235166,-0.022779559641645342,0.2603559860235166,0.10943068696919114,7.891195858348391,54.25781549662949,112.1641404200374,156.97869643820204,1.569040060043335
recorded_obs-0629-02,new_latest,52,3.718047,0.29996007034702427,start_image_current_state,12,,0.2588612417833874,-0.0053592881943682865,0.2588612417833874,0.12032971771548007,8.196296743146078,50.79512763415195,112.42414267876615,153.8405124222372,1.5411934852600098
recorded_obs-0629-02,new_latest,52,3.718047,0.29996007034702427,start_image_current_state,13,,0.2563671978029452,0.0030369444693430685,0.2574977030671966,0.12625952972107074,8.51862330540087,48.19840984314787,112.86980725768083,151.5311850537719,1.451317548751831
recorded_obs-0629-02,new_latest,52,3.718047,0.29996007034702427,start_image_current_state,14,,0.2533448203300451,-0.009701252190368811,0.2533448203300451,0.11458181679767142,8.824988916397253,51.93694353991384,113.18702393603584,154.78720707831584,1.4603607654571533
recorded_obs-0629-02,new_latest,52,3.718047,0.29996007034702427,start_image_current_state,15,,0.25526124075226636,-0.0130985167718019,0.25526124075226636,0.1119839384001428,8.629012944463732,51.92783438942755,112.9479491450024,154.9431200274333,1.5221433639526367
recorded_obs-0629-02,new_latest,52,3.718047,0.29996007034702427,start_image_current_state,16,,0.25569306878111586,-0.00789308267125951,0.25690136715368606,0.11489501968743078,8.615008592305328,51.319947939495435,112.91414332460097,154.2980393542712,1.4965875148773193
recorded_obs-0629-02,new_latest,52,3.718047,0.29996007034702427,start_image_current_state,17,,0.25203382741754726,-0.0037517699136472246,0.2541592875354552,0.11940475591915486,8.971885614295319,50.21094003857283,113.39874892990396,153.2358791020803,1.4613378047943115
recorded_obs-0629-02,new_latest,52,3.718047,0.29996007034702427,start_image_current_state,18,,0.25831769560151,-0.010577758733443887,0.25831769560151,0.11473969700846483,8.313881131517725,52.19783518164229,112.55672057187385,155.01790744543854,1.5139333009719849
recorded_obs-0629-02,new_latest,52,3.718047,0.29996007034702427,start_image_current_state,19,,0.25272716029873993,-0.0008133090849097842,0.25558265651122924,0.11558099115089941,9.108186953682223,50.08012165447708,113.38740478441612,153.01976873479518,1.5257291793823242
recorded_obs-0629-02,new_latest,52,3.718047,0.29996007034702427,current_image_start_state,0,,0.0011763854588010823,-0.11041180591748977,0.0011763854588010823,-0.046237518723371694,49.1561220726549,61.07510975245783,144.3026738449854,164.01515919999002,1.3070992231369019
recorded_obs-0629-02,new_latest,52,3.718047,0.29996007034702427,current_image_start_state,1,,0.002929614885737373,-0.11401787651247988,0.002929614885737373,-0.04738604049029527,49.11681092132952,61.819055575585445,144.04743762693738,165.04417550751407,1.3679243326187134
recorded_obs-0629-02,new_latest,52,3.718047,0.29996007034702427,current_image_start_state,2,,0.0010738738301153351,-0.09969007307572687,0.0010738738301153351,-0.041076328161577545,49.372828514452465,59.312942396169404,144.30228631745007,162.09700313413717,1.1959285736083984
recorded_obs-0629-02,new_latest,52,3.718047,0.29996007034702427,current_image_start_state,3,,0.0006115679914135765,-0.12055403422643902,0.0006115679914135765,-0.05092698663644587,49.35061930356464,62.5032824489784,144.37421781298335,165.40588312741076,1.322633147239685
recorded_obs-0629-02,new_latest,52,3.718047,0.29996007034702427,current_image_start_state,4,,0.0010959614564005208,-0.11203165770704812,0.0010959614564005208,-0.046762698807491614,49.284795220165954,61.24901328177237,144.31366621742808,164.0619155335107,1.3021011352539062
recorded_obs-0629-02,new_latest,52,3.718047,0.29996007034702427,current_image_start_state,5,,-0.00011739320241239867,-0.09782539197681586,-0.00011739320241239867,-0.04049247287347615,49.521314734522754,59.11340642726637,144.48625192142728,162.1847265719881,1.239180088043213
recorded_obs-0629-02,new_latest,52,3.718047,0.29996007034702427,current_image_start_state,6,,0.0006633871485041095,-0.11952989836805282,0.0006633871485041095,-0.04918197886258618,49.41534174322575,62.28223138002478,144.36542786458298,164.95621145490176,1.3374656438827515
recorded_obs-0629-02,new_latest,52,3.718047,0.29996007034702427,current_image_start_state,7,,-0.0006436497803288569,-0.11434753238077354,-0.0006436497803288569,-0.05090540850359407,49.43927978867251,61.5563576221701,144.5647193804123,164.26916295110618,1.2707144021987915
recorded_obs-0629-02,new_latest,52,3.718047,0.29996007034702427,current_image_start_state,8,,0.0008574676744892175,-0.11358747228395111,0.0008574676744892175,-0.04794651847579393,49.25522993191085,61.535093807987025,144.34900001872253,164.34701077760175,1.299841284751892
recorded_obs-0629-02,new_latest,52,3.718047,0.29996007034702427,current_image_start_state,9,,-0.001390268952822736,-0.11696407226457235,-0.00031120746645868676,-0.04612218575159115,49.63925257403411,62.214665725395996,144.66591422663296,165.2900515956288,1.2762168645858765
recorded_obs-0629-02,new_latest,52,3.718047,0.29996007034702427,current_image_start_state,10,,0.003064184201948966,-0.11221442024875432,0.003064184201948966,-0.04639913388312976,49.25125094362235,61.35634437361287,144.01297325266174,164.25568925879503,1.2537248134613037
recorded_obs-0629-02,new_latest,52,3.718047,0.29996007034702427,current_image_start_state,11,,0.003066027864083312,-0.11760440943620566,0.003066027864083312,-0.0503582294113785,49.35836550594322,62.18512436641131,144.00081611538266,164.97599814300204,1.2891026735305786
recorded_obs-0629-02,new_latest,52,3.718047,0.29996007034702427,current_image_start_state,12,,0.0007885777791678105,-0.10862533933375251,0.0007885777791678105,-0.044504851397472324,49.46991947761717,60.558028182274924,144.34229648146595,163.46636128823337,1.259157419204712
recorded_obs-0629-02,new_latest,52,3.718047,0.29996007034702427,current_image_start_state,13,,0.0003500919528768157,-0.1068342679666777,0.0003500919528768157,-0.042555935798162005,49.45207425242523,60.12718285026882,144.41457237632494,162.5310648771647,1.2224953174591064
recorded_obs-0629-02,new_latest,52,3.718047,0.29996007034702427,current_image_start_state,14,,0.0017802523504590643,-0.11411014059650226,0.0017802523504590643,-0.04758389608104672,49.24899610518172,61.56302266759286,144.20933462381316,164.45526005247544,1.2901201248168945
recorded_obs-0629-02,new_latest,52,3.718047,0.29996007034702427,current_image_start_state,15,,0.004452817709270238,-0.11207962721605388,0.004452817709270238,-0.04829681327945471,49.06251357201312,61.15792321469827,143.81786979308768,163.83743770050597,1.2809392213821411
recorded_obs-0629-02,new_latest,52,3.718047,0.29996007034702427,current_image_start_state,16,,0.0005567283260139351,-0.11189952795791298,0.0008951376106627524,-0.04713062750880425,49.31529831844379,61.16298758020945,144.38973278149695,164.15399020570865,1.2490577697753906
recorded_obs-0629-02,new_latest,52,3.718047,0.29996007034702427,current_image_start_state,17,,0.0015112158987679828,-0.10949353719502572,0.0015112158987679828,-0.04453907848337175,49.29778198073472,60.754774614052565,144.2486465446885,163.3855172693684,1.2295830249786377
recorded_obs-0629-02,new_latest,52,3.718047,0.29996007034702427,current_image_start_state,18,,0.0034761106227818523,-0.11033655131106636,0.0034761106227818523,-0.046285099503025874,49.03612049085666,60.968452902496026,143.95750844428406,163.91776743239285,1.2165277004241943
recorded_obs-0629-02,new_latest,52,3.718047,0.29996007034702427,current_image_start_state,19,,0.003598603312857393,-0.10364308114475308,0.003598603312857393,-0.046144387951177604,49.18963006934255,59.93086400750275,143.93447718553062,162.64900658421232,1.2798935174942017
recorded_obs-0629-02,new_latest,52,3.718047,0.29996007034702427,start_image_start_state,0,,0.002986925223935852,-0.10500949380175195,0.002986925223935852,-0.04289058837963365,48.39815787438503,60.51455792011407,144.10664346918713,163.49302696233445,1.3176078796386719
recorded_obs-0629-02,new_latest,52,3.718047,0.29996007034702427,start_image_start_state,1,,0.003480866501885702,-0.10881512762029551,0.003480866501885702,-0.04420680150403623,48.4825096931593,61.337350704047935,144.0326064776909,164.5937807231831,1.364158034324646
recorded_obs-0629-02,new_latest,52,3.718047,0.29996007034702427,start_image_start_state,2,,0.003181780006974535,-0.09520585540462849,0.003181780006974535,-0.03767744373174305,48.52095358717768,58.85680657909338,144.06439665888868,161.70443531811847,1.2094358205795288
recorded_obs-0629-02,new_latest,52,3.718047,0.29996007034702427,start_image_start_state,3,,0.002230185991569612,-0.11630099663067998,0.002230185991569612,-0.04806539149173974,48.57931004936185,62.10297654909886,144.20580854238307,165.04904417425283,1.3339499235153198
recorded_obs-0629-02,new_latest,52,3.718047,0.29996007034702427,start_image_start_state,4,,0.0029291984239901755,-0.1071210488819977,0.0029291984239901755,-0.043794454065263076,48.50737010495232,60.76280931418049,144.11338208097533,163.6159788509691,1.3072624206542969
recorded_obs-0629-02,new_latest,52,3.718047,0.29996007034702427,start_image_start_state,5,,0.001542958808506241,-0.09217476815579562,0.001542958808506241,-0.03649797318820162,48.79482147592541,58.49951203052834,144.30540096387435,161.61869928054182,1.247492790222168
recorded_obs-0629-02,new_latest,52,3.718047,0.29996007034702427,start_image_start_state,6,,0.00222530753514115,-0.11515613900874176,0.00222530753514115,-0.046696471004054614,48.644703030477245,61.844804478691174,144.20499600051141,164.55994081162007,1.3305082321166992
recorded_obs-0629-02,new_latest,52,3.718047,0.29996007034702427,start_image_start_state,7,,0.0009409466685751746,-0.10962903306911591,0.0009409466685751746,-0.048766012099672615,48.68244970950745,61.06344912299256,144.4023720202347,163.83866910911516,1.2842330932617188
recorded_obs-0629-02,new_latest,52,3.718047,0.29996007034702427,start_image_start_state,8,,0.0023479812909586815,-0.10941874702994618,0.0023479812909586815,-0.045028787142918504,48.5379453269609,61.150170105448645,144.1989149657721,163.98649479134974,1.3022929430007935
recorded_obs-0629-02,new_latest,52,3.718047,0.29996007034702427,start_image_start_state,9,,0.0006648057633216735,-0.11226912698086529,0.0020436000316641123,-0.04267189391936085,48.8457892671728,61.777034362415165,144.42932006436254,164.86548163854135,1.2726935148239136
recorded_obs-0629-02,new_latest,52,3.718047,0.29996007034702427,start_image_start_state,10,,0.0046849068824180995,-0.10702355146739485,0.0046849068824180995,-0.043485816898616,48.45264916676722,60.82852125881332,143.84067424858083,163.77405146502028,1.2555233240127563
recorded_obs-0629-02,new_latest,52,3.718047,0.29996007034702427,start_image_start_state,11,,0.00535923336928823,-0.11351464415124772,0.00535923336928823,-0.04757906815530868,48.46926848927562,61.81653356943444,143.72984188913208,164.6373118365202,1.296638011932373
recorded_obs-0629-02,new_latest,52,3.718047,0.29996007034702427,start_image_start_state,12,,0.002853352960874381,-0.10388417997402095,0.002853352960874381,-0.041274845013640975,48.61978500166152,60.02307675698941,144.10827638223134,162.9907272795968,1.2826799154281616
recorded_obs-0629-02,new_latest,52,3.718047,0.29996007034702427,start_image_start_state,13,,0.0023668816162668448,-0.10235260124814335,0.0023668816162668448,-0.03923341012094444,48.631128396410546,59.61263856220611,144.18477284610765,162.06727518143862,1.2190200090408325
recorded_obs-0629-02,new_latest,52,3.718047,0.29996007034702427,start_image_start_state,14,,0.0030820887458206624,-0.10914106118712914,0.0030820887458206624,-0.04459713027657271,48.53508983748841,61.047271412654815,144.08499110940954,163.99552272749764,1.284899353981018
recorded_obs-0629-02,new_latest,52,3.718047,0.29996007034702427,start_image_start_state,15,,0.005224213328070185,-0.10815104433335233,0.005224213328070185,-0.04576186275442255,48.389309094757536,60.76408328306407,143.76767531995182,163.49136211247983,1.2972135543823242
recorded_obs-0629-02,new_latest,52,3.718047,0.29996007034702427,start_image_start_state,16,,0.0018740535883401078,-0.10645004292426592,0.003468271103002693,-0.04393578759822013,48.599359376480535,60.548220874848525,144.26376930057762,163.57344112678652,1.2644898891448975
recorded_obs-0629-02,new_latest,52,3.718047,0.29996007034702427,start_image_start_state,17,,0.003376390730889329,-0.10439709007917228,0.003376390730889329,-0.04163143011740911,48.51495921314231,60.18745368355335,144.0415036470374,162.85925870141494,1.2321438789367676
recorded_obs-0629-02,new_latest,52,3.718047,0.29996007034702427,start_image_start_state,18,,0.0044900879103712925,-0.10533047000187931,0.0044900879103712925,-0.04303261644305107,48.347008280247124,60.46648914565376,143.87503273826474,163.4431870220325,1.2208161354064941
recorded_obs-0629-02,new_latest,52,3.718047,0.29996007034702427,start_image_start_state,19,,0.005204912439665636,-0.09935988300074416,0.005204912439665636,-0.04354168320055694,48.35850237404081,59.46140555345793,143.76930740873453,162.23230109805039,1.285038709640503
recorded_obs-0629-02,new_latest,84,5.861705,0.8250771130871825,current_image_current_state,0,,0.5237869357721195,0.14300450497583111,0.5382606168339311,0.3364781885471613,44.51202789889525,100.60531610940069,79.54988020411825,131.9357530496338,1.9149088859558105
recorded_obs-0629-02,new_latest,84,5.861705,0.8250771130871825,current_image_current_state,1,,0.4846643713637971,0.14694195940373891,0.5081793392574209,0.33028738613487874,50.067554800017504,100.20410541298956,84.3043293186645,131.89816270755333,1.8435207605361938
recorded_obs-0629-02,new_latest,84,5.861705,0.8250771130871825,current_image_current_state,2,,0.5369008702252116,0.16681107109868648,0.5588478710596556,0.3577977436988918,42.70262428632023,96.99432590424958,78.60975454610266,128.21897171026538,1.918138861656189
recorded_obs-0629-02,new_latest,84,5.861705,0.8250771130871825,current_image_current_state,3,,0.5361189629400066,0.13026065250770016,0.5606902964130573,0.32694097994314336,42.812459451748445,102.35809166477851,78.45022516844857,133.48184233419363,2.111013412475586
recorded_obs-0629-02,new_latest,84,5.861705,0.8250771130871825,current_image_current_state,4,,0.5118438043366357,0.1447640356029066,0.5401317353169851,0.33374604686310644,46.235639575637,100.25647876738266,81.18490513767534,131.40581474628584,1.9794204235076904
recorded_obs-0629-02,new_latest,84,5.861705,0.8250771130871825,current_image_current_state,5,,0.5314100434068671,0.17942338725652343,0.5413220044565781,0.36354401977365597,43.433974385725406,95.22271856620364,78.97371420281837,126.84673461663826,1.7916014194488525
recorded_obs-0629-02,new_latest,84,5.861705,0.8250771130871825,current_image_current_state,6,,0.5441992878386775,0.12796703481578442,0.5441992878386775,0.3238687294715012,41.691767804835806,102.61291448546952,77.71186352992758,133.49022451398272,2.003554105758667
recorded_obs-0629-02,new_latest,84,5.861705,0.8250771130871825,current_image_current_state,7,,0.5328261754633438,0.12891318370527682,0.5464240295850118,0.3147415341540147,43.18444226223165,102.55680405641112,78.62684759222499,133.50838153327646,2.0340404510498047
recorded_obs-0629-02,new_latest,84,5.861705,0.8250771130871825,current_image_current_state,8,,0.527535153378456,0.14448498341621183,0.5391964380244764,0.330760549029636,44.02433564891487,100.34937364613208,79.58665437711167,131.5029516552392,1.9682475328445435
recorded_obs-0629-02,new_latest,84,5.861705,0.8250771130871825,current_image_current_state,9,,0.5397994740073557,0.1343995334296204,0.5397994740073557,0.33212530155562436,42.33375188974954,101.96139725327285,78.2521790709774,133.31131693281864,1.9611778259277344
recorded_obs-0629-02,new_latest,84,5.861705,0.8250771130871825,current_image_current_state,10,,0.5164393859606076,0.14509629518160566,0.5302835446272767,0.3340644406106832,45.535397732084306,100.3667675922178,80.62284806754779,131.71944176297973,1.8745498657226562
recorded_obs-0629-02,new_latest,84,5.861705,0.8250771130871825,current_image_current_state,11,,0.5350385448341655,0.12207371102923831,0.5350385448341655,0.3207031033222985,42.96805055629332,103.71464103633188,78.60789481768397,134.84710745920285,2.011302947998047
recorded_obs-0629-02,new_latest,84,5.861705,0.8250771130871825,current_image_current_state,12,,0.5408517345140275,0.1469806991848972,0.5559863433123582,0.3415201112202963,42.29667696681338,99.80274661239831,78.48186605148899,131.01535844779758,2.029895782470703
recorded_obs-0629-02,new_latest,84,5.861705,0.8250771130871825,current_image_current_state,13,,0.5306458943368508,0.15922186950875208,0.5514262647275474,0.35543740759866527,43.610380752809284,97.81147834254817,79.26180777948136,128.55992753925668,1.9315928220748901
recorded_obs-0629-02,new_latest,84,5.861705,0.8250771130871825,current_image_current_state,14,,0.5223459419630554,0.14324471687352652,0.5361740535792914,0.3302157096119359,44.75621538011987,100.52203567693104,80.12931884746352,131.73501505048426,1.9183645248413086
recorded_obs-0629-02,new_latest,84,5.861705,0.8250771130871825,current_image_current_state,15,,0.5013320584946767,0.13363547439488055,0.5298493306101157,0.317769608299927,47.71638631324934,101.748028727119,82.41137220042579,132.69976872961405,2.037353992462158
recorded_obs-0629-02,new_latest,84,5.861705,0.8250771130871825,current_image_current_state,16,,0.5196694329016742,0.14293813000074457,0.5386181695507996,0.3251190104393772,45.11439654538076,100.43381346156644,80.0091019374723,131.68135370273544,1.9248450994491577
recorded_obs-0629-02,new_latest,84,5.861705,0.8250771130871825,current_image_current_state,17,,0.5127807463192179,0.14663013546616607,0.5333683371338804,0.3388984366357913,46.14686400206647,99.84508221269722,81.46404778804346,130.70319501604277,1.8939224481582642
recorded_obs-0629-02,new_latest,84,5.861705,0.8250771130871825,current_image_current_state,18,,0.5423555010609296,0.14699291842944298,0.5423555010609296,0.33541222870385706,41.99691696878649,99.96509175238846,78.13888152071584,131.25395073232966,1.8837041854858398
recorded_obs-0629-02,new_latest,84,5.861705,0.8250771130871825,current_image_current_state,19,,0.48731332529109317,0.15509128488062052,0.5344986185524481,0.3307378122771808,50.12434592870894,98.68597526115269,85.31484768643372,129.72177393364723,2.068593978881836
recorded_obs-0629-02,new_latest,84,5.861705,0.8250771130871825,start_image_current_state,0,,0.5579209794862785,0.2280721894555797,0.5769789913181815,0.41113373903468203,39.73526431093064,88.6993903424228,75.93001962976884,121.06670844385495,1.7931307554244995
recorded_obs-0629-02,new_latest,84,5.861705,0.8250771130871825,start_image_current_state,1,,0.5279109625232117,0.23479581430465926,0.5507044197826695,0.40626759111086136,43.906188053130556,87.89628462411999,79.41284582548451,120.65779616037686,1.729702353477478
recorded_obs-0629-02,new_latest,84,5.861705,0.8250771130871825,start_image_current_state,2,,0.5619080324164751,0.24921957861650032,0.5920304775346885,0.4300349401707974,39.225652590249595,85.43438772691054,75.95774158164429,117.70629190380262,1.7962826490402222
recorded_obs-0629-02,new_latest,84,5.861705,0.8250771130871825,start_image_current_state,3,,0.5628823040139668,0.2099925080043003,0.5986853885209985,0.3959370076098087,39.06978340300544,91.21471867709147,75.64655089965206,123.33337042946359,2.010085105895996
recorded_obs-0629-02,new_latest,84,5.861705,0.8250771130871825,start_image_current_state,4,,0.544439410549834,0.22532195391780135,0.580277562410026,0.40588062845611406,41.62047830875846,89.02063111071294,77.59950591879632,121.19898243265341,1.9155082702636719
recorded_obs-0629-02,new_latest,84,5.861705,0.8250771130871825,start_image_current_state,5,,0.5595654600568286,0.2701338122470688,0.5800754335522991,0.43928680117238617,39.48230486687356,82.42225716856838,76.01905027808054,115.15433153002228,1.688362956047058
recorded_obs-0629-02,new_latest,84,5.861705,0.8250771130871825,start_image_current_state,6,,0.5693846779774573,0.20448044883102567,0.5835365167233502,0.3925838002231382,38.182430714244695,91.94669726039378,75.05671564450478,123.82224136885107,1.9182889461517334
recorded_obs-0629-02,new_latest,84,5.861705,0.8250771130871825,start_image_current_state,7,,0.5622367867953804,0.20950631792656502,0.5795062326285114,0.38292300909902693,39.054368064133875,91.32155576588369,75.53393952400009,123.29896039050132,1.9106730222702026
recorded_obs-0629-02,new_latest,84,5.861705,0.8250771130871825,start_image_current_state,8,,0.5550259067750744,0.22772319755964562,0.5816745597302447,0.4015475513875388,40.15299027684078,88.72464754762085,76.61330932322234,120.89621192736573,1.898322343826294
recorded_obs-0629-02,new_latest,84,5.861705,0.8250771130871825,start_image_current_state,9,,0.5653337775431249,0.22010410885102305,0.5655611339356373,0.4069483493405596,38.77351492934573,89.98766507123635,75.5817603441398,122.38358412836295,1.7300423383712769
recorded_obs-0629-02,new_latest,84,5.861705,0.8250771130871825,start_image_current_state,10,,0.5535851025623969,0.2310824025796856,0.5704700490571156,0.4090746861742975,40.303782163518385,88.33133223677918,76.59320179446068,120.75895362382205,1.736687183380127
recorded_obs-0629-02,new_latest,84,5.861705,0.8250771130871825,start_image_current_state,11,,0.5631869470470985,0.19911226809942695,0.5631869470470985,0.3894630832252177,39.02211221027431,93.00759246313295,75.62801193814138,125.14577254288179,1.8454500436782837
recorded_obs-0629-02,new_latest,84,5.861705,0.8250771130871825,start_image_current_state,12,,0.5639495173938395,0.22721559282280038,0.5968138982377074,0.4114002066793638,39.09578702164365,88.53598276751009,75.99520382650303,120.77692347833766,1.9855369329452515
recorded_obs-0629-02,new_latest,84,5.861705,0.8250771130871825,start_image_current_state,13,,0.5600266878469572,0.23540683823219602,0.584532811060471,0.42681338243347683,39.48179669590962,87.10607046187646,76.13481040194334,118.83370963026536,1.8000993728637695
recorded_obs-0629-02,new_latest,84,5.861705,0.8250771130871825,start_image_current_state,14,,0.5554071422806136,0.22917279918121317,0.575182351861595,0.40202924652983313,40.117484877886014,88.54607181529751,76.56948132621456,120.86473115161348,1.8203874826431274
recorded_obs-0629-02,new_latest,84,5.861705,0.8250771130871825,start_image_current_state,15,,0.5425482140017717,0.21066558394419838,0.5641942477813583,0.38728608914769236,41.88118522026557,90.98498758696229,77.86319928705794,122.96792700678553,1.8701549768447876
recorded_obs-0629-02,new_latest,84,5.861705,0.8250771130871825,start_image_current_state,16,,0.5526546676101038,0.22770591962444406,0.5798045479297311,0.3967185615435262,40.453672761079076,88.50545725698177,76.4600603505675,120.79702435917882,1.7957285642623901
recorded_obs-0629-02,new_latest,84,5.861705,0.8250771130871825,start_image_current_state,17,,0.5482819165268121,0.2276183618108603,0.5717960111677491,0.4125335092027515,41.1754638986061,88.5359012067637,77.60559336734548,120.45274503188031,1.7719030380249023
recorded_obs-0629-02,new_latest,84,5.861705,0.8250771130871825,start_image_current_state,18,,0.5679489760154506,0.23187922104995728,0.5753635929669731,0.41012085973403056,38.45354239788624,88.0479370322135,75.41896690138275,120.36669085166359,1.7255524396896362
recorded_obs-0629-02,new_latest,84,5.861705,0.8250771130871825,start_image_current_state,19,,0.5239437918394978,0.23755277274125722,0.5688644839744605,0.4020119985797355,44.966621705288944,87.16135264181911,81.12235137690355,119.25436853315522,1.9369511604309082
recorded_obs-0629-02,new_latest,84,5.861705,0.8250771130871825,current_image_start_state,0,,0.0010442364948810103,-0.12325693844811975,0.0010442364948810103,-0.05300677621106699,122.18981835612551,138.23910186395486,144.39323472804105,165.6461549827816,1.298699975013733
recorded_obs-0629-02,new_latest,84,5.861705,0.8250771130871825,current_image_start_state,1,,0.0015620829629179411,-0.1265680709374829,0.0015620829629179411,-0.05415266801621462,122.13143972023128,138.72877247354515,144.32009634462403,166.59068053666905,1.3352315425872803
recorded_obs-0629-02,new_latest,84,5.861705,0.8250771130871825,current_image_start_state,2,,0.001555578905849912,-0.11299260823230552,0.001555578905849912,-0.048385419222968504,122.15694379791351,136.70254884238724,144.3081484740551,163.8048058681367,1.1712605953216553
recorded_obs-0629-02,new_latest,84,5.861705,0.8250771130871825,current_image_start_state,3,,0.0005976079348333866,-0.13232451349657387,0.0005976079348333866,-0.057343291099793095,122.29330985956703,139.55076102586744,144.44850095474337,166.90105399011298,1.2932218313217163
recorded_obs-0629-02,new_latest,84,5.861705,0.8250771130871825,current_image_start_state,4,,0.0012472327106830658,-0.12472754755418329,0.0012472327106830658,-0.05349701848756285,122.16929548676735,138.4529828887912,144.3688965621328,165.67347881531737,1.2702053785324097
recorded_obs-0629-02,new_latest,84,5.861705,0.8250771130871825,current_image_start_state,5,,6.762893308374781e-05,-0.11168271365954857,6.762893308374781e-05,-0.04718770750220106,122.38008722095218,136.4853947506033,144.53145096873584,163.94043957491007,1.2041653394699097
recorded_obs-0629-02,new_latest,84,5.861705,0.8250771130871825,current_image_start_state,6,,0.000970374795196953,-0.13290919069865836,0.000970374795196953,-0.056142900350253745,122.25542539099217,139.62874853571415,144.39552882387068,166.73472773402466,1.3374634981155396
recorded_obs-0629-02,new_latest,84,5.861705,0.8250771130871825,current_image_start_state,7,,2.6341923989775213e-05,-0.12547087995096817,2.6341923989775213e-05,-0.05745810527365299,122.32283374626353,138.5486898358629,144.544539063253,165.65730301670567,1.2456766366958618
recorded_obs-0629-02,new_latest,84,5.861705,0.8250771130871825,current_image_start_state,8,,0.0005904404254336598,-0.12612011528484865,0.0005904404254336598,-0.05445042542445461,122.25305284812872,138.6652886860798,144.46334384348043,165.92458237086322,1.2714266777038574
recorded_obs-0629-02,new_latest,84,5.861705,0.8250771130871825,current_image_start_state,9,,-0.0009492086781478663,-0.13000607751338988,-0.0009492086781478663,-0.05261934305088414,122.51134111556922,139.2478368154016,144.67413572614672,166.90273521686203,1.2503423690795898
recorded_obs-0629-02,new_latest,84,5.861705,0.8250771130871825,current_image_start_state,10,,0.002556361583399497,-0.125010307346852,0.002556361583399497,-0.053175876622745304,122.06761265001751,138.50803839939252,144.16077057828554,165.8870244099762,1.2222833633422852
recorded_obs-0629-02,new_latest,84,5.861705,0.8250771130871825,current_image_start_state,11,,0.0035697773096218088,-0.129493096532034,0.0035697773096218088,-0.05665652412205252,121.97261640939665,139.19722897694461,144.00057668391793,166.47133887535645,1.2673039436340332
recorded_obs-0629-02,new_latest,84,5.861705,0.8250771130871825,current_image_start_state,12,,0.0012105789684842853,-0.12193335820038056,0.0012105789684842853,-0.051495425931037724,122.24560001387714,137.9412986772489,144.35740740749642,165.1612853133109,1.2455812692642212
recorded_obs-0629-02,new_latest,84,5.861705,0.8250771130871825,current_image_start_state,13,,-3.499806802749355e-05,-0.12031869413715825,-3.499806802749355e-05,-0.04974844070246217,122.37362701780093,137.744084978122,144.54196954977792,164.30340494880667,1.2119251489639282
recorded_obs-0629-02,new_latest,84,5.861705,0.8250771130871825,current_image_start_state,14,,0.0016419975515060952,-0.12655695285741717,0.0016419975515060952,-0.05408663520952894,122.15115179982692,138.69287020681676,144.30411291463946,166.04581604808433,1.2620569467544556
recorded_obs-0629-02,new_latest,84,5.861705,0.8250771130871825,current_image_start_state,15,,0.004051370529371072,-0.12503717728019095,0.004051370529371072,-0.055227225074522684,121.87059278136003,138.46782879725546,143.94805270346023,165.4859969591238,1.2483973503112793
recorded_obs-0629-02,new_latest,84,5.861705,0.8250771130871825,current_image_start_state,16,,0.00032656796261212195,-0.12496768629283883,0.0011074877728912739,-0.05357490787324307,122.30190886881309,138.4206990312438,144.49797973974762,165.81894510689244,1.2287660837173462
recorded_obs-0629-02,new_latest,84,5.861705,0.8250771130871825,current_image_start_state,17,,0.0011187325770949026,-0.12267664564745819,0.0011187325770949026,-0.051478078822259715,122.226593082093,138.15104322207898,144.37953036212184,165.07598365177375,1.2076102495193481
recorded_obs-0629-02,new_latest,84,5.861705,0.8250771130871825,current_image_start_state,18,,0.003267374500088452,-0.12287688176519306,0.003267374500088452,-0.052958378345755786,121.91495278151199,138.14237677327637,144.06568137447573,165.4997480428134,1.1812602281570435
recorded_obs-0629-02,new_latest,84,5.861705,0.8250771130871825,current_image_start_state,19,,0.003375393451793921,-0.11659865912491908,0.003375393451793921,-0.052957440849088155,121.91372299001056,137.23863584705938,144.05199987995508,164.2719078351655,1.254338264465332
recorded_obs-0629-02,new_latest,84,5.861705,0.8250771130871825,start_image_start_state,0,,0.002986925223935852,-0.10500949380175195,0.002986925223935852,-0.04289058837963365,121.89538957827372,135.6144808161542,144.10664346918713,163.49302696233445,1.3176078796386719
recorded_obs-0629-02,new_latest,84,5.861705,0.8250771130871825,start_image_start_state,1,,0.003480866501885702,-0.10881512762029551,0.003480866501885702,-0.04420680150403623,121.86534970562757,136.22769384604052,144.0326064776909,164.5937807231831,1.364158034324646
recorded_obs-0629-02,new_latest,84,5.861705,0.8250771130871825,start_image_start_state,2,,0.003181780006974535,-0.09520585540462849,0.003181780006974535,-0.03767744373174305,121.92561618362285,134.12460379069185,144.06439665888868,161.70443531811847,1.2094358205795288
recorded_obs-0629-02,new_latest,84,5.861705,0.8250771130871825,start_image_start_state,3,,0.002230185991569612,-0.11630099663067998,0.002230185991569612,-0.04806539149173974,122.03930174066151,137.24664895685166,144.20580854238307,165.04904417425283,1.3339499235153198
recorded_obs-0629-02,new_latest,84,5.861705,0.8250771130871825,start_image_start_state,4,,0.0029291984239901755,-0.1071210488819977,0.0029291984239901755,-0.043794454065263076,121.93900637869287,135.91839901000952,144.11338208097533,163.6159788509691,1.3072624206542969
recorded_obs-0629-02,new_latest,84,5.861705,0.8250771130871825,start_image_start_state,5,,0.001542958808506241,-0.09217476815579562,0.001542958808506241,-0.03649797318820162,122.16759225753795,133.66856627434245,144.30540096387435,161.61869928054182,1.247492790222168
recorded_obs-0629-02,new_latest,84,5.861705,0.8250771130871825,start_image_start_state,6,,0.00222530753514115,-0.11515613900874176,0.00222530753514115,-0.046696471004054614,122.06062118541313,137.04734761956675,144.20499600051141,164.55994081162007,1.3305082321166992
recorded_obs-0629-02,new_latest,84,5.861705,0.8250771130871825,start_image_start_state,7,,0.0009409466685751746,-0.10962903306911591,0.0009409466685751746,-0.048766012099672615,122.18032686773957,136.26472410758765,144.4023720202347,163.83866910911516,1.2842330932617188
recorded_obs-0629-02,new_latest,84,5.861705,0.8250771130871825,start_image_start_state,8,,0.0023479812909586815,-0.10941874702994618,0.0023479812909586815,-0.045028787142918504,122.005992540737,136.26481127229815,144.1989149657721,163.98649479134974,1.3022929430007935
recorded_obs-0629-02,new_latest,84,5.861705,0.8250771130871825,start_image_start_state,9,,0.0006648057633216735,-0.11226912698086529,0.0020436000316641123,-0.04267189391936085,122.2796521340258,136.72892979216442,144.42932006436254,164.86548163854135,1.2726935148239136
recorded_obs-0629-02,new_latest,84,5.861705,0.8250771130871825,start_image_start_state,10,,0.0046849068824180995,-0.10702355146739485,0.0046849068824180995,-0.043485816898616,121.77223209721329,135.91693195444594,143.84067424858083,163.77405146502028,1.2555233240127563
recorded_obs-0629-02,new_latest,84,5.861705,0.8250771130871825,start_image_start_state,11,,0.00535923336928823,-0.11351464415124772,0.00535923336928823,-0.04757906815530868,121.72931181371926,136.90529689603957,143.72984188913208,164.6373118365202,1.296638011932373
recorded_obs-0629-02,new_latest,84,5.861705,0.8250771130871825,start_image_start_state,12,,0.002853352960874381,-0.10388417997402095,0.002853352960874381,-0.041274845013640975,122.0053937225854,135.32804542612502,144.10827638223134,162.9907272795968,1.2826799154281616
recorded_obs-0629-02,new_latest,84,5.861705,0.8250771130871825,start_image_start_state,13,,0.0023668816162668448,-0.10235260124814335,0.0023668816162668448,-0.03923341012094444,122.02740716337892,135.1044547199617,144.18477284610765,162.06727518143862,1.2190200090408325
recorded_obs-0629-02,new_latest,84,5.861705,0.8250771130871825,start_image_start_state,14,,0.0030820887458206624,-0.10914106118712914,0.0030820887458206624,-0.04459713027657271,121.94129421927003,136.1834913868928,144.08499110940954,163.99552272749764,1.284899353981018
recorded_obs-0629-02,new_latest,84,5.861705,0.8250771130871825,start_image_start_state,15,,0.005224213328070185,-0.10815104433335233,0.005224213328070185,-0.04576186275442255,121.69261022366885,136.02605719186917,143.76767531995182,163.49136211247983,1.2972135543823242
recorded_obs-0629-02,new_latest,84,5.861705,0.8250771130871825,start_image_start_state,16,,0.0018740535883401078,-0.10645004292426592,0.003468271103002693,-0.04393578759822013,122.07461492385045,135.7509261157224,144.26376930057762,163.57344112678652,1.2644898891448975
recorded_obs-0629-02,new_latest,84,5.861705,0.8250771130871825,start_image_start_state,17,,0.003376390730889329,-0.10439709007917228,0.003376390730889329,-0.04163143011740911,121.90322430127638,135.47738484107333,144.0415036470374,162.85925870141494,1.2321438789367676
recorded_obs-0629-02,new_latest,84,5.861705,0.8250771130871825,start_image_start_state,18,,0.0044900879103712925,-0.10533047000187931,0.0044900879103712925,-0.04303261644305107,121.75151103489411,135.6325517049205,143.87503273826474,163.4431870220325,1.2208161354064941
recorded_obs-0629-02,new_latest,84,5.861705,0.8250771130871825,start_image_start_state,19,,0.005204912439665636,-0.09935988300074416,0.005204912439665636,-0.04354168320055694,121.69550711983315,134.73447104538627,143.76930740873453,162.23230109805039,1.285038709640503
recorded_obs-0629-02,new_latest,86,5.994253,0.8379419256364874,current_image_current_state,0,,0.5274407840228579,0.15182173864436,0.5422289256957207,0.34367945180350373,45.881565892673635,101.20278663518891,78.73100676596393,130.37301383776943,1.9014286994934082
recorded_obs-0629-02,new_latest,86,5.994253,0.8379419256364874,current_image_current_state,1,,0.48758656401871314,0.15722738393683358,0.5129220447919293,0.3377064891947886,51.53439977724939,100.55522092303588,83.57125771556275,130.07365735625996,1.8282099962234497
recorded_obs-0629-02,new_latest,86,5.994253,0.8379419256364874,current_image_current_state,2,,0.5411700405494465,0.17554856529550716,0.5634767340000729,0.36529626466888226,44.049247450432865,97.58526301904628,77.77032237654252,126.66289903501973,1.9073781967163086
recorded_obs-0629-02,new_latest,86,5.994253,0.8379419256364874,current_image_current_state,3,,0.5403585141323106,0.1392217973254751,0.5670185568495547,0.333812941519795,44.12168143439787,102.91432407374622,77.5708808308009,131.88171699549747,2.112079620361328
recorded_obs-0629-02,new_latest,86,5.994253,0.8379419256364874,current_image_current_state,4,,0.5147734715573535,0.1540175117739435,0.5451905748151346,0.3406953839166885,47.716584836455084,100.7727991742214,80.47801747274181,129.79215345736367,1.965673804283142
recorded_obs-0629-02,new_latest,86,5.994253,0.8379419256364874,current_image_current_state,5,,0.534558399103877,0.18863363798928237,0.5456453527802327,0.37162843481679714,44.900463607119846,95.76234759224393,78.2189035987414,125.25564648199516,1.7916909456253052
recorded_obs-0629-02,new_latest,86,5.994253,0.8379419256364874,current_image_current_state,6,,0.5479454292542107,0.1353738182548542,0.5479454292542107,0.33061101605951104,43.07071454018418,103.38690776914973,76.84243830590711,132.10688518184952,1.9941210746765137
recorded_obs-0629-02,new_latest,86,5.994253,0.8379419256364874,current_image_current_state,7,,0.5367828585136539,0.1375688730225337,0.5509033750214772,0.3212248037316804,44.52195477654935,103.13599128789771,77.78278154773372,131.9400904995224,2.01884388923645
recorded_obs-0629-02,new_latest,86,5.994253,0.8379419256364874,current_image_current_state,8,,0.5310474680910496,0.15391464845942934,0.5450041077916533,0.33804471476930686,45.43726048669791,100.8523341861324,78.79481346030309,129.86093917731614,1.9620482921600342
recorded_obs-0629-02,new_latest,86,5.994253,0.8379419256364874,current_image_current_state,9,,0.5444293371204937,0.1440868627049703,0.5444293371204937,0.3392317006392067,43.60290610401124,102.40306454574119,77.33746510135487,131.5995981248446,1.9506694078445435
recorded_obs-0629-02,new_latest,86,5.994253,0.8379419256364874,current_image_current_state,10,,0.5207238431728202,0.1551808358716989,0.5347803531633472,0.3413938852470008,46.82171966692877,100.78080453358052,79.70826608920267,130.0015317926357,1.8551874160766602
recorded_obs-0629-02,new_latest,86,5.994253,0.8379419256364874,current_image_current_state,11,,0.5395270233923876,0.1316420966385723,0.5395270233923876,0.3274513187978991,44.253949151815306,104.18468154452057,77.72676647446342,133.15863857034827,1.9910118579864502
recorded_obs-0629-02,new_latest,86,5.994253,0.8379419256364874,current_image_current_state,12,,0.5449704659579742,0.15540245723703874,0.5604590068312868,0.3486007508445951,43.64223386729772,100.41207961594625,77.62531867481296,129.47595409569374,2.020418167114258
recorded_obs-0629-02,new_latest,86,5.994253,0.8379419256364874,current_image_current_state,13,,0.5351026315423534,0.16706062907727337,0.5567884669035374,0.3629437838027725,44.898762833977074,98.52937025601095,78.35613645800241,127.17400182782546,1.9281837940216064
recorded_obs-0629-02,new_latest,86,5.994253,0.8379419256364874,current_image_current_state,14,,0.5262383905757501,0.153023555009086,0.5407728519415246,0.3374546384539362,46.09716478169165,100.97209335661125,79.28416829558219,130.06160723055618,1.9055393934249878
recorded_obs-0629-02,new_latest,86,5.994253,0.8379419256364874,current_image_current_state,15,,0.5039865013241862,0.14260913114119061,0.5344106696712441,0.3241586473758701,49.227788749006216,102.30058830299322,81.71110382768597,131.1066809248132,2.029123067855835
recorded_obs-0629-02,new_latest,86,5.994253,0.8379419256364874,current_image_current_state,16,,0.5228288726407356,0.1518473167541352,0.5422442857516289,0.3319263506559683,46.55935689161386,100.99220070815454,79.22556976738323,130.0894822124163,1.9177885055541992
recorded_obs-0629-02,new_latest,86,5.994253,0.8379419256364874,current_image_current_state,17,,0.5167412301090679,0.15438456413696852,0.5368515817842195,0.34629927136122185,47.50252694546469,100.59125766826716,80.64372905209382,129.31236021880244,1.8784912824630737
recorded_obs-0629-02,new_latest,86,5.994253,0.8379419256364874,current_image_current_state,18,,0.5466586142390608,0.15615356741426098,0.5466586142390608,0.3427678165695334,43.32020624917445,100.49407663549886,77.25607395305437,129.63398727972475,1.8671505451202393
recorded_obs-0629-02,new_latest,86,5.994253,0.8379419256364874,current_image_current_state,19,,0.4912902806949629,0.1638388778095151,0.5394208706685794,0.3379208411422017,51.5085049797042,99.28415356427432,84.5003448367721,128.19433442988228,2.0575571060180664
recorded_obs-0629-02,new_latest,86,5.994253,0.8379419256364874,start_image_current_state,0,,0.5593267889496906,0.23268816385798677,0.5785179906340107,0.41447211391991096,41.517618889463165,90.04232161999528,75.47791919974667,120.37134413123651,1.781919240951538
recorded_obs-0629-02,new_latest,86,5.994253,0.8379419256364874,start_image_current_state,1,,0.5287179135495386,0.2377702959338458,0.5522142715040436,0.40943540944773754,45.75106298737865,89.47975624282398,79.01384754065937,120.16801147367809,1.729212760925293
recorded_obs-0629-02,new_latest,86,5.994253,0.8379419256364874,start_image_current_state,2,,0.5645375518584846,0.25311985930039105,0.5952492930327232,0.43337154310742215,40.87181924571566,86.87054374784073,75.38070362485472,117.10164314890767,1.7878185510635376
recorded_obs-0629-02,new_latest,86,5.994253,0.8379419256364874,start_image_current_state,3,,0.5647444784931644,0.21319273759791732,0.6010620691948,0.39919982317468733,40.79851169135049,92.76304309972765,75.11427713648362,122.8333431885044,2.0138039588928223
recorded_obs-0629-02,new_latest,86,5.994253,0.8379419256364874,start_image_current_state,4,,0.5455228341091145,0.22877862694764325,0.5821236113816938,0.40920817860763875,43.45219377648341,90.51196966760227,77.15295150390334,120.63824517651175,1.91334867477417
recorded_obs-0629-02,new_latest,86,5.994253,0.8379419256364874,start_image_current_state,5,,0.5608470627918015,0.2743530423955711,0.5827745997136393,0.4430070087389554,41.27386679723477,83.84354226382331,75.55270628120553,114.5330815603244,1.6851524114608765
recorded_obs-0629-02,new_latest,86,5.994253,0.8379419256364874,start_image_current_state,6,,0.571451291034251,0.2078101236658561,0.5865139461272115,0.39581691183603407,39.88872979671096,93.46683120817141,74.50623563583216,123.30479106446559,1.9187579154968262
recorded_obs-0629-02,new_latest,86,5.994253,0.8379419256364874,start_image_current_state,7,,0.5640735686985466,0.21344208479038027,0.5817325891683567,0.38601135034399636,40.77619525346225,92.75335218104962,75.00410596707655,122.69048341718435,1.8966232538223267
recorded_obs-0629-02,new_latest,86,5.994253,0.8379419256364874,start_image_current_state,8,,0.5571116228769888,0.23164406965164475,0.5835859668010589,0.405047913376461,41.8612995883739,90.1535813471446,76.06049910581592,120.27398281748083,1.8956998586654663
recorded_obs-0629-02,new_latest,86,5.994253,0.8379419256364874,start_image_current_state,9,,0.567945034273547,0.2237969591441989,0.567945034273547,0.41026967407873827,40.40343389754664,91.44791387471075,74.93887456339014,121.77665163010708,1.7357425689697266
recorded_obs-0629-02,new_latest,86,5.994253,0.8379419256364874,start_image_current_state,10,,0.5551628629737149,0.23511340370601003,0.5728138134949957,0.4125688168847182,42.062909332398476,89.76591429993158,76.09672296193813,120.14142790169316,1.7423242330551147
recorded_obs-0629-02,new_latest,86,5.994253,0.8379419256364874,start_image_current_state,11,,0.5649965953384716,0.2024685654545101,0.5649965953384716,0.39268163101054065,40.74782750080556,94.52527074226147,75.07788974727512,124.60077012046143,1.8437433242797852
recorded_obs-0629-02,new_latest,86,5.994253,0.8379419256364874,start_image_current_state,12,,0.5657755672866976,0.23085693151460912,0.5992813459088016,0.4146654082095538,40.83726161491879,90.01057029882749,75.45355528197095,120.21033130921629,1.9836347103118896
recorded_obs-0629-02,new_latest,86,5.994253,0.8379419256364874,start_image_current_state,13,,0.5617737025984777,0.23943430444714997,0.5877982644997607,0.430322368401056,41.22793243803939,88.50531673029984,75.61591457304196,118.2382387518496,1.8077349662780762
recorded_obs-0629-02,new_latest,86,5.994253,0.8379419256364874,start_image_current_state,14,,0.5577231764205187,0.23263178517448732,0.5764102405628782,0.40523491654257177,41.78709975351716,90.05049162205762,76.00143237498098,120.30924773046442,1.8050566911697388
recorded_obs-0629-02,new_latest,86,5.994253,0.8379419256364874,start_image_current_state,15,,0.5440360121182928,0.21409064840186942,0.5662918561410429,0.3903284354333841,43.64669355125913,92.46555940332269,77.38483244985335,122.39923075435104,1.8761982917785645
recorded_obs-0629-02,new_latest,86,5.994253,0.8379419256364874,start_image_current_state,16,,0.5541691832630703,0.2308720665003941,0.5824963894998323,0.4000029179672095,42.2119865497138,90.04939177950979,75.98025069347669,120.28801244481996,1.8072248697280884
recorded_obs-0629-02,new_latest,86,5.994253,0.8379419256364874,start_image_current_state,17,,0.5499063906116323,0.23152473209989613,0.5747655452033288,0.4159345071052192,42.93661510875799,89.95642645772885,77.10967168167663,119.85769583877688,1.7716073989868164
recorded_obs-0629-02,new_latest,86,5.994253,0.8379419256364874,start_image_current_state,18,,0.5689905000949168,0.23637168847400497,0.5775268008003444,0.4136619618047897,40.30713447311896,89.41655817353862,74.98128833651984,119.6824402800533,1.7229993343353271
recorded_obs-0629-02,new_latest,86,5.994253,0.8379419256364874,start_image_current_state,19,,0.5257457425362048,0.2413655000452299,0.5704840295714717,0.40534719692772925,46.74090232072929,88.6148602895954,80.65585087955445,118.67681851179265,1.935003399848938
recorded_obs-0629-02,new_latest,86,5.994253,0.8379419256364874,current_image_start_state,0,,0.0019220862966238404,-0.11930529307960046,0.0019220862966238404,-0.05096222885884291,123.50436746012888,139.4294745002081,144.26243030218936,164.81456920466564,1.2660889625549316
recorded_obs-0629-02,new_latest,86,5.994253,0.8379419256364874,current_image_start_state,1,,0.002355822175302652,-0.12168935323177506,0.002355822175302652,-0.05199930922395494,123.46773513290262,139.80384044268285,144.19964941727616,165.6143155616648,1.3084462881088257
recorded_obs-0629-02,new_latest,86,5.994253,0.8379419256364874,current_image_start_state,2,,0.0022699504461026394,-0.10865209214535752,0.0022699504461026394,-0.04649441515901466,123.50213838133689,137.83909488986532,144.19804353017236,162.9353484332535,1.136231541633606
recorded_obs-0629-02,new_latest,86,5.994253,0.8379419256364874,current_image_start_state,3,,0.0012910088251502825,-0.12831322775953655,0.0012910088251502825,-0.05523948567961966,123.63297819709369,140.7223915327916,144.34277139953133,166.05071839929528,1.263963222503662
recorded_obs-0629-02,new_latest,86,5.994253,0.8379419256364874,current_image_start_state,4,,0.0021132985421641534,-0.12044804012123446,0.0021132985421641534,-0.05151332657539742,123.49740052588436,139.60108537956117,144.23622704345422,164.80122325696448,1.2455116510391235
recorded_obs-0629-02,new_latest,86,5.994253,0.8379419256364874,current_image_start_state,5,,0.0011040813304221064,-0.10697926270193825,0.0011040813304221064,-0.045092659729587224,123.66721441124685,137.5662828473749,144.37699107600395,162.9946104637436,1.1816781759262085
recorded_obs-0629-02,new_latest,86,5.994253,0.8379419256364874,current_image_start_state,6,,0.001742611901189887,-0.1286531336788262,0.001742611901189887,-0.0543259052352042,123.58418861193002,140.78091493769372,144.27801385484756,165.87914466730237,1.3164851665496826
recorded_obs-0629-02,new_latest,86,5.994253,0.8379419256364874,current_image_start_state,7,,0.0007663315870718623,-0.12140038780359338,0.0007663315870718623,-0.05560808458076037,123.66527540576276,139.7243783555539,144.43081300919306,164.82197964566157,1.2247309684753418
recorded_obs-0629-02,new_latest,86,5.994253,0.8379419256364874,current_image_start_state,8,,0.0013254437545017342,-0.12185813372120045,0.0013254437545017342,-0.05242752634552876,123.59835667495128,139.8207451270257,144.3490028593603,165.05598133606307,1.2492001056671143
recorded_obs-0629-02,new_latest,86,5.994253,0.8379419256364874,current_image_start_state,9,,0.0002559252238574353,-0.12585070874672052,0.0002559252238574353,-0.05051457428600123,123.7742256341386,140.4219926305614,144.49615946757254,166.02132920431262,1.2214184999465942
recorded_obs-0629-02,new_latest,86,5.994253,0.8379419256364874,current_image_start_state,10,,0.00302582048000631,-0.12062320589288397,0.00302582048000631,-0.05115266343371685,123.4544806661685,139.63615672719257,144.0836131292424,164.98825477589395,1.192471981048584
recorded_obs-0629-02,new_latest,86,5.994253,0.8379419256364874,current_image_start_state,11,,0.00439096054899057,-0.12534184762510248,0.00439096054899057,-0.054659727330639944,123.30482501576272,140.37035526013764,143.87471107141363,165.60532551785167,1.2283841371536255
recorded_obs-0629-02,new_latest,86,5.994253,0.8379419256364874,current_image_start_state,12,,0.0021124643807580467,-0.11737636844907538,0.0021124643807580467,-0.04948390097116102,123.55885958697587,139.04781608912583,144.21837085163648,164.2491474894978,1.2123961448669434
recorded_obs-0629-02,new_latest,86,5.994253,0.8379419256364874,current_image_start_state,13,,0.0010595482724299386,-0.11752125057013094,0.0010595482724299386,-0.04796062130497366,123.65782100246908,139.09832961873536,144.3782417519788,163.688879756007,1.1974072456359863
recorded_obs-0629-02,new_latest,86,5.994253,0.8379419256364874,current_image_start_state,14,,0.0024850760906866306,-0.12239598537582154,0.0024850760906866306,-0.052196918004789816,123.47533212454898,139.8661462118313,144.1750943472646,165.1716052045207,1.2434728145599365
recorded_obs-0629-02,new_latest,86,5.994253,0.8379419256364874,current_image_start_state,15,,0.004582813913786161,-0.12057058337158648,0.004582813913786161,-0.0533327055966191,123.23084234067244,139.59677757788836,143.86458240198283,164.59367600382535,1.2294899225234985
recorded_obs-0629-02,new_latest,86,5.994253,0.8379419256364874,current_image_start_state,16,,0.0010400998225462018,-0.1198631045823647,0.0013096709333533932,-0.051398025753435064,123.65533784651062,139.45193984752197,144.38605363024968,164.82008683754017,1.2000823020935059
recorded_obs-0629-02,new_latest,86,5.994253,0.8379419256364874,current_image_start_state,17,,0.002147016349464646,-0.11933208992698313,0.002147016349464646,-0.04958646951940832,123.51665982868661,139.42647872969542,144.22627792921577,164.34160904751786,1.1905865669250488
recorded_obs-0629-02,new_latest,86,5.994253,0.8379419256364874,current_image_start_state,18,,0.003934101883498873,-0.1187508823099433,0.003934101883498873,-0.05086632382242838,123.2679829314266,139.31225361508743,143.9616269348532,164.63863235295582,1.1616621017456055
recorded_obs-0629-02,new_latest,86,5.994253,0.8379419256364874,current_image_start_state,19,,0.004357545418982217,-0.11277215085421693,0.004357545418982217,-0.05099977444260428,123.2373545705485,138.46062328968827,143.89770971778267,163.4870350548813,1.2389793395996094
recorded_obs-0629-02,new_latest,86,5.994253,0.8379419256364874,start_image_start_state,0,,0.002986925223935852,-0.10500949380175195,0.002986925223935852,-0.04289058837963365,123.31692086803533,137.44224441033543,144.10664346918713,163.49302696233445,1.3176078796386719
recorded_obs-0629-02,new_latest,86,5.994253,0.8379419256364874,start_image_start_state,1,,0.003480866501885702,-0.10881512762029551,0.003480866501885702,-0.04420680150403623,123.2809239506559,138.08943071199917,144.0326064776909,164.5937807231831,1.364158034324646
recorded_obs-0629-02,new_latest,86,5.994253,0.8379419256364874,start_image_start_state,2,,0.003181780006974535,-0.09520585540462849,0.003181780006974535,-0.03767744373174305,123.34331174991837,135.92941324495075,144.06439665888868,161.70443531811847,1.2094358205795288
recorded_obs-0629-02,new_latest,86,5.994253,0.8379419256364874,start_image_start_state,3,,0.002230185991569612,-0.11630099663067998,0.002230185991569612,-0.04806539149173974,123.45878002383722,139.07109219819216,144.20580854238307,165.04904417425283,1.3339499235153198
recorded_obs-0629-02,new_latest,86,5.994253,0.8379419256364874,start_image_start_state,4,,0.0029291984239901755,-0.1071210488819977,0.0029291984239901755,-0.043794454065263076,123.35585046898076,137.7342635994746,144.11338208097533,163.6159788509691,1.3072624206542969
recorded_obs-0629-02,new_latest,86,5.994253,0.8379419256364874,start_image_start_state,5,,0.001542958808506241,-0.09217476815579562,0.001542958808506241,-0.03649797318820162,123.58172721442419,135.49693929493776,144.30540096387435,161.61869928054182,1.247492790222168
recorded_obs-0629-02,new_latest,86,5.994253,0.8379419256364874,start_image_start_state,6,,0.00222530753514115,-0.11515613900874176,0.00222530753514115,-0.046696471004054614,123.47658912423536,138.8496954372566,144.20499600051141,164.55994081162007,1.3305082321166992
recorded_obs-0629-02,new_latest,86,5.994253,0.8379419256364874,start_image_start_state,7,,0.0009409466685751746,-0.10962903306911591,0.0009409466685751746,-0.048766012099672615,123.60266389027967,138.07310580785654,144.4023720202347,163.83866910911516,1.2842330932617188
recorded_obs-0629-02,new_latest,86,5.994253,0.8379419256364874,start_image_start_state,8,,0.0023479812909586815,-0.10941874702994618,0.0023479812909586815,-0.045028787142918504,123.42496674224222,138.0814663431136,144.1989149657721,163.98649479134974,1.3022929430007935
recorded_obs-0629-02,new_latest,86,5.994253,0.8379419256364874,start_image_start_state,9,,0.0006648057633216735,-0.11226912698086529,0.0020436000316641123,-0.04267189391936085,123.69662141185376,138.57849377431813,144.42932006436254,164.86548163854135,1.2726935148239136
recorded_obs-0629-02,new_latest,86,5.994253,0.8379419256364874,start_image_start_state,10,,0.0046849068824180995,-0.10702355146739485,0.0046849068824180995,-0.043485816898616,123.18318813459841,137.74316063063648,143.84067424858083,163.77405146502028,1.2555233240127563
recorded_obs-0629-02,new_latest,86,5.994253,0.8379419256364874,start_image_start_state,11,,0.00535923336928823,-0.11351464415124772,0.00535923336928823,-0.04757906815530868,123.13685511889176,138.7244244849532,143.72984188913208,164.6373118365202,1.296638011932373
recorded_obs-0629-02,new_latest,86,5.994253,0.8379419256364874,start_image_start_state,12,,0.002853352960874381,-0.10388417997402095,0.002853352960874381,-0.041274845013640975,123.41888903471941,137.14045872075874,144.10827638223134,162.9907272795968,1.2826799154281616
recorded_obs-0629-02,new_latest,86,5.994253,0.8379419256364874,start_image_start_state,13,,0.0023668816162668448,-0.10235260124814335,0.0023668816162668448,-0.03923341012094444,123.44499894343336,136.86805172705675,144.18477284610765,162.06727518143862,1.2190200090408325
recorded_obs-0629-02,new_latest,86,5.994253,0.8379419256364874,start_image_start_state,14,,0.0030820887458206624,-0.10914106118712914,0.0030820887458206624,-0.04459713027657271,123.35648573058344,138.00892487655446,144.08499110940954,163.99552272749764,1.284899353981018
recorded_obs-0629-02,new_latest,86,5.994253,0.8379419256364874,start_image_start_state,15,,0.005224213328070185,-0.10815104433335233,0.005224213328070185,-0.04576186275442255,123.10208029994868,137.82342802841453,143.76767531995182,163.49136211247983,1.2972135543823242
recorded_obs-0629-02,new_latest,86,5.994253,0.8379419256364874,start_image_start_state,16,,0.0018740535883401078,-0.10645004292426592,0.003468271103002693,-0.04393578759822013,123.49436009250547,137.57360985062218,144.26376930057762,163.57344112678652,1.2644898891448975
recorded_obs-0629-02,new_latest,86,5.994253,0.8379419256364874,start_image_start_state,17,,0.003376390730889329,-0.10439709007917228,0.003376390730889329,-0.04163143011740911,123.31736732057425,137.27005309956687,144.0415036470374,162.85925870141494,1.2321438789367676
recorded_obs-0629-02,new_latest,86,5.994253,0.8379419256364874,start_image_start_state,18,,0.0044900879103712925,-0.10533047000187931,0.0044900879103712925,-0.04303261644305107,123.16719871555398,137.4563521324799,143.87503273826474,163.4431870220325,1.2208161354064941
recorded_obs-0629-02,new_latest,86,5.994253,0.8379419256364874,start_image_start_state,19,,0.005204912439665636,-0.09935988300074416,0.005204912439665636,-0.04354168320055694,123.10810348790007,136.53506607189792,143.76930740873453,162.23230109805039,1.285038709640503
recorded_obs-0629-02,new_latest,101,7.002817,0.829137321283978,current_image_current_state,0,,0.5192395040820439,0.14620851719756528,0.5324926494469422,0.3349703037775384,46.14672821761797,101.32112411278331,79.1763216018933,130.88217432301104,1.8779126405715942
recorded_obs-0629-02,new_latest,101,7.002817,0.829137321283978,current_image_current_state,1,,0.478660761298567,0.15095861099118638,0.5028326032537028,0.3288670773161241,51.853913951701486,100.80820710714472,84.14440231056699,130.6844697373233,1.8041340112686157
recorded_obs-0629-02,new_latest,101,7.002817,0.829137321283978,current_image_current_state,2,,0.5339980026834188,0.16882928409431008,0.5552826178253611,0.3562754786689624,44.19470922924306,97.84280114342975,78.0546070985202,127.30678785380815,1.8958944082260132
recorded_obs-0629-02,new_latest,101,7.002817,0.829137321283978,current_image_current_state,3,,0.5329903582323684,0.13395499671368957,0.5581434364140401,0.3257722499725034,44.3027296400793,102.96598509550405,77.93180640088158,132.34842868342506,2.095684051513672
recorded_obs-0629-02,new_latest,101,7.002817,0.829137321283978,current_image_current_state,4,,0.5063024914645746,0.14819554211965194,0.5347341328756714,0.3317980872718738,48.0158218151291,100.9171456667922,80.95127496968587,130.3255220642213,1.944610834121704
recorded_obs-0629-02,new_latest,101,7.002817,0.829137321283978,current_image_current_state,5,,0.5273919125041522,0.18193159801846942,0.536735308363533,0.36276159221135756,45.03021959509199,96.04608935380494,78.54489311063409,125.895576749299,1.7719550132751465
recorded_obs-0629-02,new_latest,101,7.002817,0.829137321283978,current_image_current_state,6,,0.5405598098792502,0.1297495049064439,0.5405598098792502,0.3217554838681595,43.27824792560559,103.47412076480278,77.21738794427974,132.6250371238256,1.9940755367279053
recorded_obs-0629-02,new_latest,101,7.002817,0.829137321283978,current_image_current_state,7,,0.5284425741830446,0.1310233249881384,0.5420101622728024,0.31238758047988124,44.798885924249106,103.3615133548397,78.23033146932131,132.56092407368155,2.009786605834961
recorded_obs-0629-02,new_latest,101,7.002817,0.829137321283978,current_image_current_state,8,,0.5238352201794065,0.14751926541882693,0.5351396426156708,0.3292961697042214,45.59342055553045,101.08258416952505,79.15048637035443,130.48128640899287,1.9379602670669556
recorded_obs-0629-02,new_latest,101,7.002817,0.829137321283978,current_image_current_state,9,,0.536391981533621,0.1376258365494193,0.536391981533621,0.33013678045059314,43.88171705863031,102.662179429068,77.73391971391672,132.2426909943634,1.9411077499389648
recorded_obs-0629-02,new_latest,101,7.002817,0.829137321283978,current_image_current_state,10,,0.5121467544746195,0.148177839461093,0.5254480146061351,0.3324312113065702,47.10931857545705,101.09156639300193,80.19698716659755,130.67398624805745,1.8453494310379028
recorded_obs-0629-02,new_latest,101,7.002817,0.829137321283978,current_image_current_state,11,,0.5313847066913644,0.12593523354031708,0.5313847066913644,0.3189023645850852,44.525155664440526,104.3095548434019,78.10444592085783,133.6764574206297,1.9826146364212036
recorded_obs-0629-02,new_latest,101,7.002817,0.829137321283978,current_image_current_state,12,,0.5375179798617559,0.1494679824558738,0.5522150481086716,0.34000087922039607,43.86693502991398,100.540342530924,77.93162254136791,130.0238687659386,2.0003437995910645
recorded_obs-0629-02,new_latest,101,7.002817,0.829137321283978,current_image_current_state,13,,0.5271770167960103,0.16161187008813988,0.5480790796926414,0.3538935252389791,45.132872624037205,98.56290443739366,78.75576770890441,127.6588001116772,1.9069761037826538
recorded_obs-0629-02,new_latest,101,7.002817,0.829137321283978,current_image_current_state,14,,0.5172631516975477,0.1465721795286381,0.5318104466999289,0.32874251132455345,46.473989473663806,101.2167852597104,79.81549722570455,130.69324504825056,1.8937784433364868
recorded_obs-0629-02,new_latest,101,7.002817,0.829137321283978,current_image_current_state,15,,0.4954611870763988,0.1362298153743821,0.5250963182420206,0.3153242728895503,49.50814099173658,102.4837732335048,82.21217551896922,131.71594144260783,2.0199904441833496
recorded_obs-0629-02,new_latest,101,7.002817,0.829137321283978,current_image_current_state,16,,0.5143978249824859,0.14613183575433297,0.532805198600847,0.32329645325237216,46.8591253114356,101.09264771229117,79.72867983364527,130.60336620053775,1.8897972106933594
recorded_obs-0629-02,new_latest,101,7.002817,0.829137321283978,current_image_current_state,17,,0.5076929655946444,0.1487868032666886,0.52815359725916,0.33696218412250745,47.86968915691165,100.67130069002677,81.16599119566727,129.81783213987066,1.8665506839752197
recorded_obs-0629-02,new_latest,101,7.002817,0.829137321283978,current_image_current_state,18,,0.5385173675312079,0.1497540671659148,0.5385173675312079,0.33367956528919807,43.62298226563935,100.73870640372031,77.66337154940449,130.27132009151657,1.8558684587478638
recorded_obs-0629-02,new_latest,101,7.002817,0.829137321283978,current_image_current_state,19,,0.483186009001509,0.1579818462286962,0.5301621835620152,0.329202446337243,51.81106376154372,99.41384536825431,84.95430410808129,128.7155059031141,2.0435659885406494
recorded_obs-0629-02,new_latest,101,7.002817,0.829137321283978,start_image_current_state,0,,0.5509015669329268,0.22773403372311404,0.5669506096130968,0.4053589383660757,41.82445530258355,90.27919335268355,75.86891111552201,120.96211916530102,1.7611805200576782
recorded_obs-0629-02,new_latest,101,7.002817,0.829137321283978,start_image_current_state,1,,0.5195175675083423,0.23303389283622575,0.5409595468129841,0.3999607098991776,46.12821833321769,89.7445846569726,79.56202552499614,120.76630997623394,1.7025645971298218
recorded_obs-0629-02,new_latest,101,7.002817,0.829137321283978,start_image_current_state,2,,0.555990801703857,0.2493832090340307,0.5850788881560203,0.42504950270239367,41.218921315587714,86.88913039783743,75.77109238256376,117.50959810922011,1.7707182168960571
recorded_obs-0629-02,new_latest,101,7.002817,0.829137321283978,start_image_current_state,3,,0.5570574830147629,0.20770325002331355,0.5912127047562573,0.3902692243823571,41.03084009900471,93.02772255496485,75.44183679601424,123.49464335291061,1.991715431213379
recorded_obs-0629-02,new_latest,101,7.002817,0.829137321283978,start_image_current_state,4,,0.5365200954249097,0.22502041668299125,0.5722325720891195,0.399942427044256,43.859863061883665,90.54720311644876,77.67798508828902,121.05697023035817,1.876895785331726
recorded_obs-0629-02,new_latest,101,7.002817,0.829137321283978,start_image_current_state,5,,0.5535930011352669,0.2721018402510242,0.5723823309078861,0.43477193843285594,41.43087973265441,83.6681439236124,75.848896280878,114.7272664453441,1.6567573547363281
recorded_obs-0629-02,new_latest,101,7.002817,0.829137321283978,start_image_current_state,6,,0.5633023904331295,0.2029614991731516,0.5763714018083385,0.3865011486071786,40.1838183634519,93.61949481871733,74.84794992796624,123.86907485641167,1.8916219472885132
recorded_obs-0629-02,new_latest,101,7.002817,0.829137321283978,start_image_current_state,7,,0.5559626095360038,0.20771973193323082,0.572512912319285,0.3763288067431014,41.043399974532065,93.05471501352942,75.35960851762432,123.38638717362663,1.8863945007324219
recorded_obs-0629-02,new_latest,101,7.002817,0.829137321283978,start_image_current_state,8,,0.5489093240417744,0.2274288118733704,0.5735775900953943,0.3958644554734046,42.13910260778137,90.25475677901318,76.44136769105324,120.74617670061923,1.8613628149032593
recorded_obs-0629-02,new_latest,101,7.002817,0.829137321283978,start_image_current_state,9,,0.5595113802451335,0.21834070439957573,0.5595113802451335,0.40016796678089017,40.7373078432494,91.7895866737228,75.34745401892911,122.48523594700957,1.7125993967056274
recorded_obs-0629-02,new_latest,101,7.002817,0.829137321283978,start_image_current_state,10,,0.5465463681635163,0.23061679341568794,0.5615724752550252,0.4030818291069837,42.37739346314108,89.94712030110396,76.50389805820133,120.65709898219201,1.7131853103637695
recorded_obs-0629-02,new_latest,101,7.002817,0.829137321283978,start_image_current_state,11,,0.5567304292300156,0.19769046612114363,0.5567304292300156,0.3832492546778973,41.05656741813806,94.72234647338946,75.46414996879535,125.1805205680007,1.8303998708724976
recorded_obs-0629-02,new_latest,101,7.002817,0.829137321283978,start_image_current_state,12,,0.5571685619585042,0.22697623480504908,0.5884160279778565,0.40621891148150796,41.22076811283581,90.03196340052887,75.87127210967122,120.64156663199178,1.9525213241577148
recorded_obs-0629-02,new_latest,101,7.002817,0.829137321283978,start_image_current_state,13,,0.5542980684496684,0.23612633848732223,0.5772269772182546,0.4220005405552185,41.43670731511441,88.36861815184993,75.94621698338355,118.54584161177695,1.7707066535949707
recorded_obs-0629-02,new_latest,101,7.002817,0.829137321283978,start_image_current_state,14,,0.5480434580756386,0.22811326434476534,0.5666270390900644,0.3961519780346063,42.25541435435286,90.22992260324911,76.5191841230942,120.87286320742484,1.7996888160705566
recorded_obs-0629-02,new_latest,101,7.002817,0.829137321283978,start_image_current_state,15,,0.5346810376850123,0.20985361158269808,0.556747386436489,0.38084481282924815,44.06961906735711,92.56265900261434,77.924548121788,122.9067534870282,1.8561296463012695
recorded_obs-0629-02,new_latest,101,7.002817,0.829137321283978,start_image_current_state,16,,0.5457451896290686,0.22672660843443748,0.5725005840880809,0.390443311136807,42.53251343654509,90.10652079801423,76.39637032695646,120.74261783149878,1.7765519618988037
recorded_obs-0629-02,new_latest,101,7.002817,0.829137321283978,start_image_current_state,17,,0.540117651007234,0.2274302622062848,0.5632583855811351,0.40683385237551917,43.42410274171252,90.01768510773755,77.65405441726949,120.32852130374047,1.7476186752319336
recorded_obs-0629-02,new_latest,101,7.002817,0.829137321283978,start_image_current_state,18,,0.5614465962152723,0.2318594394919457,0.5664466950521378,0.40387413038804204,40.52652189775838,89.56723017508403,75.24751234772543,120.20473072855397,1.6881396770477295
recorded_obs-0629-02,new_latest,101,7.002817,0.829137321283978,start_image_current_state,19,,0.5171011747612683,0.23754798804978397,0.5609287800904829,0.3962397873244708,47.11483106436802,88.6412547126682,81.10969793855625,119.08996480873196,1.9072626829147339
recorded_obs-0629-02,new_latest,101,7.002817,0.829137321283978,current_image_start_state,0,,0.0027323824953513626,-0.12295024680381869,0.0027323824953513626,-0.05258928085202522,121.82806523299806,139.09081119631088,144.15732361812167,165.44025351323958,1.2788867950439453
recorded_obs-0629-02,new_latest,101,7.002817,0.829137321283978,current_image_start_state,1,,0.0036566651552371607,-0.12563541815401422,0.0036566651552371607,-0.053688411217386656,121.70994564540874,139.54737912292305,144.02400409234497,166.30229788085913,1.3209375143051147
recorded_obs-0629-02,new_latest,101,7.002817,0.829137321283978,current_image_start_state,2,,0.0036737819525647472,-0.11260843920264767,0.0036737819525647472,-0.048099462108197814,121.73134523733655,137.50003927573155,144.00729136625918,163.59463468370055,1.1494759321212769
recorded_obs-0629-02,new_latest,101,7.002817,0.829137321283978,current_image_start_state,3,,0.0024076996206572,-0.13159390657524334,0.0024076996206572,-0.05687203114157104,121.9229420689038,140.3207137172038,144.19069484000437,166.62489767394302,1.2839597463607788
recorded_obs-0629-02,new_latest,101,7.002817,0.829137321283978,current_image_start_state,4,,0.0031683208312041126,-0.12379947535717616,0.0031683208312041126,-0.053161426589604245,121.7826991106115,139.19611985597462,144.09447345438625,165.38489175654146,1.2567481994628906
recorded_obs-0629-02,new_latest,101,7.002817,0.829137321283978,current_image_start_state,5,,0.002303280983906302,-0.11104960047192737,0.002303280983906302,-0.04687204229784665,121.93844821952918,137.2691146729761,144.21024371860665,163.68869871968462,1.194075345993042
recorded_obs-0629-02,new_latest,101,7.002817,0.829137321283978,current_image_start_state,6,,0.0025739826341165646,-0.1321499361961523,0.0025739826341165646,-0.05587988977623847,121.91113784031732,140.38909352357604,144.1669126668981,166.48285004170745,1.3139482736587524
recorded_obs-0629-02,new_latest,101,7.002817,0.829137321283978,current_image_start_state,7,,0.0016911141061601183,-0.12510499987385593,0.0016911141061601183,-0.05706637573654683,121.9633019662474,139.35942869508372,144.30942174000532,165.454846294892,1.2365646362304688
recorded_obs-0629-02,new_latest,101,7.002817,0.829137321283978,current_image_start_state,8,,0.0026168858402018237,-0.12615269201151497,0.0026168858402018237,-0.05411491131855558,121.84659880333699,139.5636760867339,144.17575763467013,165.7681013711838,1.2661200761795044
recorded_obs-0629-02,new_latest,101,7.002817,0.829137321283978,current_image_start_state,9,,0.0014125438628522595,-0.12919440263687035,0.0014125438628522595,-0.05217723857907236,122.05894108088786,140.07213053947245,144.33686376765837,166.62779254987495,1.2412970066070557
recorded_obs-0629-02,new_latest,101,7.002817,0.829137321283978,current_image_start_state,10,,0.0040173227069095745,-0.12425479306925608,0.0040173227069095745,-0.052842813969039504,121.7313457493234,139.30285770753363,143.95310804762022,165.6192759531188,1.2106223106384277
recorded_obs-0629-02,new_latest,101,7.002817,0.829137321283978,current_image_start_state,11,,0.005539831729488855,-0.12850450454582724,0.005539831729488855,-0.056315932970843786,121.56646719956446,139.95998430806713,143.7191835317096,166.17549056148937,1.2525579929351807
recorded_obs-0629-02,new_latest,101,7.002817,0.829137321283978,current_image_start_state,12,,0.003401289908764085,-0.12119842783374131,0.003401289908764085,-0.05109881695507974,121.80514178093608,138.69119836627567,144.04583007160292,164.89911303852415,1.2403684854507446
recorded_obs-0629-02,new_latest,101,7.002817,0.829137321283978,current_image_start_state,13,,0.0021930524729055776,-0.120174682621889,0.0021930524729055776,-0.04947907346467961,121.93669812816638,138.50114356200805,144.22459114373564,164.15680904222947,1.2191576957702637
recorded_obs-0629-02,new_latest,101,7.002817,0.829137321283978,current_image_start_state,14,,0.0031226073184081006,-0.12596768702951533,0.0031226073184081006,-0.05376110019306033,121.80862070637419,139.49509719409713,144.09627274639234,165.787130621261,1.246692419052124
recorded_obs-0629-02,new_latest,101,7.002817,0.829137321283978,current_image_start_state,15,,0.0056130647092654685,-0.1239240510447973,0.0056130647092654685,-0.054852120839160134,121.50886584381077,139.16518823705886,143.72513597633758,165.18828713776156,1.244361162185669
recorded_obs-0629-02,new_latest,101,7.002817,0.829137321283978,current_image_start_state,16,,0.0015818288677353822,-0.1236641036264976,0.002480495203321928,-0.05313688622160135,122.02562593568217,139.1136900422446,144.3157888599577,165.47453033079253,1.2124005556106567
recorded_obs-0629-02,new_latest,101,7.002817,0.829137321283978,current_image_start_state,17,,0.0026559329515631743,-0.12213233824976034,0.0026559329515631743,-0.051127298356871735,121.87988159467707,138.91576088472004,144.16215789408912,164.84328484852406,1.1956491470336914
recorded_obs-0629-02,new_latest,101,7.002817,0.829137321283978,current_image_start_state,18,,0.004712157224986486,-0.12251711271954922,0.004712157224986486,-0.0525355510366442,121.58694225673587,138.97053017400145,143.86258373150767,165.28448407891466,1.182897686958313
recorded_obs-0629-02,new_latest,101,7.002817,0.829137321283978,current_image_start_state,19,,0.00541895842643648,-0.11587744428505474,0.00541895842643648,-0.05263684685171805,121.49887903447814,137.98963332079853,143.7574650229815,164.0222576002059,1.2425191402435303
recorded_obs-0629-02,new_latest,101,7.002817,0.829137321283978,start_image_start_state,0,,0.002986925223935852,-0.10500949380175195,0.002986925223935852,-0.04289058837963365,121.79672934409953,136.60518496104768,144.10664346918713,163.49302696233445,1.3176078796386719
recorded_obs-0629-02,new_latest,101,7.002817,0.829137321283978,start_image_start_state,1,,0.003480866501885702,-0.10881512762029551,0.003480866501885702,-0.04420680150403623,121.74414574292892,137.2915132549381,144.0326064776909,164.5937807231831,1.364158034324646
recorded_obs-0629-02,new_latest,101,7.002817,0.829137321283978,start_image_start_state,2,,0.003181780006974535,-0.09520585540462849,0.003181780006974535,-0.03767744373174305,121.81002569115057,135.05350936851605,144.06439665888868,161.70443531811847,1.2094358205795288
recorded_obs-0629-02,new_latest,101,7.002817,0.829137321283978,start_image_start_state,3,,0.002230185991569612,-0.11630099663067998,0.002230185991569612,-0.04806539149173974,121.93482086201602,138.22651705424485,144.20580854238307,165.04904417425283,1.3339499235153198
recorded_obs-0629-02,new_latest,101,7.002817,0.829137321283978,start_image_start_state,4,,0.0029291984239901755,-0.1071210488819977,0.0029291984239901755,-0.043794454065263076,121.8245790789419,136.88458081311967,144.11338208097533,163.6159788509691,1.3072624206542969
recorded_obs-0629-02,new_latest,101,7.002817,0.829137321283978,start_image_start_state,5,,0.001542958808506241,-0.09217476815579562,0.001542958808506241,-0.03649797318820162,122.04473709326673,134.64393033975364,144.30540096387435,161.61869928054182,1.247492790222168
recorded_obs-0629-02,new_latest,101,7.002817,0.829137321283978,start_image_start_state,6,,0.00222530753514115,-0.11515613900874176,0.00222530753514115,-0.046696471004054614,121.95080284927816,137.98468917431637,144.20499600051141,164.55994081162007,1.3305082321166992
recorded_obs-0629-02,new_latest,101,7.002817,0.829137321283978,start_image_start_state,7,,0.0009409466685751746,-0.10962903306911591,0.0009409466685751746,-0.048766012099672615,122.07525296348504,137.21328698442235,144.4023720202347,163.83866910911516,1.2842330932617188
recorded_obs-0629-02,new_latest,101,7.002817,0.829137321283978,start_image_start_state,8,,0.0023479812909586815,-0.10941874702994618,0.0023479812909586815,-0.045028787142918504,121.89642671009263,137.23846830170245,144.1989149657721,163.98649479134974,1.3022929430007935
recorded_obs-0629-02,new_latest,101,7.002817,0.829137321283978,start_image_start_state,9,,0.0006648057633216735,-0.11226912698086529,0.0020436000316641123,-0.04267189391936085,122.17041981098396,137.7741484384906,144.42932006436254,164.86548163854135,1.2726935148239136
recorded_obs-0629-02,new_latest,101,7.002817,0.829137321283978,start_image_start_state,10,,0.0046849068824180995,-0.10702355146739485,0.0046849068824180995,-0.043485816898616,121.64503958655112,136.9077623494641,143.84067424858083,163.77405146502028,1.2555233240127563
recorded_obs-0629-02,new_latest,101,7.002817,0.829137321283978,start_image_start_state,11,,0.00535923336928823,-0.11351464415124772,0.00535923336928823,-0.04757906815530868,121.59869900895521,137.88804055638232,143.72984188913208,164.6373118365202,1.296638011932373
recorded_obs-0629-02,new_latest,101,7.002817,0.829137321283978,start_image_start_state,12,,0.002853352960874381,-0.10388417997402095,0.002853352960874381,-0.041274845013640975,121.89278924387186,136.26114064968758,144.10827638223134,162.9907272795968,1.2826799154281616
recorded_obs-0629-02,new_latest,101,7.002817,0.829137321283978,start_image_start_state,13,,0.0023668816162668448,-0.10235260124814335,0.0023668816162668448,-0.03923341012094444,121.91252955625082,135.92601861488706,144.18477284610765,162.06727518143862,1.2190200090408325
recorded_obs-0629-02,new_latest,101,7.002817,0.829137321283978,start_image_start_state,14,,0.0030820887458206624,-0.10914106118712914,0.0030820887458206624,-0.04459713027657271,121.82492260238494,137.16685557875655,144.08499110940954,163.99552272749764,1.284899353981018
recorded_obs-0629-02,new_latest,101,7.002817,0.829137321283978,start_image_start_state,15,,0.005224213328070185,-0.10815104433335233,0.005224213328070185,-0.04576186275442255,121.56218484270623,136.9451261887146,143.76767531995182,163.49136211247983,1.2972135543823242
recorded_obs-0629-02,new_latest,101,7.002817,0.829137321283978,start_image_start_state,16,,0.0018740535883401078,-0.10645004292426592,0.003468271103002693,-0.04393578759822013,121.96922321831511,136.71542578307466,144.26376930057762,163.57344112678652,1.2644898891448975
recorded_obs-0629-02,new_latest,101,7.002817,0.829137321283978,start_image_start_state,17,,0.003376390730889329,-0.10439709007917228,0.003376390730889329,-0.04163143011740911,121.7868663699255,136.38536885031073,144.0415036470374,162.85925870141494,1.2321438789367676
recorded_obs-0629-02,new_latest,101,7.002817,0.829137321283978,start_image_start_state,18,,0.0044900879103712925,-0.10533047000187931,0.0044900879103712925,-0.04303261644305107,121.64328060171385,136.60689622231462,143.87503273826474,163.4431870220325,1.2208161354064941
recorded_obs-0629-02,new_latest,101,7.002817,0.829137321283978,start_image_start_state,19,,0.005204912439665636,-0.09935988300074416,0.005204912439665636,-0.04354168320055694,121.564222937286,135.65744728896792,143.76930740873453,162.23230109805039,1.285038709640503
recorded_obs-0629-02,new_latest,103,7.138159,0.8364970751014296,current_image_current_state,0,,0.5218555682177539,0.14724086014618387,0.5351540629833103,0.33641516857028986,46.78646632231819,102.1715839526558,78.88249503957216,130.76233487873435,1.8764969110488892
recorded_obs-0629-02,new_latest,103,7.138159,0.8364970751014296,current_image_current_state,1,,0.4805184999672059,0.15236260157894924,0.5052969217388812,0.3305668443580137,52.62245821550466,101.61700380064262,83.96182064570539,130.54034525661692,1.8141015768051147
recorded_obs-0629-02,new_latest,103,7.138159,0.8364970751014296,current_image_current_state,2,,0.5372036167895431,0.17081009996913601,0.5580773968300383,0.3584676916365846,44.752878324132666,98.56989054103984,77.72511135443735,127.08842479519275,1.8981773853302002
recorded_obs-0629-02,new_latest,103,7.138159,0.8364970751014296,current_image_current_state,3,,0.536457490744814,0.13516611234030412,0.5619136614968716,0.3272690516198808,44.81475524189943,103.79825286590268,77.53173750209449,132.2171319205851,2.105431318283081
recorded_obs-0629-02,new_latest,103,7.138159,0.8364970751014296,current_image_current_state,4,,0.5089929706765145,0.14957724354110882,0.5378084817253399,0.3334831805544071,48.66317564697652,101.72142366875657,80.66395240800385,130.17813226171805,1.953315258026123
recorded_obs-0629-02,new_latest,103,7.138159,0.8364970751014296,current_image_current_state,5,,0.5310036763947279,0.18442450579698516,0.539670048868049,0.3646984305650275,45.50787935493798,96.69526857758049,78.10995839452937,125.60612849374213,1.7743172645568848
recorded_obs-0629-02,new_latest,103,7.138159,0.8364970751014296,current_image_current_state,6,,0.5438598505541034,0.13149835446136657,0.5438598505541034,0.3237142993067696,43.81023777613172,104.23981716915712,76.82702911949004,132.41909804861507,2.0014448165893555
recorded_obs-0629-02,new_latest,103,7.138159,0.8364970751014296,current_image_current_state,7,,0.5318985446336609,0.13368197142798294,0.5450213375326404,0.3141910039947953,45.33328729158711,104.00896440402649,77.84267442441514,132.265078706716,2.0108842849731445
recorded_obs-0629-02,new_latest,103,7.138159,0.8364970751014296,current_image_current_state,8,,0.5262764898191172,0.1492923239337255,0.5381091170198117,0.33118977078237477,46.26292386926059,101.83620195553293,78.8853813058121,130.2762762148398,1.9442784786224365
recorded_obs-0629-02,new_latest,103,7.138159,0.8364970751014296,current_image_current_state,9,,0.5396827304602481,0.13939738983575187,0.5396827304602481,0.3319550825673384,44.418995455515855,103.41223685091835,77.37043475727516,132.03187925403606,1.9519680738449097
recorded_obs-0629-02,new_latest,103,7.138159,0.8364970751014296,current_image_current_state,10,,0.5139125562309983,0.15015499254496426,0.5283699397314456,0.3339608751894223,47.88833019880059,101.8188513044035,80.02404940554577,130.45148043380337,1.8565047979354858
recorded_obs-0629-02,new_latest,103,7.138159,0.8364970751014296,current_image_current_state,11,,0.5346265703508795,0.12714840077203046,0.5346265703508795,0.32043784220706395,45.08600215987927,105.13067848850598,77.75802170292403,133.53478194556394,2.0009469985961914
recorded_obs-0629-02,new_latest,103,7.138159,0.8364970751014296,current_image_current_state,12,,0.5408963161768534,0.15178403136941115,0.555531120289592,0.34205717605174035,44.403579397575626,101.20890739987615,77.60066303350209,129.74252383629795,2.0130748748779297
recorded_obs-0629-02,new_latest,103,7.138159,0.8364970751014296,current_image_current_state,13,,0.5306651272506593,0.16322094613410015,0.5512757457920289,0.356017362426385,45.673594842953264,99.33955505834207,78.37005370051283,127.46808298003293,1.9176592826843262
recorded_obs-0629-02,new_latest,103,7.138159,0.8364970751014296,current_image_current_state,14,,0.5199438757608078,0.14793643467009224,0.5341180912483291,0.3303797521441546,47.086617416087236,102.0185707779999,79.50267464215466,130.54155978892703,1.9052375555038452
recorded_obs-0629-02,new_latest,103,7.138159,0.8364970751014296,current_image_current_state,15,,0.4970851564047006,0.1379602799114509,0.5291407796641422,0.3170409860506928,50.30897791763288,103.26129135108992,82.06060911426886,131.53570957236542,2.0430164337158203
recorded_obs-0629-02,new_latest,103,7.138159,0.8364970751014296,current_image_current_state,16,,0.517066259769044,0.14769487436415815,0.5350039641922448,0.3250281353550745,47.49172043786029,101.90117104767624,79.42412505491484,130.4576357945061,1.8932663202285767
recorded_obs-0629-02,new_latest,103,7.138159,0.8364970751014296,current_image_current_state,17,,0.5099257069639495,0.15066134266623551,0.5311895620756225,0.33886998881088454,48.58455143209701,101.41609854529439,80.96387978479281,129.60303231278175,1.878575325012207
recorded_obs-0629-02,new_latest,103,7.138159,0.8364970751014296,current_image_current_state,18,,0.5418017477736242,0.15189830527334452,0.5418017477736242,0.33531085915181263,44.16047634559914,101.43907836764988,77.29480498816046,130.01278745682288,1.8657197952270508
recorded_obs-0629-02,new_latest,103,7.138159,0.8364970751014296,current_image_current_state,19,,0.48483958243475567,0.15961294916071814,0.5332570751383986,0.3308021728482048,52.580090058632294,100.18860126907616,84.79333861098796,128.5461148871254,2.054168939590454
recorded_obs-0629-02,new_latest,103,7.138159,0.8364970751014296,start_image_current_state,0,,0.5564156813616226,0.2356197350792402,0.574272783722162,0.4136779529561574,42.02427377847002,90.11827127862577,75.1888766512666,119.8898687032347,1.7703707218170166
recorded_obs-0629-02,new_latest,103,7.138159,0.8364970751014296,start_image_current_state,1,,0.5252707181812956,0.2412860791275174,0.5479128168048432,0.4085387333145134,46.322948076388975,89.50036113814306,78.86029595302783,119.60009146941812,1.7140246629714966
recorded_obs-0629-02,new_latest,103,7.138159,0.8364970751014296,start_image_current_state,2,,0.5620931689143677,0.2572126800109935,0.5919849705341427,0.43360231113528735,41.33996103051987,86.7433914720329,75.0535165194208,116.44254682923328,1.7630952596664429
recorded_obs-0629-02,new_latest,103,7.138159,0.8364970751014296,start_image_current_state,3,,0.5618843393715952,0.21536154725969084,0.5984086947898116,0.39818058080880114,41.324178274099275,92.89740316840634,74.86001987845506,122.43187231956392,1.9988116025924683
recorded_obs-0629-02,new_latest,103,7.138159,0.8364970751014296,start_image_current_state,4,,0.5430449685749709,0.23269165990149365,0.5788107221339164,0.40815844306262644,43.9434425306223,90.41424007255826,76.91735275416255,120.00866325613796,1.8799947500228882
recorded_obs-0629-02,new_latest,103,7.138159,0.8364970751014296,start_image_current_state,5,,0.5596730600846799,0.27982793748910934,0.5790171616933056,0.44320336137361116,41.57277820447947,83.51885961567227,75.13602726980444,113.67421086355242,1.6531572341918945
recorded_obs-0629-02,new_latest,103,7.138159,0.8364970751014296,start_image_current_state,6,,0.5690723996538428,0.2099151279048829,0.5831931374386362,0.39469816904249305,40.35790465708625,93.57546714185105,74.17946076460241,122.88642247995001,1.9052841663360596
recorded_obs-0629-02,new_latest,103,7.138159,0.8364970751014296,start_image_current_state,7,,0.5620941953302261,0.21508091033438026,0.5787072767873842,0.38453431094042745,41.16370726768426,92.94718496041853,74.654792339483,122.33381385833954,1.887566328048706
recorded_obs-0629-02,new_latest,103,7.138159,0.8364970751014296,start_image_current_state,8,,0.55469012188079,0.23497023124741204,0.580804237646745,0.4042471051311988,42.31401346633097,90.13499847780642,75.75877732222132,119.69326501693172,1.8656749725341797
recorded_obs-0629-02,new_latest,103,7.138159,0.8364970751014296,start_image_current_state,9,,0.5655948093494895,0.22639368534175908,0.5655948093494895,0.408863490158772,40.84846282657442,91.60043264235583,74.6156275108984,121.36716678184386,1.7115272283554077
recorded_obs-0629-02,new_latest,103,7.138159,0.8364970751014296,start_image_current_state,10,,0.551903094440006,0.23873699956629632,0.5678890615372356,0.4116138693644765,42.61597395926435,89.7364535788189,75.87201528168056,119.54067711818524,1.706194519996643
recorded_obs-0629-02,new_latest,103,7.138159,0.8364970751014296,start_image_current_state,11,,0.5633531945724793,0.20475525914580178,0.5633531945724793,0.39134097408201773,41.12590465559522,94.67317140288925,74.71381021634672,124.19310743229515,1.8350801467895508
recorded_obs-0629-02,new_latest,103,7.138159,0.8364970751014296,start_image_current_state,12,,0.5637819713525107,0.23402716098210166,0.595496268285952,0.41431005100979906,41.28259993198522,89.98838075076934,75.11622335278486,119.67513663758994,1.9542012214660645
recorded_obs-0629-02,new_latest,103,7.138159,0.8364970751014296,start_image_current_state,13,,0.559663795532994,0.2432673657897395,0.5839932151595809,0.4302071235617567,41.670787801217195,88.31966318704534,75.32312768943316,117.57136824110408,1.7764314413070679
recorded_obs-0629-02,new_latest,103,7.138159,0.8364970751014296,start_image_current_state,14,,0.554115219354769,0.23599113032124533,0.5732901070900093,0.40453624755239215,42.39427916414764,90.05051385792196,75.79860909148643,119.77748644542932,1.8063631057739258
recorded_obs-0629-02,new_latest,103,7.138159,0.8364970751014296,start_image_current_state,15,,0.5398103922599343,0.21677793500425557,0.5632784884775784,0.3890514758757761,44.34417490558756,92.52694915659369,77.31517052410803,121.9259183919805,1.8594062328338623
recorded_obs-0629-02,new_latest,103,7.138159,0.8364970751014296,start_image_current_state,16,,0.5514300933241661,0.23403478784418133,0.57867995478922,0.3986879323921644,42.71079943586097,90.02524114170886,75.70050884339418,119.74320306147314,1.7798629999160767
recorded_obs-0629-02,new_latest,103,7.138159,0.8364970751014296,start_image_current_state,17,,0.5461405357809227,0.23433703973162082,0.5706861151356258,0.41523178713388775,43.56301158673845,90.00103886292841,76.96147063930367,119.37452749841563,1.7460652589797974
recorded_obs-0629-02,new_latest,103,7.138159,0.8364970751014296,start_image_current_state,18,,0.5670063467384635,0.23945220092080588,0.5732682963980014,0.41251911305455885,40.74753924867796,89.4338417825733,74.6416544249439,119.14675403446176,1.6893459558486938
recorded_obs-0629-02,new_latest,103,7.138159,0.8364970751014296,start_image_current_state,19,,0.5225824371417122,0.24493377403183703,0.5668971677413556,0.40467490733762357,47.35358724518497,88.53732765622021,80.48028101696904,118.05232240256674,1.9109712839126587
recorded_obs-0629-02,new_latest,103,7.138159,0.8364970751014296,current_image_start_state,0,,0.002602335832489864,-0.1204905949725056,0.002602335832489864,-0.05156031745487656,122.88799527199554,139.8028615672813,144.1849372521302,165.25786743035238,1.279468059539795
recorded_obs-0629-02,new_latest,103,7.138159,0.8364970751014296,current_image_start_state,1,,0.0035490683524254368,-0.12399697227569881,0.0035490683524254368,-0.05275481328093421,122.77003037163591,140.37622312078517,144.04735787236868,166.22531725665695,1.3288358449935913
recorded_obs-0629-02,new_latest,103,7.138159,0.8364970751014296,current_image_start_state,2,,0.0035269201149012138,-0.1104399283454533,0.0035269201149012138,-0.046956358197861106,122.78656986339286,138.23777388275377,144.03844724615055,163.43767306068634,1.1628798246383667
recorded_obs-0629-02,new_latest,103,7.138159,0.8364970751014296,current_image_start_state,3,,0.002569583506265186,-0.12948971842679757,0.002569583506265186,-0.055940643519744176,122.92957022985294,141.0857105467653,144.17822185680333,166.495651430738,1.2882027626037598
recorded_obs-0629-02,new_latest,103,7.138159,0.8364970751014296,current_image_start_state,4,,0.0027022664379748127,-0.12184680934397991,0.0027022664379748127,-0.05211641156082542,122.89099924903614,139.97425823166023,144.16917001818186,165.25990207672325,1.2573174238204956
recorded_obs-0629-02,new_latest,103,7.138159,0.8364970751014296,current_image_start_state,5,,0.0016872590514969731,-0.1090527633133634,0.0016872590514969731,-0.04581843903813074,123.05713758827024,138.04157802775353,144.30928618174786,163.55337635617826,1.2028131484985352
recorded_obs-0629-02,new_latest,103,7.138159,0.8364970751014296,current_image_start_state,6,,0.0023539350476117567,-0.13011672617202408,0.0023539350476117567,-0.0548660842832628,122.97142439522075,141.1455515688006,144.20905560184812,166.34137932142912,1.3149491548538208
recorded_obs-0629-02,new_latest,103,7.138159,0.8364970751014296,current_image_start_state,7,,0.0019103986000565266,-0.12332403627165034,0.0019103986000565266,-0.056246601802305646,122.97211079497737,140.14999484237546,144.28678942522885,165.34267962836162,1.2434320449829102
recorded_obs-0629-02,new_latest,103,7.138159,0.8364970751014296,current_image_start_state,8,,0.003151970300868131,-0.12388194699665729,0.003151970300868131,-0.05316325537596289,122.80102397871447,140.29055095748518,144.11065107342333,165.60350538857634,1.2762484550476074
recorded_obs-0629-02,new_latest,103,7.138159,0.8364970751014296,current_image_start_state,9,,0.0012383925462928539,-0.12742762076863814,0.0012383925462928539,-0.051183771919580574,123.1139156000319,140.8971598712539,144.37241442724195,166.5502723291616,1.2530299425125122
recorded_obs-0629-02,new_latest,103,7.138159,0.8364970751014296,current_image_start_state,10,,0.0038786230545075125,-0.12213540961735199,0.0038786230545075125,-0.05176784780402595,122.77723731323454,140.04808190311226,143.98417787662487,165.47245511334506,1.2115765810012817
recorded_obs-0629-02,new_latest,103,7.138159,0.8364970751014296,current_image_start_state,11,,0.005354293451351388,-0.12686452963986677,0.005354293451351388,-0.0553580915267206,122.63472189300595,140.77670253436162,143.753403806623,166.10122103848187,1.2690982818603516
recorded_obs-0629-02,new_latest,103,7.138159,0.8364970751014296,current_image_start_state,12,,0.0028849203293267564,-0.11929716547813805,0.0028849203293267564,-0.05007955797845187,122.92034013344352,139.4685994994905,144.1284767445173,164.78054344192435,1.2434442043304443
recorded_obs-0629-02,new_latest,103,7.138159,0.8364970751014296,current_image_start_state,13,,0.002349096568715875,-0.11823357398563511,0.002349096568715875,-0.04835342809563144,122.9452412064629,139.2553018360077,144.21210902991666,164.00300816394358,1.2093305587768555
recorded_obs-0629-02,new_latest,103,7.138159,0.8364970751014296,current_image_start_state,14,,0.003072096918597062,-0.1238936622628299,0.003072096918597062,-0.0527783674172329,122.85627720840176,140.25105483287197,144.1116417422956,165.6487164886407,1.250805377960205
recorded_obs-0629-02,new_latest,103,7.138159,0.8364970751014296,current_image_start_state,15,,0.00583915730926235,-0.12257007712146369,0.00583915730926235,-0.053828982237817284,122.5101232320049,140.01208066783798,143.7038212927191,165.12307955167404,1.2592967748641968
recorded_obs-0629-02,new_latest,103,7.138159,0.8364970751014296,current_image_start_state,16,,0.0018264139123291287,-0.12203359226515159,0.0024525550018828393,-0.05218683702047136,123.02503687787353,139.93728026377272,144.29197963267774,165.40152578127385,1.223196029663086
recorded_obs-0629-02,new_latest,103,7.138159,0.8364970751014296,current_image_start_state,17,,0.002899190851641853,-0.11989020207087456,0.002899190851641853,-0.050136071254177204,122.87739887879017,139.6308446690426,144.1369528277703,164.66786529341826,1.211054801940918
recorded_obs-0629-02,new_latest,103,7.138159,0.8364970751014296,current_image_start_state,18,,0.0047678440989206245,-0.12104897378327942,0.0047678440989206245,-0.051582750576777345,122.61594988757508,139.8208647330054,143.8639470460611,165.23830584651844,1.1935298442840576
recorded_obs-0629-02,new_latest,103,7.138159,0.8364970751014296,current_image_start_state,19,,0.005116408275941197,-0.11433245835738805,0.005116408275941197,-0.05157394818553126,122.58499803071278,138.8083580530497,143.8107509346119,163.94682016243064,1.245351791381836
recorded_obs-0629-02,new_latest,103,7.138159,0.8364970751014296,start_image_start_state,0,,0.002986925223935852,-0.10500949380175195,0.002986925223935852,-0.04289058837963365,122.87704444503352,137.6385713921055,144.10664346918713,163.49302696233445,1.3176078796386719
recorded_obs-0629-02,new_latest,103,7.138159,0.8364970751014296,start_image_start_state,1,,0.003480866501885702,-0.10881512762029551,0.003480866501885702,-0.04420680150403623,122.82368223182254,138.32384035902962,144.0326064776909,164.5937807231831,1.364158034324646
recorded_obs-0629-02,new_latest,103,7.138159,0.8364970751014296,start_image_start_state,2,,0.003181780006974535,-0.09520585540462849,0.003181780006974535,-0.03767744373174305,122.89132630765839,136.09042399755435,144.06439665888868,161.70443531811847,1.2094358205795288
recorded_obs-0629-02,new_latest,103,7.138159,0.8364970751014296,start_image_start_state,3,,0.002230185991569612,-0.11630099663067998,0.002230185991569612,-0.04806539149173974,123.01529447343411,139.26062564201658,144.20580854238307,165.04904417425283,1.3339499235153198
recorded_obs-0629-02,new_latest,103,7.138159,0.8364970751014296,start_image_start_state,4,,0.0029291984239901755,-0.1071210488819977,0.0029291984239901755,-0.043794454065263076,122.90474262926648,137.91794698178052,144.11338208097533,163.6159788509691,1.3072624206542969
recorded_obs-0629-02,new_latest,103,7.138159,0.8364970751014296,start_image_start_state,5,,0.001542958808506241,-0.09217476815579562,0.001542958808506241,-0.03649797318820162,123.12379981555385,135.68055080802614,144.30540096387435,161.61869928054182,1.247492790222168
recorded_obs-0629-02,new_latest,103,7.138159,0.8364970751014296,start_image_start_state,6,,0.00222530753514115,-0.11515613900874176,0.00222530753514115,-0.046696471004054614,123.02979386316927,139.01535667042546,144.20499600051141,164.55994081162007,1.3305082321166992
recorded_obs-0629-02,new_latest,103,7.138159,0.8364970751014296,start_image_start_state,7,,0.0009409466685751746,-0.10962903306911591,0.0009409466685751746,-0.048766012099672615,123.15595012446516,138.2466683474405,144.4023720202347,163.83866910911516,1.2842330932617188
recorded_obs-0629-02,new_latest,103,7.138159,0.8364970751014296,start_image_start_state,8,,0.0023479812909586815,-0.10941874702994618,0.0023479812909586815,-0.045028787142918504,122.97712466954185,138.26955840134735,144.1989149657721,163.98649479134974,1.3022929430007935
recorded_obs-0629-02,new_latest,103,7.138159,0.8364970751014296,start_image_start_state,9,,0.0006648057633216735,-0.11226912698086529,0.0020436000316641123,-0.04267189391936085,123.24956505134288,138.80533551143554,144.42932006436254,164.86548163854135,1.2726935148239136
recorded_obs-0629-02,new_latest,103,7.138159,0.8364970751014296,start_image_start_state,10,,0.0046849068824180995,-0.10702355146739485,0.0046849068824180995,-0.043485816898616,122.72568181118356,137.94006892145245,143.84067424858083,163.77405146502028,1.2555233240127563
recorded_obs-0629-02,new_latest,103,7.138159,0.8364970751014296,start_image_start_state,11,,0.00535923336928823,-0.11351464415124772,0.00535923336928823,-0.04757906815530868,122.67909546432921,138.91961520916655,143.72984188913208,164.6373118365202,1.296638011932373
recorded_obs-0629-02,new_latest,103,7.138159,0.8364970751014296,start_image_start_state,12,,0.002853352960874381,-0.10388417997402095,0.002853352960874381,-0.041274845013640975,122.9718948271158,137.2995379500191,144.10827638223134,162.9907272795968,1.2826799154281616
recorded_obs-0629-02,new_latest,103,7.138159,0.8364970751014296,start_image_start_state,13,,0.0023668816162668448,-0.10235260124814335,0.0023668816162668448,-0.03923341012094444,122.99205982268934,136.9663019942744,144.18477284610765,162.06727518143862,1.2190200090408325
recorded_obs-0629-02,new_latest,103,7.138159,0.8364970751014296,start_image_start_state,14,,0.0030820887458206624,-0.10914106118712914,0.0030820887458206624,-0.04459713027657271,122.90500374516837,138.19997307567414,144.08499110940954,163.99552272749764,1.284899353981018
recorded_obs-0629-02,new_latest,103,7.138159,0.8364970751014296,start_image_start_state,15,,0.005224213328070185,-0.10815104433335233,0.005224213328070185,-0.04576186275442255,122.64210757926666,137.97956125488636,143.76767531995182,163.49136211247983,1.2972135543823242
recorded_obs-0629-02,new_latest,103,7.138159,0.8364970751014296,start_image_start_state,16,,0.0018740535883401078,-0.10645004292426592,0.003468271103002693,-0.04393578759822013,123.04956512596253,137.75161001396992,144.26376930057762,163.57344112678652,1.2644898891448975
recorded_obs-0629-02,new_latest,103,7.138159,0.8364970751014296,start_image_start_state,17,,0.003376390730889329,-0.10439709007917228,0.003376390730889329,-0.04163143011740911,122.86608086181243,137.4205753722355,144.0415036470374,162.85925870141494,1.2321438789367676
recorded_obs-0629-02,new_latest,103,7.138159,0.8364970751014296,start_image_start_state,18,,0.0044900879103712925,-0.10533047000187931,0.0044900879103712925,-0.04303261644305107,122.72324821291265,137.6425302936972,143.87503273826474,163.4431870220325,1.2208161354064941
recorded_obs-0629-02,new_latest,103,7.138159,0.8364970751014296,start_image_start_state,19,,0.005204912439665636,-0.09935988300074416,0.005204912439665636,-0.04354168320055694,122.64749461695396,136.6932741101631,143.76930740873453,162.23230109805039,1.285038709640503
recorded_obs-0629-02,new_latest,118,8.145625,0.839575364062555,current_image_current_state,0,,0.5304679930206616,0.15161357785311397,0.5451854267669382,0.3448790926069331,45.674205445203306,101.49943100538967,78.86821083195115,130.65382175806562,1.90618896484375
recorded_obs-0629-02,new_latest,118,8.145625,0.839575364062555,current_image_current_state,1,,0.49026907794193186,0.15708331696988276,0.5148840082811361,0.3389310388245635,51.39786652691255,100.83683056406755,83.72037832357142,130.38244788034024,1.834225058555603
recorded_obs-0629-02,new_latest,118,8.145625,0.839575364062555,current_image_current_state,2,,0.5432324505340191,0.17540136185223884,0.5663147367629026,0.3668230560275823,43.9336057403377,97.88679374970711,78.03629540350441,126.93459807464419,1.9218528270721436
recorded_obs-0629-02,new_latest,118,8.145625,0.839575364062555,current_image_current_state,3,,0.5428989977730961,0.1382500053805806,0.5700147593217394,0.33467816999628813,43.97116868584424,103.35301868544119,77.80179157345835,132.29104081443327,2.125084161758423
recorded_obs-0629-02,new_latest,118,8.145625,0.839575364062555,current_image_current_state,4,,0.5174665125211699,0.15334752579009364,0.5467598712281375,0.34176406351785515,47.56505168604005,101.16061073237016,80.67663659043963,130.14058381513703,1.9784103631973267
recorded_obs-0629-02,new_latest,118,8.145625,0.839575364062555,current_image_current_state,5,,0.5378258584400517,0.18892356407551028,0.5486623974686392,0.3731632580819198,44.641146085747934,95.9699280260525,78.3529928336936,125.44621122320498,1.7985832691192627
recorded_obs-0629-02,new_latest,118,8.145625,0.839575364062555,current_image_current_state,6,,0.5502555302341086,0.13540606476807637,0.5502555302341086,0.3312106986879314,42.952657406194604,103.67710695476026,77.1430841621411,132.35124814685562,2.0067965984344482
recorded_obs-0629-02,new_latest,118,8.145625,0.839575364062555,current_image_current_state,7,,0.5396709637792734,0.13687098857992228,0.5534701459535301,0.3217321819725493,44.32951795056306,103.5435710997705,77.95823578766361,132.31028611563363,2.0287129878997803
recorded_obs-0629-02,new_latest,118,8.145625,0.839575364062555,current_image_current_state,8,,0.5335283087359881,0.15332452555778747,0.5478765172755842,0.33889939234241045,45.28948758369299,101.22824261802471,79.02272622215062,130.2075768645897,1.9722927808761597
recorded_obs-0629-02,new_latest,118,8.145625,0.839575364062555,current_image_current_state,9,,0.5465211096270377,0.14324763754048436,0.5465211096270377,0.3400681070541962,43.50388310552878,102.80692930152034,77.6275991881619,132.00375139533253,1.9578979015350342
recorded_obs-0629-02,new_latest,118,8.145625,0.839575364062555,current_image_current_state,10,,0.5226004445799528,0.1543387923289331,0.5366875114230604,0.3423329313257673,46.77854747664917,101.16181566614894,79.98266942309762,130.35488792610064,1.8666410446166992
recorded_obs-0629-02,new_latest,118,8.145625,0.839575364062555,current_image_current_state,11,,0.541029612695254,0.13021209797144617,0.541029612695254,0.3278931735728691,44.22373947074838,104.67069275851495,78.027639266149,133.6281764581264,2.0041143894195557
recorded_obs-0629-02,new_latest,118,8.145625,0.839575364062555,current_image_current_state,12,,0.5471013424224598,0.15471109489120982,0.5633655077764942,0.34979349380316105,43.51245258980384,100.7911821519405,77.88713794585296,129.81350631510418,2.038133382797241
recorded_obs-0629-02,new_latest,118,8.145625,0.839575364062555,current_image_current_state,13,,0.5365920223235556,0.16724584554303887,0.5589364471562411,0.36426202279974124,44.868364465609105,98.81036352079829,78.64544281969498,127.36427021574221,1.9318798780441284
recorded_obs-0629-02,new_latest,118,8.145625,0.839575364062555,current_image_current_state,14,,0.529024422038098,0.152529358614011,0.543750282292282,0.3382058661454067,45.909498092544396,101.32409053176731,79.44415814959135,130.39112155845237,1.9218229055404663
recorded_obs-0629-02,new_latest,118,8.145625,0.839575364062555,current_image_current_state,15,,0.5065973510134506,0.14144111613283392,0.5367193054255756,0.3249284979847548,49.07859678817014,102.76776781836479,81.88720361921854,131.5435080424276,2.0371713638305664
recorded_obs-0629-02,new_latest,118,8.145625,0.839575364062555,current_image_current_state,16,,0.5254008602110303,0.15099907158279824,0.545109636015125,0.33267532081388257,46.41080186557135,101.3925087982818,79.42435578745477,130.47297948061748,1.9257177114486694
recorded_obs-0629-02,new_latest,118,8.145625,0.839575364062555,current_image_current_state,17,,0.5182476307944632,0.15448792746584725,0.5399068831937747,0.34707361921785324,47.489229997076336,100.88420555111819,80.9615912174937,129.55498623408735,1.8932288885116577
recorded_obs-0629-02,new_latest,118,8.145625,0.839575364062555,current_image_current_state,18,,0.5485080278994267,0.1552081398644582,0.5485080278994267,0.34364379655153793,43.2336429851911,100.91345744430467,77.53622882007895,130.0280980361626,1.8759582042694092
recorded_obs-0629-02,new_latest,118,8.145625,0.839575364062555,current_image_current_state,19,,0.49358517039762767,0.16343253407865518,0.5417226413653333,0.3385829762376449,51.37456181168791,99.62825428920284,84.70481040276147,128.4845463905774,2.077284097671509
recorded_obs-0629-02,new_latest,118,8.145625,0.839575364062555,start_image_current_state,0,,0.5616096939047218,0.23509194362371902,0.5799598369845241,0.4178116219486433,41.325003995503515,89.88465496112512,75.66091641143672,120.21302135329309,1.7810226678848267
recorded_obs-0629-02,new_latest,118,8.145625,0.839575364062555,start_image_current_state,1,,0.5315894149227852,0.24158320840900738,0.5547719057383811,0.4128063617268126,45.49598774714157,89.09249336104111,79.1063554941237,119.83116301048712,1.7327903509140015
recorded_obs-0629-02,new_latest,118,8.145625,0.839575364062555,start_image_current_state,2,,0.5657938160176255,0.25662032349782576,0.5966799307286881,0.43713053747032166,40.77970972869832,86.56422432589218,75.64963483937092,116.81398362103072,1.7863678932189941
recorded_obs-0629-02,new_latest,118,8.145625,0.839575364062555,start_image_current_state,3,,0.5666654469548991,0.21617177090242168,0.6030778077793376,0.4022275676127433,40.64276564067273,92.50282369613971,75.34980180893564,122.57850215868676,2.006953477859497
recorded_obs-0629-02,new_latest,118,8.145625,0.839575364062555,start_image_current_state,4,,0.5478599296585369,0.23194705772394328,0.5836918442290622,0.41245474507323443,43.26795620528765,90.26418139713296,77.34500037658628,120.39270288227738,1.9051228761672974
recorded_obs-0629-02,new_latest,118,8.145625,0.839575364062555,start_image_current_state,5,,0.5635174640676338,0.2788825625869224,0.5844602668515722,0.4463924008150544,41.01247131845379,83.36356398316418,75.70227340120329,114.10576672651662,1.6774343252182007
recorded_obs-0629-02,new_latest,118,8.145625,0.839575364062555,start_image_current_state,6,,0.5729875884938785,0.2109938872107447,0.5877087692729793,0.3990893163127366,39.76371203202319,93.1927356383914,74.78213732771432,123.01528556826194,1.9093726873397827
recorded_obs-0629-02,new_latest,118,8.145625,0.839575364062555,start_image_current_state,7,,0.5669065474937999,0.21606212572991182,0.5837076401781629,0.3894094272373858,40.50544454371423,92.57099713363245,75.13692053144524,122.49461145245807,1.9085408449172974
recorded_obs-0629-02,new_latest,118,8.145625,0.839575364062555,start_image_current_state,8,,0.5586977800654371,0.23477771474751535,0.5854059630365603,0.408268294755535,41.73651434248296,89.90535524535666,76.30755163874804,120.01799311669545,1.8856544494628906
recorded_obs-0629-02,new_latest,118,8.145625,0.839575364062555,start_image_current_state,9,,0.569294631671758,0.22681039441733497,0.5693849828110246,0.4135317047715999,40.32160293890989,91.21434900141854,75.26907101446247,121.58320804405773,1.7280032634735107
recorded_obs-0629-02,new_latest,118,8.145625,0.839575364062555,start_image_current_state,10,,0.5576397970554108,0.2388403965742563,0.5746074761615241,0.4159007819029555,41.83360198992655,89.40562310704595,76.26595596446253,119.79466062912151,1.725306749343872
recorded_obs-0629-02,new_latest,118,8.145625,0.839575364062555,start_image_current_state,11,,0.566825158451293,0.2055134934429628,0.566825158451293,0.3959344019522485,40.605097729672714,94.28539312635924,75.31725186709413,124.36897849738068,1.8391294479370117
recorded_obs-0629-02,new_latest,118,8.145625,0.839575364062555,start_image_current_state,12,,0.5669942198127338,0.23400431816809988,0.6008980598687463,0.4180340089831146,40.759814663590376,89.75135367003959,75.78592508392974,119.96381815585282,1.9829339981079102
recorded_obs-0629-02,new_latest,118,8.145625,0.839575364062555,start_image_current_state,13,,0.5637188323669453,0.24306325353012187,0.5888843032602784,0.43359442579688046,41.07112012590936,88.21015430114407,75.87231874415613,117.91118517676081,1.7901175022125244
recorded_obs-0629-02,new_latest,118,8.145625,0.839575364062555,start_image_current_state,14,,0.5594375006255128,0.23652016419187824,0.5781672469526076,0.40872318641114597,41.649414833523416,89.69731552473158,76.23296118794715,119.99401380822043,1.81172776222229
recorded_obs-0629-02,new_latest,118,8.145625,0.839575364062555,start_image_current_state,15,,0.5456565292629586,0.21767928842656517,0.5681595212305219,0.3938573436648764,43.54932553215335,92.18323847992896,77.62023568599251,122.1229369099344,1.880368709564209
recorded_obs-0629-02,new_latest,118,8.145625,0.839575364062555,start_image_current_state,16,,0.556889164557779,0.23466958565051996,0.5837129109928212,0.4033162547156482,41.97956418271736,89.679065019807,76.12592030288008,119.92738442630605,1.7894001007080078
recorded_obs-0629-02,new_latest,118,8.145625,0.839575364062555,start_image_current_state,17,,0.5511367960732694,0.23509059326038506,0.5761026936518104,0.41938301169750775,42.87686776234181,89.66540624393062,77.4317790025844,119.55912577265852,1.7748819589614868
recorded_obs-0629-02,new_latest,118,8.145625,0.839575364062555,start_image_current_state,18,,0.5706223311714704,0.23953363809401965,0.5792362020849036,0.41687711361230634,40.163395881964256,89.14883257980775,75.2582087884668,119.42349084883304,1.715275764465332
recorded_obs-0629-02,new_latest,118,8.145625,0.839575364062555,start_image_current_state,19,,0.5284969252828838,0.2447465856136556,0.5725923212904275,0.40884801691884803,46.45021006850231,88.3358266453602,80.7285235037089,118.38052609876797,1.919176459312439
recorded_obs-0629-02,new_latest,118,8.145625,0.839575364062555,current_image_start_state,0,,0.0021166222480253002,-0.11888414004199367,0.0021166222480253002,-0.05082034625984293,124.11986631003879,139.77659262456143,144.2477484417525,164.94085283705533,1.274099349975586
recorded_obs-0629-02,new_latest,118,8.145625,0.839575364062555,current_image_start_state,1,,0.0030428510214313984,-0.12157934268883204,0.0030428510214313984,-0.051779459422958,124.00410803543984,140.16270101354084,144.11692566547922,165.7958386425817,1.3286923170089722
recorded_obs-0629-02,new_latest,118,8.145625,0.839575364062555,current_image_start_state,2,,0.002974812714499111,-0.10844392090345706,0.002974812714499111,-0.046173778978408034,124.0391175902402,138.2215296223356,144.1118151758014,163.06061642972963,1.1543691158294678
recorded_obs-0629-02,new_latest,118,8.145625,0.839575364062555,current_image_start_state,3,,0.002174208473919826,-0.12731456689373782,0.002174208473919826,-0.05515827256627908,124.14737106109268,140.98896250803645,144.2299566960339,166.09223159548506,1.2721627950668335
recorded_obs-0629-02,new_latest,118,8.145625,0.839575364062555,current_image_start_state,4,,0.002340103645340224,-0.12054995154715363,0.002340103645340224,-0.051369695922550154,124.09789967693554,140.01990822772817,144.21981125941002,164.97697375795653,1.2616407871246338
recorded_obs-0629-02,new_latest,118,8.145625,0.839575364062555,current_image_start_state,5,,0.0016905123542714268,-0.10671938668132447,0.0016905123542714268,-0.04491689464241234,124.23842962277637,137.92307095247793,144.30230560508204,163.13220489132698,1.1877468824386597
recorded_obs-0629-02,new_latest,118,8.145625,0.839575364062555,current_image_start_state,6,,0.0019862889580391425,-0.1282429251203618,0.0019862889580391425,-0.05406813454311417,124.18331733917827,141.13843952084127,144.2584425585726,165.98454302572813,1.3173532485961914
recorded_obs-0629-02,new_latest,118,8.145625,0.839575364062555,current_image_start_state,7,,0.001102641259928369,-0.1214051073767309,0.001102641259928369,-0.05540799789168844,124.24966801478632,140.13701428604793,144.39755612197683,164.98444176582672,1.2352643013000488
recorded_obs-0629-02,new_latest,118,8.145625,0.839575364062555,current_image_start_state,8,,0.0018214104069696423,-0.12175429178315934,0.0018214104069696423,-0.05232278690918774,124.17382390118469,140.2131129125287,144.29093867998918,165.22329092228833,1.253617525100708
recorded_obs-0629-02,new_latest,118,8.145625,0.839575364062555,current_image_start_state,9,,0.00046500081853256825,-0.12503281849771694,0.00046500081853256825,-0.05037503471236585,124.3875702388771,140.69698335417294,144.47926939391039,166.10247243183545,1.2360496520996094
recorded_obs-0629-02,new_latest,118,8.145625,0.839575364062555,current_image_start_state,10,,0.004041977658511626,-0.12050432812403611,0.004041977658511626,-0.05094125830773066,123.95245894538142,140.03130819536065,143.95144909596786,165.15296033295328,1.2081547975540161
recorded_obs-0629-02,new_latest,118,8.145625,0.839575364062555,current_image_start_state,11,,0.004830363264169533,-0.12474219019338245,0.004830363264169533,-0.054603169810079115,123.89683143234483,140.69116273677747,143.82246343929165,165.7082310078095,1.2541743516921997
recorded_obs-0629-02,new_latest,118,8.145625,0.839575364062555,current_image_start_state,12,,0.002550177897301378,-0.1177145755513756,0.002550177897301378,-0.049243756260907295,124.14698161599637,139.4963858662736,144.16909620154863,164.46433012162237,1.2377564907073975
recorded_obs-0629-02,new_latest,118,8.145625,0.839575364062555,current_image_start_state,13,,0.0014521015387817617,-0.11621642344758012,0.0014521015387817617,-0.04758716510274648,124.23712414510564,139.34319389170307,144.33652837915056,163.64225395926928,1.2062667608261108
recorded_obs-0629-02,new_latest,118,8.145625,0.839575364062555,current_image_start_state,14,,0.0028046798760012984,-0.12125335448324497,0.0028046798760012984,-0.05192441813435381,124.08117569835026,140.08529075029833,144.14163361298492,165.18846450191688,1.2518516778945923
recorded_obs-0629-02,new_latest,118,8.145625,0.839575364062555,current_image_start_state,15,,0.005156148271131796,-0.1205344184450637,0.005156148271131796,-0.053071323797450956,123.80422708914404,140.00328471005173,143.79371989825023,164.7617392918545,1.2379717826843262
recorded_obs-0629-02,new_latest,118,8.145625,0.839575364062555,current_image_start_state,16,,0.001572253494176766,-0.1197887753396131,0.0018305880501758994,-0.05128487858528581,124.2212743477682,139.84407617447482,144.322562381754,165.00547405315643,1.215416669845581
recorded_obs-0629-02,new_latest,118,8.145625,0.839575364062555,current_image_start_state,17,,0.0027460086743297824,-0.11836968171102558,0.0027460086743297824,-0.04937280263900098,124.07622707276849,139.70257752146983,144.1526492969989,164.37489972612428,1.1979484558105469
recorded_obs-0629-02,new_latest,118,8.145625,0.839575364062555,current_image_start_state,18,,0.004538467640166575,-0.11850959446610985,0.004538467640166575,-0.05073107252744328,123.81905693305627,139.69294126264606,143.8905288646606,164.80241927240428,1.1827484369277954
recorded_obs-0629-02,new_latest,118,8.145625,0.839575364062555,current_image_start_state,19,,0.004882976682786878,-0.11236215210422795,0.004882976682786878,-0.05088023500967868,123.80156430094475,138.81102618264802,143.83781175373335,163.5934207146371,1.2453194856643677
recorded_obs-0629-02,new_latest,118,8.145625,0.839575364062555,start_image_start_state,0,,0.002986925223935852,-0.10500949380175195,0.002986925223935852,-0.04289058837963365,124.00396507942388,137.79270752032653,144.10664346918713,163.49302696233445,1.3176078796386719
recorded_obs-0629-02,new_latest,118,8.145625,0.839575364062555,start_image_start_state,1,,0.003480866501885702,-0.10881512762029551,0.003480866501885702,-0.04420680150403623,123.96973802840316,138.40272610701325,144.0326064776909,164.5937807231831,1.364158034324646
recorded_obs-0629-02,new_latest,118,8.145625,0.839575364062555,start_image_start_state,2,,0.003181780006974535,-0.09520585540462849,0.003181780006974535,-0.03767744373174305,124.03259082232587,136.3015749114911,144.06439665888868,161.70443531811847,1.2094358205795288
recorded_obs-0629-02,new_latest,118,8.145625,0.839575364062555,start_image_start_state,3,,0.002230185991569612,-0.11630099663067998,0.002230185991569612,-0.04806539149173974,124.14770205458912,139.42365737584942,144.20580854238307,165.04904417425283,1.3339499235153198
recorded_obs-0629-02,new_latest,118,8.145625,0.839575364062555,start_image_start_state,4,,0.0029291984239901755,-0.1071210488819977,0.0029291984239901755,-0.043794454065263076,124.0440192943053,138.09763161183437,144.11338208097533,163.6159788509691,1.3072624206542969
recorded_obs-0629-02,new_latest,118,8.145625,0.839575364062555,start_image_start_state,5,,0.001542958808506241,-0.09217476815579562,0.001542958808506241,-0.03649797318820162,124.27200175415487,135.8427822373222,144.30540096387435,161.61869928054182,1.247492790222168
recorded_obs-0629-02,new_latest,118,8.145625,0.839575364062555,start_image_start_state,6,,0.00222530753514115,-0.11515613900874176,0.00222530753514115,-0.046696471004054614,124.16785890455469,139.2275836531662,144.20499600051141,164.55994081162007,1.3305082321166992
recorded_obs-0629-02,new_latest,118,8.145625,0.839575364062555,start_image_start_state,7,,0.0009409466685751746,-0.10962903306911591,0.0009409466685751746,-0.048766012099672615,124.28747184078705,138.4452255851017,144.4023720202347,163.83866910911516,1.2842330932617188
recorded_obs-0629-02,new_latest,118,8.145625,0.839575364062555,start_image_start_state,8,,0.0023479812909586815,-0.10941874702994618,0.0023479812909586815,-0.045028787142918504,124.11174590327518,138.4445911400339,144.1989149657721,163.98649479134974,1.3022929430007935
recorded_obs-0629-02,new_latest,118,8.145625,0.839575364062555,start_image_start_state,9,,0.0006648057633216735,-0.11226912698086529,0.0020436000316641123,-0.04267189391936085,124.38693947403402,138.90971998949954,144.42932006436254,164.86548163854135,1.2726935148239136
recorded_obs-0629-02,new_latest,118,8.145625,0.839575364062555,start_image_start_state,10,,0.0046849068824180995,-0.10702355146739485,0.0046849068824180995,-0.043485816898616,123.87703135824368,138.09566586711273,143.84067424858083,163.77405146502028,1.2555233240127563
recorded_obs-0629-02,new_latest,118,8.145625,0.839575364062555,start_image_start_state,11,,0.00535923336928823,-0.11351464415124772,0.00535923336928823,-0.04757906815530868,123.83505285080543,139.0848246158171,143.72984188913208,164.6373118365202,1.296638011932373
recorded_obs-0629-02,new_latest,118,8.145625,0.839575364062555,start_image_start_state,12,,0.002853352960874381,-0.10388417997402095,0.002853352960874381,-0.041274845013640975,124.1125452190165,137.50332086744027,144.10827638223134,162.9907272795968,1.2826799154281616
recorded_obs-0629-02,new_latest,118,8.145625,0.839575364062555,start_image_start_state,13,,0.0023668816162668448,-0.10235260124814335,0.0023668816162668448,-0.03923341012094444,124.13450878120955,137.2802756669508,144.18477284610765,162.06727518143862,1.2190200090408325
recorded_obs-0629-02,new_latest,118,8.145625,0.839575364062555,start_image_start_state,14,,0.0030820887458206624,-0.10914106118712914,0.0030820887458206624,-0.04459713027657271,124.04655831166201,138.36412741039575,144.08499110940954,163.99552272749764,1.284899353981018
recorded_obs-0629-02,new_latest,118,8.145625,0.839575364062555,start_image_start_state,15,,0.005224213328070185,-0.10815104433335233,0.005224213328070185,-0.04576186275442255,123.79609803075198,138.20275704187844,143.76767531995182,163.49136211247983,1.2972135543823242
recorded_obs-0629-02,new_latest,118,8.145625,0.839575364062555,start_image_start_state,16,,0.0018740535883401078,-0.10645004292426592,0.003468271103002693,-0.04393578759822013,124.18181896506853,137.92562126987536,144.26376930057762,163.57344112678652,1.2644898891448975
recorded_obs-0629-02,new_latest,118,8.145625,0.839575364062555,start_image_start_state,17,,0.003376390730889329,-0.10439709007917228,0.003376390730889329,-0.04163143011740911,124.00872494545689,137.6558900418543,144.0415036470374,162.85925870141494,1.2321438789367676
recorded_obs-0629-02,new_latest,118,8.145625,0.839575364062555,start_image_start_state,18,,0.0044900879103712925,-0.10533047000187931,0.0044900879103712925,-0.04303261644305107,123.8597015238779,137.8097964704681,143.87503273826474,163.4431870220325,1.2208161354064941
recorded_obs-0629-02,new_latest,118,8.145625,0.839575364062555,start_image_start_state,19,,0.005204912439665636,-0.09935988300074416,0.005204912439665636,-0.04354168320055694,123.79903349233638,136.91325210188964,143.76930740873453,162.23230109805039,1.285038709640503
recorded_obs-0629-02,new_latest,120,8.280233,0.8640264523567613,current_image_current_state,0,,0.5327920579155563,0.1587496989289305,0.550363318533906,0.35119123020994764,49.19673574831802,104.16859213365633,77.51125767449977,129.2237989844312,1.9163589477539062
recorded_obs-0629-02,new_latest,120,8.280233,0.8640264523567613,current_image_current_state,1,,0.4903390201770623,0.16524326448167515,0.5204681966570947,0.34581648360357736,55.181287932900524,103.41072941677467,82.69136829513701,128.79106742899035,1.860274076461792
recorded_obs-0629-02,new_latest,120,8.280233,0.8640264523567613,current_image_current_state,2,,0.5470515870357985,0.18223040479515587,0.5714066891969757,0.37325113618991423,47.38476786813349,100.57295143572786,76.48950396042088,125.53591627180141,1.9185452461242676
recorded_obs-0629-02,new_latest,120,8.280233,0.8640264523567613,current_image_current_state,3,,0.5462671101516862,0.14545166626762632,0.5766853340319684,0.34072527741594966,47.4277925819656,105.9654950260995,76.29940276513786,130.82882979909184,2.1414685249328613
recorded_obs-0629-02,new_latest,120,8.280233,0.8640264523567613,current_image_current_state,4,,0.5192577105776945,0.1609895479454166,0.5524094976966972,0.34857991441311253,51.18285931959922,103.70922253799954,79.4100384147254,128.61431223556465,1.9909827709197998
recorded_obs-0629-02,new_latest,120,8.280233,0.8640264523567613,current_image_current_state,5,,0.5403885166565351,0.19611346087432002,0.5535440367751499,0.3805264195566502,48.228631476251195,98.67652633497013,76.96182743826317,124.02203685926797,1.802619218826294
recorded_obs-0629-02,new_latest,120,8.280233,0.8640264523567613,current_image_current_state,6,,0.5551988434406204,0.14194576561340544,0.5551988434406204,0.33763084250618236,46.24166730914948,106.36308175185323,75.45891022247886,131.0025948696068,2.0276033878326416
recorded_obs-0629-02,new_latest,120,8.280233,0.8640264523567613,current_image_current_state,7,,0.5431335467940386,0.14403944561268167,0.5591721060513403,0.3282580456174455,47.742129237397386,106.14312241553577,76.44772027696646,130.85147569429745,2.0377981662750244
recorded_obs-0629-02,new_latest,120,8.280233,0.8640264523567613,current_image_current_state,8,,0.5369959937603881,0.16128949249807598,0.5544110398223999,0.34587817109615676,48.75203969840075,103.74433051866221,77.53376424733894,128.65575996250507,1.9890528917312622
recorded_obs-0629-02,new_latest,120,8.280233,0.8640264523567613,current_image_current_state,9,,0.550581047202375,0.1510125234937322,0.550581047202375,0.3470895556686812,46.91790636920219,105.38339762827493,76.03986679923473,130.45889265221143,1.9833076000213623
recorded_obs-0629-02,new_latest,120,8.280233,0.8640264523567613,current_image_current_state,10,,0.5251805697223209,0.16221305342835932,0.5413097482413525,0.34927564742128997,50.28509398059554,103.73665539166153,78.62108992402948,128.84391947809084,1.862142562866211
recorded_obs-0629-02,new_latest,120,8.280233,0.8640264523567613,current_image_current_state,11,,0.5449518588868413,0.13789044757256255,0.5449518588868413,0.33447078531770363,47.63745778537186,107.23839863338726,76.50280938794663,132.09401850039555,2.0156683921813965
recorded_obs-0629-02,new_latest,120,8.280233,0.8640264523567613,current_image_current_state,12,,0.5516714005079563,0.16224044135421226,0.5695809768805616,0.35638733834067093,46.902152452266996,103.36966812982794,76.28736307237273,128.31953893949,2.0397679805755615
recorded_obs-0629-02,new_latest,120,8.280233,0.8640264523567613,current_image_current_state,13,,0.5402464089507342,0.1742574852950743,0.5643860186794921,0.37116880785310047,48.32943325061071,101.39264510864062,77.17448098153953,125.96787531767481,1.938744306564331
recorded_obs-0629-02,new_latest,120,8.280233,0.8640264523567613,current_image_current_state,14,,0.5320019250032874,0.160512177725087,0.5490509566461437,0.34494804313895366,49.411640212587514,103.86721602197281,78.05370718616582,128.85946423477435,1.925422191619873
recorded_obs-0629-02,new_latest,120,8.280233,0.8640264523567613,current_image_current_state,15,,0.5077824314275593,0.14941048211115449,0.541966647819574,0.33135367084786466,52.74855549106555,105.24289304914132,80.6983672815806,129.954105917332,2.061697006225586
recorded_obs-0629-02,new_latest,120,8.280233,0.8640264523567613,current_image_current_state,16,,0.5267869047299586,0.15870168944694443,0.551585572697566,0.33914568962801034,50.07188742765148,103.96043925401251,78.20637611239084,128.960031450773,1.9406044483184814
recorded_obs-0629-02,new_latest,120,8.280233,0.8640264523567613,current_image_current_state,17,,0.5220671763003344,0.16216262509184898,0.5442164708215863,0.3543688997050727,50.88975510198728,103.38638876853827,79.48288804740493,128.03762770343084,1.8830393552780151
recorded_obs-0629-02,new_latest,120,8.280233,0.8640264523567613,current_image_current_state,18,,0.5534450406628577,0.16345835806975648,0.5534450406628577,0.35058230860165057,46.572812815504335,103.41052449190451,75.91670837206037,128.43670842671378,1.886523962020874
recorded_obs-0629-02,new_latest,120,8.280233,0.8640264523567613,current_image_current_state,19,,0.495300392527158,0.17154555355553,0.5467994060569539,0.34553385906249795,55.13943320987123,102.11132648860459,83.58750034012935,126.93760474020745,2.072553873062134
recorded_obs-0629-02,new_latest,120,8.280233,0.8640264523567613,start_image_current_state,0,,0.5645644372335159,0.2386361268053553,0.5842477931569747,0.42119626637065727,44.80343605202036,93.13494399679182,73.95093298631666,119.1826642659813,1.7950292825698853
recorded_obs-0629-02,new_latest,120,8.280233,0.8640264523567613,start_image_current_state,1,,0.5311564262642604,0.24514655077238318,0.5582607915857166,0.41643630748823407,49.41660510577064,92.40654935178964,77.8921965567936,118.77699263121129,1.7554036378860474
recorded_obs-0629-02,new_latest,120,8.280233,0.8640264523567613,start_image_current_state,2,,0.5691660670631242,0.25888947112124644,0.6022271670915068,0.4396324029173814,44.297767557290875,89.99391876627257,73.94432681169114,115.9755849934158,1.807843565940857
recorded_obs-0629-02,new_latest,120,8.280233,0.8640264523567613,start_image_current_state,3,,0.5697407809194466,0.2200792854048228,0.6082038016836903,0.40600396376737236,44.16116317083842,95.67464778941122,73.63139333293282,121.4732113825753,2.0211424827575684
recorded_obs-0629-02,new_latest,120,8.280233,0.8640264523567613,start_image_current_state,4,,0.5483546731257305,0.2357835497517296,0.5886014833428821,0.41611350776389117,47.115798437860995,93.42996061984877,76.04410580764248,119.2965761117251,1.926274299621582
recorded_obs-0629-02,new_latest,120,8.280233,0.8640264523567613,start_image_current_state,5,,0.566285926045084,0.2809910154112674,0.589566878102024,0.44988723933913405,44.59416712463428,86.88850643685831,74.02998003087005,113.30168262578063,1.7017664909362793
recorded_obs-0629-02,new_latest,120,8.280233,0.8640264523567613,start_image_current_state,6,,0.5769419605607266,0.21402969776498204,0.5932946272186372,0.40243716235137394,43.215730151532945,96.48008283552646,72.98968677771592,122.06856612625965,1.931514024734497
recorded_obs-0629-02,new_latest,120,8.280233,0.8640264523567613,start_image_current_state,7,,0.5695570184125744,0.2205102740218742,0.588685447931649,0.3928483870292171,44.07320796442235,95.63967334950111,73.47711472012354,121.31207370182231,1.9124650955200195
recorded_obs-0629-02,new_latest,120,8.280233,0.8640264523567613,start_image_current_state,8,,0.5614482341922797,0.23847176661762148,0.5912532824864722,0.4118053592237142,45.33520520712929,93.10745780332502,74.71055188544342,118.97159390084776,1.915270209312439
recorded_obs-0629-02,new_latest,120,8.280233,0.8640264523567613,start_image_current_state,9,,0.5735891452941009,0.23083348604862114,0.5735891452941009,0.4174470675190629,43.699736894423346,94.40309730232062,73.41188925497087,120.44494457405649,1.7524449825286865
recorded_obs-0629-02,new_latest,120,8.280233,0.8640264523567613,start_image_current_state,10,,0.5593747994682765,0.24224791228594933,0.5780593774711835,0.41930200491853914,45.519989497651736,92.7143287538748,74.74012024987903,118.80491628002119,1.7438815832138062
recorded_obs-0629-02,new_latest,120,8.280233,0.8640264523567613,start_image_current_state,11,,0.5693931545650024,0.21016754122643408,0.5703486086723135,0.3994557033748704,44.20848759580415,97.36315992976132,73.71575068809233,123.16241465885717,1.8609789609909058
recorded_obs-0629-02,new_latest,120,8.280233,0.8640264523567613,start_image_current_state,12,,0.5709579360212443,0.23723629062586668,0.6067922251770331,0.42125798659258773,44.21795021300579,93.03921876449463,74.03745609449551,118.97251024788547,2.0077662467956543
recorded_obs-0629-02,new_latest,120,8.280233,0.8640264523567613,start_image_current_state,13,,0.5664888931916072,0.24455457142695913,0.5942563771049757,0.4366799989256337,44.655936604995304,91.68266245025819,74.1961000731629,117.19315955845188,1.8219910860061646
recorded_obs-0629-02,new_latest,120,8.280233,0.8640264523567613,start_image_current_state,14,,0.5624533111434931,0.2392366950692316,0.5826244460108922,0.4121710230743871,45.19165860416556,93.06635418349326,74.59426549220618,119.06906158900087,1.8298189640045166
recorded_obs-0629-02,new_latest,120,8.280233,0.8640264523567613,start_image_current_state,15,,0.5466801974818302,0.2211675339452386,0.5729973087561889,0.39691678185789553,47.31556129023642,95.36302537435668,76.23914247698056,121.02596027892734,1.9090840816497803
recorded_obs-0629-02,new_latest,120,8.280233,0.8640264523567613,start_image_current_state,16,,0.5572281664934444,0.23816923015962338,0.5900257026970567,0.40678106956833254,45.80810036935989,92.9661542853159,74.72664974419712,118.95531893456518,1.82347571849823
recorded_obs-0629-02,new_latest,120,8.280233,0.8640264523567613,start_image_current_state,17,,0.5538083175500792,0.2376248675623411,0.5812312098334976,0.4229271434961832,46.45549017515975,93.0017590089873,75.82455512628762,118.65228742840601,1.782104253768921
recorded_obs-0629-02,new_latest,120,8.280233,0.8640264523567613,start_image_current_state,18,,0.5753804853675993,0.24265318331125224,0.5843587928722062,0.4205875994290782,43.52754673530557,92.4633209767208,73.39204769468604,118.45404140931765,1.733186960220337
recorded_obs-0629-02,new_latest,120,8.280233,0.8640264523567613,start_image_current_state,19,,0.5270523315860782,0.2485192181212464,0.5763920578522311,0.4123446558855836,50.714223188940366,91.52669170643821,79.82955681164817,117.35883680894266,1.9632927179336548
recorded_obs-0629-02,new_latest,120,8.280233,0.8640264523567613,current_image_start_state,0,,0.00266611216416411,-0.12104250213366972,0.00266611216416411,-0.0513917956020258,126.33397335395628,143.39113677447514,144.16456844305145,165.29439409082207,1.2757227420806885
recorded_obs-0629-02,new_latest,120,8.280233,0.8640264523567613,current_image_start_state,1,,0.0032898609617509123,-0.12362937087825149,0.0032898609617509123,-0.05247607648314383,126.28402770658352,143.859890629506,144.06814657957227,166.1450215687422,1.331100583076477
recorded_obs-0629-02,new_latest,120,8.280233,0.8640264523567613,current_image_start_state,2,,0.003419458720384582,-0.11018399294131505,0.003419458720384582,-0.0468026941032056,126.26589179946515,141.7160073160222,144.04137057891566,163.35719141931122,1.1642407178878784
recorded_obs-0629-02,new_latest,120,8.280233,0.8640264523567613,current_image_start_state,3,,0.002297314402629893,-0.12946151864834568,0.002297314402629893,-0.05579972574359831,126.43125830333278,144.5985084912638,144.20338926271683,166.4462724603013,1.2869515419006348
recorded_obs-0629-02,new_latest,120,8.280233,0.8640264523567613,current_image_start_state,4,,0.002700289413430664,-0.12206302384189084,0.002700289413430664,-0.051936728560816346,126.34746596253615,143.51149511214115,144.16098507194496,165.25645543747106,1.2657424211502075
recorded_obs-0629-02,new_latest,120,8.280233,0.8640264523567613,current_image_start_state,5,,0.001780993987626481,-0.10883693510067288,0.001780993987626481,-0.04547677025053548,126.49983472238146,141.53218927007623,144.2873528640602,163.48200670678924,1.203715443611145
recorded_obs-0629-02,new_latest,120,8.280233,0.8640264523567613,current_image_start_state,6,,0.002745119310589222,-0.12987612022074468,0.002745119310589222,-0.05461575766442841,126.36802379353692,144.6150244897977,144.14186555321044,166.26301442803938,1.3386447429656982
recorded_obs-0629-02,new_latest,120,8.280233,0.8640264523567613,current_image_start_state,7,,0.0013358760346062154,-0.12294642419170013,0.0013358760346062154,-0.05602264102586525,126.51338252365994,143.60763692589214,144.35889482574726,165.2625607750856,1.2444673776626587
recorded_obs-0629-02,new_latest,120,8.280233,0.8640264523567613,current_image_start_state,8,,0.002344135504343006,-0.12345229591252013,0.002344135504343006,-0.05288604070476207,126.38908813088038,143.72527572667767,144.21143800335355,165.49585220429782,1.2713537216186523
recorded_obs-0629-02,new_latest,120,8.280233,0.8640264523567613,current_image_start_state,9,,0.0012625112189096374,-0.12732399897676872,0.0012625112189096374,-0.05086820013041683,126.56031504029444,144.39098115486658,144.35981985797213,166.4927277686447,1.2504971027374268
recorded_obs-0629-02,new_latest,120,8.280233,0.8640264523567613,current_image_start_state,10,,0.0038644607947578677,-0.12236175273223089,0.0038644607947578677,-0.05153833606875176,126.24665080976963,143.59253321321458,143.97270150397253,165.46573023892051,1.2179930210113525
recorded_obs-0629-02,new_latest,120,8.280233,0.8640264523567613,current_image_start_state,11,,0.004651920489050945,-0.12647891221581362,0.004651920489050945,-0.055126678593674344,126.17988355551654,144.22186506909364,143.84373729734892,165.99629048318803,1.2519387006759644
recorded_obs-0629-02,new_latest,120,8.280233,0.8640264523567613,current_image_start_state,12,,0.003374957748564121,-0.11926280884088945,0.003374957748564121,-0.049851872158789286,126.30050023993854,142.99583615690145,144.04725219560999,164.7429881229941,1.2361444234848022
recorded_obs-0629-02,new_latest,120,8.280233,0.8640264523567613,current_image_start_state,13,,0.0020898314458919747,-0.11808647223940959,0.0020898314458919747,-0.04814698866735402,126.44308529041444,142.74795427123055,144.23699196740853,163.94833007886632,1.2176756858825684
recorded_obs-0629-02,new_latest,120,8.280233,0.8640264523567613,current_image_start_state,14,,0.0033940572746793663,-0.12356193267632648,0.0033940572746793663,-0.05253925202670782,126.2688734640397,143.72019969039636,144.05471797583522,165.56356499735128,1.2559794187545776
recorded_obs-0629-02,new_latest,120,8.280233,0.8640264523567613,current_image_start_state,15,,0.005770921582371229,-0.12148904658966445,0.005770921582371229,-0.05361998825758674,125.97378785856596,143.37130460478002,143.70307411502108,164.93592393305235,1.2469744682312012
recorded_obs-0629-02,new_latest,120,8.280233,0.8640264523567613,current_image_start_state,16,,0.0020485370097940575,-0.12192212706035901,0.0022102439423268257,-0.05196066423085248,126.44306549127383,143.45084746438212,144.24955855783554,165.3417946184399,1.2274575233459473
recorded_obs-0629-02,new_latest,120,8.280233,0.8640264523567613,current_image_start_state,17,,0.003050563000651695,-0.12001237593095818,0.003050563000651695,-0.04991924096483397,126.32198954780017,143.15529392529885,144.10250472410084,164.65731169292772,1.1969729661941528
recorded_obs-0629-02,new_latest,120,8.280233,0.8640264523567613,current_image_start_state,18,,0.004964252528839646,-0.11981206458365432,0.004964252528839646,-0.05127521275137951,126.05117509287949,143.1619722703882,143.82115595325016,165.02130418824035,1.182077407836914
recorded_obs-0629-02,new_latest,120,8.280233,0.8640264523567613,current_image_start_state,19,,0.005439145928704324,-0.1142009012218312,0.005439145928704324,-0.051363199168424516,125.9988598024839,142.2997173772193,143.75176835348233,163.89836804336875,1.250510334968567
recorded_obs-0629-02,new_latest,120,8.280233,0.8640264523567613,start_image_start_state,0,,0.002986925223935852,-0.10500949380175195,0.002986925223935852,-0.04289058837963365,126.28975308002717,141.16449255184853,144.10664346918713,163.49302696233445,1.3176078796386719
recorded_obs-0629-02,new_latest,120,8.280233,0.8640264523567613,start_image_start_state,1,,0.003480866501885702,-0.10881512762029551,0.003480866501885702,-0.04420680150403623,126.247559856661,141.86989673846415,144.0326064776909,164.5937807231831,1.364158034324646
recorded_obs-0629-02,new_latest,120,8.280233,0.8640264523567613,start_image_start_state,2,,0.003181780006974535,-0.09520585540462849,0.003181780006974535,-0.03767744373174305,126.3058787200092,139.6125894083358,144.06439665888868,161.70443531811847,1.2094358205795288
recorded_obs-0629-02,new_latest,120,8.280233,0.8640264523567613,start_image_start_state,3,,0.002230185991569612,-0.11630099663067998,0.002230185991569612,-0.04806539149173974,126.42623242575165,142.78832342218462,144.20580854238307,165.04904417425283,1.3339499235153198
recorded_obs-0629-02,new_latest,120,8.280233,0.8640264523567613,start_image_start_state,4,,0.0029291984239901755,-0.1071210488819977,0.0029291984239901755,-0.043794454065263076,126.32423569704288,141.4361994565997,144.11338208097533,163.6159788509691,1.3072624206542969
recorded_obs-0629-02,new_latest,120,8.280233,0.8640264523567613,start_image_start_state,5,,0.001542958808506241,-0.09217476815579562,0.001542958808506241,-0.03649797318820162,126.54602082504886,139.2225843568153,144.30540096387435,161.61869928054182,1.247492790222168
recorded_obs-0629-02,new_latest,120,8.280233,0.8640264523567613,start_image_start_state,6,,0.00222530753514115,-0.11515613900874176,0.00222530753514115,-0.046696471004054614,126.4419137204665,142.53334666919687,144.20499600051141,164.55994081162007,1.3305082321166992
recorded_obs-0629-02,new_latest,120,8.280233,0.8640264523567613,start_image_start_state,7,,0.0009409466685751746,-0.10962903306911591,0.0009409466685751746,-0.048766012099672615,126.57715784129829,141.76112508686037,144.4023720202347,163.83866910911516,1.2842330932617188
recorded_obs-0629-02,new_latest,120,8.280233,0.8640264523567613,start_image_start_state,8,,0.0023479812909586815,-0.10941874702994618,0.0023479812909586815,-0.045028787142918504,126.3957371883111,141.7875602123655,144.1989149657721,163.98649479134974,1.3022929430007935
recorded_obs-0629-02,new_latest,120,8.280233,0.8640264523567613,start_image_start_state,9,,0.0006648057633216735,-0.11226912698086529,0.0020436000316641123,-0.04267189391936085,126.6632642946189,142.33295201687548,144.42932006436254,164.86548163854135,1.2726935148239136
recorded_obs-0629-02,new_latest,120,8.280233,0.8640264523567613,start_image_start_state,10,,0.0046849068824180995,-0.10702355146739485,0.0046849068824180995,-0.043485816898616,126.13703599650206,141.46391289728504,143.84067424858083,163.77405146502028,1.2555233240127563
recorded_obs-0629-02,new_latest,120,8.280233,0.8640264523567613,start_image_start_state,11,,0.00535923336928823,-0.11351464415124772,0.00535923336928823,-0.04757906815530868,126.08202342046712,142.43313951425299,143.72984188913208,164.6373118365202,1.296638011932373
recorded_obs-0629-02,new_latest,120,8.280233,0.8640264523567613,start_image_start_state,12,,0.002853352960874381,-0.10388417997402095,0.002853352960874381,-0.041274845013640975,126.37914439387077,140.83585331120767,144.10827638223134,162.9907272795968,1.2826799154281616
recorded_obs-0629-02,new_latest,120,8.280233,0.8640264523567613,start_image_start_state,13,,0.0023668816162668448,-0.10235260124814335,0.0023668816162668448,-0.03923341012094444,126.4106140653075,140.48028484530923,144.18477284610765,162.06727518143862,1.2190200090408325
recorded_obs-0629-02,new_latest,120,8.280233,0.8640264523567613,start_image_start_state,14,,0.0030820887458206624,-0.10914106118712914,0.0030820887458206624,-0.04459713027657271,126.32099739304644,141.72415042133667,144.08499110940954,163.99552272749764,1.284899353981018
recorded_obs-0629-02,new_latest,120,8.280233,0.8640264523567613,start_image_start_state,15,,0.005224213328070185,-0.10815104433335233,0.005224213328070185,-0.04576186275442255,126.05687471151967,141.49874613822888,143.76767531995182,163.49136211247983,1.2972135543823242
recorded_obs-0629-02,new_latest,120,8.280233,0.8640264523567613,start_image_start_state,16,,0.0018740535883401078,-0.10645004292426592,0.003468271103002693,-0.04393578759822013,126.46502686757148,141.2894636711067,144.26376930057762,163.57344112678652,1.2644898891448975
recorded_obs-0629-02,new_latest,120,8.280233,0.8640264523567613,start_image_start_state,17,,0.003376390730889329,-0.10439709007917228,0.003376390730889329,-0.04163143011740911,126.28122068785873,140.93364773666218,144.0415036470374,162.85925870141494,1.2321438789367676
recorded_obs-0629-02,new_latest,120,8.280233,0.8640264523567613,start_image_start_state,18,,0.0044900879103712925,-0.10533047000187931,0.0044900879103712925,-0.04303261644305107,126.12867676008547,141.17026549855433,143.87503273826474,163.4431870220325,1.2208161354064941
recorded_obs-0629-02,new_latest,120,8.280233,0.8640264523567613,start_image_start_state,19,,0.005204912439665636,-0.09935988300074416,0.005204912439665636,-0.04354168320055694,126.06128258794983,140.21019377593487,143.76930740873453,162.23230109805039,1.285038709640503
recorded_obs-0629-02,new_latest,135,9.288743,0.9139146317769091,current_image_current_state,0,,0.5186775391230808,0.17022055208821185,0.5380298897979116,0.3528997951341048,60.34553408941998,111.68820120394973,76.76084516553571,126.7961155312024,1.854317545890808
recorded_obs-0629-02,new_latest,135,9.288743,0.9139146317769091,current_image_current_state,1,,0.47085248389275147,0.1767204718059554,0.5099844356610865,0.3479073123117084,66.8912860870818,111.08148363107006,82.89640307690179,126.33932886470686,1.8342088460922241
recorded_obs-0629-02,new_latest,135,9.288743,0.9139146317769091,current_image_current_state,2,,0.5353002722402034,0.19250415837780988,0.5609221576544038,0.3747047645506531,58.596724887007376,108.19032307882615,75.4000483904319,123.27410322525607,1.8483425378799438
recorded_obs-0629-02,new_latest,135,9.288743,0.9139146317769091,current_image_current_state,3,,0.5350126140119649,0.15754207376657475,0.5683237387678657,0.3426976718143601,58.46118738766636,113.28670586130055,75.15272340039274,128.30781169618808,2.088951349258423
recorded_obs-0629-02,new_latest,135,9.288743,0.9139146317769091,current_image_current_state,4,,0.49997797400295846,0.17302516893143483,0.5406576512725169,0.35004303248793844,63.13930560024418,111.05918500815861,79.47850167610906,126.09424779478651,1.927955150604248
recorded_obs-0629-02,new_latest,135,9.288743,0.9139146317769091,current_image_current_state,5,,0.5278020186015661,0.2076337184320004,0.5452473181255717,0.3833029030603329,59.34408187666294,106.34457481704587,75.95319112497035,121.63406909570793,1.7727985382080078
recorded_obs-0629-02,new_latest,135,9.288743,0.9139146317769091,current_image_current_state,6,,0.5444217337526567,0.15279888216295634,0.5447637510944645,0.33908582536924364,57.31133071949905,113.77702100926032,74.16508859965424,128.69258285300512,2.017908811569214
recorded_obs-0629-02,new_latest,135,9.288743,0.9139146317769091,current_image_current_state,7,,0.529755367223232,0.1569241741359147,0.550008508706476,0.3300891974124066,58.93618931695011,113.26352276502914,75.54111774982186,128.19715282999806,1.9960064888000488
recorded_obs-0629-02,new_latest,135,9.288743,0.9139146317769091,current_image_current_state,8,,0.52342453695616,0.1727376704675567,0.5453717215825749,0.34769485967588815,60.11206156064372,111.21609322638508,76.74315237324018,126.26128753809482,1.941260576248169
recorded_obs-0629-02,new_latest,135,9.288743,0.9139146317769091,current_image_current_state,9,,0.5392061224795002,0.16182991839546867,0.5392061224795002,0.34891300089585275,58.031550346553416,113.00930256928802,74.83862659313104,128.1027411849038,2.0077195167541504
recorded_obs-0629-02,new_latest,135,9.288743,0.9139146317769091,current_image_current_state,10,,0.5088835454190032,0.17329362758311612,0.5278762039910754,0.3511163838849636,61.82903005031196,111.35540601604708,78.2510926003038,126.473106051231,1.8013197183609009
recorded_obs-0629-02,new_latest,135,9.288743,0.9139146317769091,current_image_current_state,11,,0.5323871988789214,0.15010723628136083,0.5323871988789214,0.33606632978388956,58.86210685975526,114.53309055484972,75.53807776087983,129.51261352432792,2.0066564083099365
recorded_obs-0629-02,new_latest,135,9.288743,0.9139146317769091,current_image_current_state,12,,0.5418853556497911,0.17328847807372733,0.5607786711442753,0.35805579827190626,57.96737331161402,110.84716820125404,74.90474590924225,125.93535082663911,1.9896354675292969
recorded_obs-0629-02,new_latest,135,9.288743,0.9139146317769091,current_image_current_state,13,,0.528385890502094,0.1842756222894714,0.5570474328939647,0.37270597594445914,59.452135850396175,108.84195412376125,76.11094342904592,123.77562929861612,1.9127682447433472
recorded_obs-0629-02,new_latest,135,9.288743,0.9139146317769091,current_image_current_state,14,,0.516843223202328,0.1713372963315612,0.5365125696355425,0.34709014081966866,60.867273705911906,111.45305292067184,77.4355071492566,126.53534692051686,1.8927823305130005
recorded_obs-0629-02,new_latest,135,9.288743,0.9139146317769091,current_image_current_state,15,,0.489898065464516,0.16124317836233068,0.5325876528839256,0.33281163183815315,64.36848965874512,112.47006520751204,80.58874608371866,127.42215483934652,2.0805811882019043
recorded_obs-0629-02,new_latest,135,9.288743,0.9139146317769091,current_image_current_state,16,,0.5093899830279529,0.16986621215742237,0.5434599768447356,0.34108098207363163,61.68672453595247,111.46518645651923,77.94950614089487,126.5797237380807,1.919084906578064
recorded_obs-0629-02,new_latest,135,9.288743,0.9139146317769091,current_image_current_state,17,,0.507647339485349,0.17195259935549062,0.5313660515187755,0.3564159668580882,62.326696562269056,110.93827624013159,78.89437736193132,125.87142020395068,1.8310434818267822
recorded_obs-0629-02,new_latest,135,9.288743,0.9139146317769091,current_image_current_state,18,,0.5435172123543217,0.17542087881368768,0.5435172123543217,0.3531682798526085,57.5726229798212,110.80668887194055,74.47803856749073,125.89913908496573,1.8683204650878906
recorded_obs-0629-02,new_latest,135,9.288743,0.9139146317769091,current_image_current_state,19,,0.4756630461705803,0.18457107689431052,0.5370617724690494,0.3480034369882411,67.51963632019083,109.28768827037383,83.95847339620171,124.31193653300747,2.0329172611236572
recorded_obs-0629-02,new_latest,135,9.288743,0.9139146317769091,start_image_current_state,0,,0.5523496636207844,0.24692323969205074,0.5753860537789692,0.42153134028824374,55.83784555576782,101.66050242497073,72.61019428706904,117.25332119246998,1.7844208478927612
recorded_obs-0629-02,new_latest,135,9.288743,0.9139146317769091,start_image_current_state,1,,0.5138252455269237,0.25360547189970334,0.551305660242217,0.41674795041347956,61.0032789731172,101.07334016369559,77.43960570880553,116.80688006335723,1.7679694890975952
recorded_obs-0629-02,new_latest,135,9.288743,0.9139146317769091,start_image_current_state,2,,0.5602582809093815,0.266540158271327,0.598697294589546,0.43996367022908023,55.19923856357175,98.50902661215717,72.24564371210045,114.0837977114744,1.7896910905838013
recorded_obs-0629-02,new_latest,135,9.288743,0.9139146317769091,start_image_current_state,3,,0.560694057892859,0.22949707074399414,0.6038444716237291,0.40692632338395224,55.00213391233922,103.88324207332127,71.96874627640273,119.36555766397365,2.005086660385132
recorded_obs-0629-02,new_latest,135,9.288743,0.9139146317769091,start_image_current_state,4,,0.5332151328535942,0.24467692252459672,0.5803856399956723,0.4164125022420609,58.63483420352878,101.71540033586108,75.30335384260445,117.21789413875618,1.8930946588516235
recorded_obs-0629-02,new_latest,135,9.288743,0.9139146317769091,start_image_current_state,5,,0.556010110774736,0.28941003218636213,0.5849503574414403,0.45107796084531954,55.512070460492744,95.54261353599877,72.43201534220073,111.35216411624326,1.690891146659851
recorded_obs-0629-02,new_latest,135,9.288743,0.9139146317769091,start_image_current_state,6,,0.568629494071875,0.22285685911170516,0.5873379637041672,0.4032559533634672,54.02417032017231,104.6446650514366,71.12871342884436,120.01795666534832,1.9112952947616577
recorded_obs-0629-02,new_latest,135,9.288743,0.9139146317769091,start_image_current_state,7,,0.5597812876037636,0.2305925494141951,0.5820001012466639,0.3939891369983742,54.89889235011733,103.65145482275072,71.82743209481318,119.05020194086481,1.9020065069198608
recorded_obs-0629-02,new_latest,135,9.288743,0.9139146317769091,start_image_current_state,8,,0.5510786255916544,0.24709115448614055,0.5856957221908752,0.4125639411144233,56.32012430861781,101.46249737208635,73.2243304899375,116.96962826729977,1.910448670387268
recorded_obs-0629-02,new_latest,135,9.288743,0.9139146317769091,start_image_current_state,9,,0.564852102497616,0.23897563405069236,0.564852102497616,0.41822813202695874,54.5649063030618,102.94264462577893,71.64088370001596,118.51035411245685,1.7835584878921509
recorded_obs-0629-02,new_latest,135,9.288743,0.9139146317769091,start_image_current_state,10,,0.5464607020939289,0.2507771455311876,0.5698268259791792,0.41976608967939577,56.76236694771637,101.2158312941107,73.58658071089106,116.82213203356693,1.7295540571212769
recorded_obs-0629-02,new_latest,135,9.288743,0.9139146317769091,start_image_current_state,11,,0.559345461879994,0.21989996973484385,0.5654453924801784,0.4000681232553959,55.2038714089768,105.49525067105087,72.17471530580733,120.93109261722446,1.8693573474884033
recorded_obs-0629-02,new_latest,135,9.288743,0.9139146317769091,start_image_current_state,12,,0.5638660970635513,0.24552680227373808,0.6007847161389727,0.42182573963442654,54.95547464809998,101.43179658609269,72.0951669913797,116.99411599741126,1.9736071825027466
recorded_obs-0629-02,new_latest,135,9.288743,0.9139146317769091,start_image_current_state,13,,0.5580036560765503,0.25316908379206254,0.5883341769631035,0.43745984417668987,55.423402115391085,99.76702678137129,72.40269139766104,115.15598140801052,1.8016430139541626
recorded_obs-0629-02,new_latest,135,9.288743,0.9139146317769091,start_image_current_state,14,,0.5505348383521564,0.24853792694823193,0.5723825030889576,0.4134149921835096,56.349521527403596,101.42202485475144,73.26328972369325,116.98761455679802,1.7955381870269775
recorded_obs-0629-02,new_latest,135,9.288743,0.9139146317769091,start_image_current_state,15,,0.53109204818477,0.23075357093099763,0.5656901485487591,0.3974737816755033,58.80787444279047,103.41162738903544,75.46035233011058,118.82921810688002,1.9095219373703003
recorded_obs-0629-02,new_latest,135,9.288743,0.9139146317769091,start_image_current_state,16,,0.5428435176312228,0.24565892596956845,0.584879309186942,0.40741917434115416,57.12734238377752,101.52739496607045,73.7474677706953,117.12963377796406,1.8360682725906372
recorded_obs-0629-02,new_latest,135,9.288743,0.9139146317769091,start_image_current_state,17,,0.5419932774842822,0.24551312347783466,0.5741429930751522,0.42390033688516277,57.704881385078764,101.31864908131712,74.62622932563049,116.74174137216838,1.7582634687423706
recorded_obs-0629-02,new_latest,135,9.288743,0.9139146317769091,start_image_current_state,18,,0.5684937555462414,0.252367498567115,0.57822085384239,0.4215627042399379,54.21715714649713,100.71605391764545,71.37806349800456,116.29607608048016,1.712884545326233
recorded_obs-0629-02,new_latest,135,9.288743,0.9139146317769091,start_image_current_state,19,,0.5107429650634623,0.25870343031958426,0.5694312984296992,0.41374892657911955,62.7832728140943,99.61448647107663,79.53251465546161,115.12068247396985,1.941895604133606
recorded_obs-0629-02,new_latest,135,9.288743,0.9139146317769091,current_image_start_state,0,,0.0022076290842028513,-0.12059376260574155,0.0022076290842028513,-0.05233040837213759,131.8258331880741,151.18096699422645,144.22778923756977,164.9841846305391,1.2564074993133545
recorded_obs-0629-02,new_latest,135,9.288743,0.9139146317769091,current_image_start_state,1,,0.002749902698487252,-0.12316544903617796,0.002749902698487252,-0.053356514334994325,131.74458762837318,151.84782383569137,144.14961025151592,165.80780081216787,1.311246633529663
recorded_obs-0629-02,new_latest,135,9.288743,0.9139146317769091,current_image_start_state,2,,0.002384430875033125,-0.11079675919265478,0.002384430875033125,-0.047819340574068885,131.80072509140024,149.50334327972314,144.19003091319394,163.2122819790064,1.1461399793624878
recorded_obs-0629-02,new_latest,135,9.288743,0.9139146317769091,current_image_start_state,3,,0.0015913734231151257,-0.12948913357523945,0.0015913734231151257,-0.056565097849892304,131.92290896119206,152.42095691540246,144.30595375263007,166.19518025545835,1.2724637985229492
recorded_obs-0629-02,new_latest,135,9.288743,0.9139146317769091,current_image_start_state,4,,0.002097250298277052,-0.12151317991003306,0.002097250298277052,-0.05288408149950661,131.84405548287268,151.20138780295616,144.24499352964645,164.93416422150517,1.252955436706543
recorded_obs-0629-02,new_latest,135,9.288743,0.9139146317769091,current_image_start_state,5,,0.0012031204715428324,-0.10926752026773871,0.0012031204715428324,-0.04655371693320404,131.97631467991852,149.45284908199022,144.36571485304745,163.29224249011585,1.185138463973999
recorded_obs-0629-02,new_latest,135,9.288743,0.9139146317769091,current_image_start_state,6,,0.0014767100817286768,-0.12992911717351374,0.0014767100817286768,-0.05564231296368925,131.9407697379494,152.3462235689654,144.32410460714834,166.0389572353447,1.3118373155593872
recorded_obs-0629-02,new_latest,135,9.288743,0.9139146317769091,current_image_start_state,7,,0.0007505297192862223,-0.12303240822736493,0.0007505297192862223,-0.05690381617374977,132.02562384967828,151.33870830413719,144.44086557007657,165.03706433259376,1.2290056943893433
recorded_obs-0629-02,new_latest,135,9.288743,0.9139146317769091,current_image_start_state,8,,0.0015815745412630306,-0.1242008984677478,0.0015815745412630306,-0.05385654202239993,131.91514637635763,151.62844732478112,144.3183369760983,165.37645958163037,1.2539242506027222
recorded_obs-0629-02,new_latest,135,9.288743,0.9139146317769091,current_image_start_state,9,,0.0001875992738894161,-0.12687828123599545,0.0001875992738894161,-0.051909723839198875,132.12530365558598,152.27072962087837,144.51083225314358,166.1364847690282,1.220380187034607
recorded_obs-0629-02,new_latest,135,9.288743,0.9139146317769091,current_image_start_state,10,,0.0034936765126432298,-0.12218338034101106,0.0034936765126432298,-0.05255718030929641,131.6622713966731,151.40654822514048,144.02104787064815,165.1893328900764,1.2024482488632202
recorded_obs-0629-02,new_latest,135,9.288743,0.9139146317769091,current_image_start_state,11,,0.004449171041861633,-0.12677821848877205,0.004449171041861633,-0.056085268375286816,131.53375772261657,152.0616194118939,143.87322619001998,165.79812535511314,1.237816572189331
recorded_obs-0629-02,new_latest,135,9.288743,0.9139146317769091,current_image_start_state,12,,0.0023223882230670387,-0.11907614633912213,0.0023223882230670387,-0.05082223530422704,131.8300074646909,150.7204311963933,144.19456911961316,164.48060206477754,1.2303385734558105
recorded_obs-0629-02,new_latest,135,9.288743,0.9139146317769091,current_image_start_state,13,,0.0013018137585683732,-0.1182682314270902,0.0013018137585683732,-0.049302383608289806,131.95250804083858,150.24223157339344,144.35002155023875,163.77709272388105,1.1967730522155762
recorded_obs-0629-02,new_latest,135,9.288743,0.9139146317769091,current_image_start_state,14,,0.0024673227062156798,-0.12361400281127365,0.0024673227062156798,-0.05357381184382819,131.79568071543656,151.54178297282834,144.18521911008025,165.32044566121496,1.234726071357727
recorded_obs-0629-02,new_latest,135,9.288743,0.9139146317769091,current_image_start_state,15,,0.005022318096679154,-0.12198676417241856,0.005022318096679154,-0.054626100219525325,131.43983890928806,151.11723030870408,143.80865749500495,164.7850191893294,1.2320619821548462
recorded_obs-0629-02,new_latest,135,9.288743,0.9139146317769091,current_image_start_state,16,,0.0008332221467963737,-0.1219669706976849,0.0008332221467963737,-0.05284347944062632,132.02470117043617,151.29534245341415,144.42552389467843,165.10511360379417,1.2099274396896362
recorded_obs-0629-02,new_latest,135,9.288743,0.9139146317769091,current_image_start_state,17,,0.0019024202502717213,-0.12018669514237677,0.0019024202502717213,-0.051014065168996495,131.87540537157622,150.79660281412103,144.26914878012113,164.43243640761597,1.187685489654541
recorded_obs-0629-02,new_latest,135,9.288743,0.9139146317769091,current_image_start_state,18,,0.003807885961887855,-0.12011812535970257,0.003807885961887855,-0.05224424740710752,131.60848482264282,151.02878527934013,143.98651196369923,164.8207923772214,1.1689218282699585
recorded_obs-0629-02,new_latest,135,9.288743,0.9139146317769091,current_image_start_state,19,,0.004817704786300122,-0.11435095363565939,0.004817704786300122,-0.05243855111432867,131.46001053360231,150.01308771305963,143.83899083326872,163.70158525374777,1.236701250076294
recorded_obs-0629-02,new_latest,135,9.288743,0.9139146317769091,start_image_start_state,0,,0.002986925223935852,-0.10500949380175195,0.002986925223935852,-0.04289058837963365,131.70032000685904,149.43278840090701,144.10664346918713,163.49302696233445,1.3176078796386719
recorded_obs-0629-02,new_latest,135,9.288743,0.9139146317769091,start_image_start_state,1,,0.003480866501885702,-0.10881512762029551,0.003480866501885702,-0.04420680150403623,131.62586821520355,150.37437368632217,144.0326064776909,164.5937807231831,1.364158034324646
recorded_obs-0629-02,new_latest,135,9.288743,0.9139146317769091,start_image_start_state,2,,0.003181780006974535,-0.09520585540462849,0.003181780006974535,-0.03767744373174305,131.67689754788546,147.72580045403063,144.06439665888868,161.70443531811847,1.2094358205795288
recorded_obs-0629-02,new_latest,135,9.288743,0.9139146317769091,start_image_start_state,3,,0.002230185991569612,-0.11630099663067998,0.002230185991569612,-0.04806539149173974,131.81594018348252,151.02359307521328,144.20580854238307,165.04904417425283,1.3339499235153198
recorded_obs-0629-02,new_latest,135,9.288743,0.9139146317769091,start_image_start_state,4,,0.0029291984239901755,-0.1071210488819977,0.0029291984239901755,-0.043794454065263076,131.71204438252195,149.61948487307728,144.11338208097533,163.6159788509691,1.3072624206542969
recorded_obs-0629-02,new_latest,135,9.288743,0.9139146317769091,start_image_start_state,5,,0.001542958808506241,-0.09217476815579562,0.001542958808506241,-0.03649797318820162,131.91257084352085,147.50767603130575,144.30540096387435,161.61869928054182,1.247492790222168
recorded_obs-0629-02,new_latest,135,9.288743,0.9139146317769091,start_image_start_state,6,,0.00222530753514115,-0.11515613900874176,0.00222530753514115,-0.046696471004054614,131.81973611601416,150.62418350889058,144.20499600051141,164.55994081162007,1.3305082321166992
recorded_obs-0629-02,new_latest,135,9.288743,0.9139146317769091,start_image_start_state,7,,0.0009409466685751746,-0.10962903306911591,0.0009409466685751746,-0.048766012099672615,131.98691644336182,149.88407376975078,144.4023720202347,163.83866910911516,1.2842330932617188
recorded_obs-0629-02,new_latest,135,9.288743,0.9139146317769091,start_image_start_state,8,,0.0023479812909586815,-0.10941874702994618,0.0023479812909586815,-0.045028787142918504,131.79368320292707,149.98374120543184,144.1989149657721,163.98649479134974,1.3022929430007935
recorded_obs-0629-02,new_latest,135,9.288743,0.9139146317769091,start_image_start_state,9,,0.0006648057633216735,-0.11226912698086529,0.0020436000316641123,-0.04267189391936085,132.04347143327067,150.73370699664855,144.42932006436254,164.86548163854135,1.2726935148239136
recorded_obs-0629-02,new_latest,135,9.288743,0.9139146317769091,start_image_start_state,10,,0.0046849068824180995,-0.10702355146739485,0.0046849068824180995,-0.043485816898616,131.47587179488687,149.72389965686378,143.84067424858083,163.77405146502028,1.2555233240127563
recorded_obs-0629-02,new_latest,135,9.288743,0.9139146317769091,start_image_start_state,11,,0.00535923336928823,-0.11351464415124772,0.00535923336928823,-0.04757906815530868,131.39253680757207,150.64243732744183,143.72984188913208,164.6373118365202,1.296638011932373
recorded_obs-0629-02,new_latest,135,9.288743,0.9139146317769091,start_image_start_state,12,,0.002853352960874381,-0.10388417997402095,0.002853352960874381,-0.041274845013640975,131.74081200253895,148.98423841456946,144.10827638223134,162.9907272795968,1.2826799154281616
recorded_obs-0629-02,new_latest,135,9.288743,0.9139146317769091,start_image_start_state,13,,0.0023668816162668448,-0.10235260124814335,0.0023668816162668448,-0.03923341012094444,131.78738344007118,148.2878749919067,144.18477284610765,162.06727518143862,1.2190200090408325
recorded_obs-0629-02,new_latest,135,9.288743,0.9139146317769091,start_image_start_state,14,,0.0030820887458206624,-0.10914106118712914,0.0030820887458206624,-0.04459713027657271,131.6957753018105,149.95878857463535,144.08499110940954,163.99552272749764,1.284899353981018
recorded_obs-0629-02,new_latest,135,9.288743,0.9139146317769091,start_image_start_state,15,,0.005224213328070185,-0.10815104433335233,0.005224213328070185,-0.04576186275442255,131.39658706661874,149.5638349727032,143.76767531995182,163.49136211247983,1.2972135543823242
recorded_obs-0629-02,new_latest,135,9.288743,0.9139146317769091,start_image_start_state,16,,0.0018740535883401078,-0.10645004292426592,0.003468271103002693,-0.04393578759822013,131.8635883272468,149.52111419515367,144.26376930057762,163.57344112678652,1.2644898891448975
recorded_obs-0629-02,new_latest,135,9.288743,0.9139146317769091,start_image_start_state,17,,0.003376390730889329,-0.10439709007917228,0.003376390730889329,-0.04163143011740911,131.65299191787932,148.95754625941828,144.0415036470374,162.85925870141494,1.2321438789367676
recorded_obs-0629-02,new_latest,135,9.288743,0.9139146317769091,start_image_start_state,18,,0.0044900879103712925,-0.10533047000187931,0.0044900879103712925,-0.04303261644305107,131.50028199272165,149.40318564666688,143.87503273826474,163.4431870220325,1.2208161354064941
recorded_obs-0629-02,new_latest,135,9.288743,0.9139146317769091,start_image_start_state,19,,0.005204912439665636,-0.09935988300074416,0.005204912439665636,-0.04354168320055694,131.40092982670458,148.28712910595524,143.76930740873453,162.23230109805039,1.285038709640503
recorded_obs-0629-02,new_latest,137,9.421209,0.9136436294925844,current_image_current_state,0,,0.5169402530524546,0.17330052273296917,0.5367001532277555,0.3546812125673563,60.733018581636784,111.34224782466681,76.73349920362504,126.22567295456304,1.8458752632141113
recorded_obs-0629-02,new_latest,137,9.421209,0.9136436294925844,current_image_current_state,1,,0.468868731674654,0.17997672633017517,0.5088953683087484,0.34979222636773466,67.30053771628229,110.72785515184496,82.95453207911468,125.7430514047227,1.8262611627578735
recorded_obs-0629-02,new_latest,137,9.421209,0.9136436294925844,current_image_current_state,2,,0.5339252796280354,0.195668504614721,0.5601231320242582,0.37660615787294976,59.01635376491821,107.82926689481147,75.36168712806236,122.68889645613663,1.840558648109436
recorded_obs-0629-02,new_latest,137,9.421209,0.9136436294925844,current_image_current_state,3,,0.532349151370834,0.16068229908149537,0.5671850529086077,0.34429120916282907,58.9883186439338,112.90826422151525,75.22751099892804,127.71216299692334,2.0771942138671875
recorded_obs-0629-02,new_latest,137,9.421209,0.9136436294925844,current_image_current_state,4,,0.4986551424736872,0.1754314044992231,0.539470967893997,0.3517852185594645,63.509717862797864,110.78698180670997,79.4610875064865,125.60060700918896,1.9185541868209839
recorded_obs-0629-02,new_latest,137,9.421209,0.9136436294925844,current_image_current_state,5,,0.5266049401561687,0.21054237749780527,0.5438816359632722,0.38506855798596795,59.7173198288019,106.03884559087292,75.89396025799948,121.07860730620789,1.7462081909179688
recorded_obs-0629-02,new_latest,137,9.421209,0.9136436294925844,current_image_current_state,6,,0.542243566409583,0.15622538976666495,0.5441607663025966,0.34073004800199364,57.79653600849057,113.35559814764301,74.1739972832878,128.06458647118743,2.007333755493164
recorded_obs-0629-02,new_latest,137,9.421209,0.9136436294925844,current_image_current_state,7,,0.5281006747950052,0.16030196889169,0.548431713135499,0.33171254276118695,59.31591394479468,112.85091129265372,75.4928001368136,127.5720708463866,1.9784855842590332
recorded_obs-0629-02,new_latest,137,9.421209,0.9136436294925844,current_image_current_state,8,,0.5214180349855138,0.17583303392782304,0.5447088590299977,0.3492269007919555,60.56135816589752,110.88298632775711,76.75192567054114,125.70853786191884,1.9335910081863403
recorded_obs-0629-02,new_latest,137,9.421209,0.9136436294925844,current_image_current_state,9,,0.5375267411776944,0.16505136994535577,0.5375267411776944,0.35074732437237405,58.469287774863744,112.6325610105564,74.81415696978667,127.49540469361158,1.9994179010391235
recorded_obs-0629-02,new_latest,137,9.421209,0.9136436294925844,current_image_current_state,10,,0.5074879422280922,0.1771906832996167,0.5262224777524769,0.35298591654139566,62.17934460543113,110.88790124476145,78.19687766314829,125.77572462462845,1.7877600193023682
recorded_obs-0629-02,new_latest,137,9.421209,0.9136436294925844,current_image_current_state,11,,0.5303680059732747,0.15327236048264026,0.5303680059732747,0.33778391799277535,59.352079285664665,114.13703602879895,75.5846806643162,128.90389822990863,2.008206844329834
recorded_obs-0629-02,new_latest,137,9.421209,0.9136436294925844,current_image_current_state,12,,0.5388919230348602,0.17619699955746487,0.559465948997018,0.35957197484745274,58.58550403138469,110.51430475958973,75.04135733583537,125.38016698129462,1.9879980087280273
recorded_obs-0629-02,new_latest,137,9.421209,0.9136436294925844,current_image_current_state,13,,0.5268455487204463,0.18776744992031785,0.5559436718078454,0.3747384061272435,59.83693028230939,108.42581897686692,76.05331547693234,123.15890604018679,1.9027231931686401
recorded_obs-0629-02,new_latest,137,9.421209,0.9136436294925844,current_image_current_state,14,,0.5154768577388822,0.17467389774074485,0.534844586681544,0.34887731614747697,61.242078750574464,111.07054357522803,77.38962220509795,125.92570141476659,1.8751702308654785
recorded_obs-0629-02,new_latest,137,9.421209,0.9136436294925844,current_image_current_state,15,,0.4881323752979146,0.16504572625923392,0.5312898094406125,0.33458569597216375,64.79030129750063,112.01457651946691,80.63414220548123,126.75906542337799,2.070380449295044
recorded_obs-0629-02,new_latest,137,9.421209,0.9136436294925844,current_image_current_state,16,,0.5071686171810325,0.17279134843378577,0.5423449014029136,0.3427520303804066,62.15310402443936,111.14264225832025,78.03189167314586,126.02858684089104,1.91867196559906
recorded_obs-0629-02,new_latest,137,9.421209,0.9136436294925844,current_image_current_state,17,,0.5057044881498821,0.17542885444300688,0.5303390883440453,0.35832509261307727,62.7792695996197,110.50550840194771,78.92258477489068,125.2355400120863,1.8136281967163086
recorded_obs-0629-02,new_latest,137,9.421209,0.9136436294925844,current_image_current_state,18,,0.5410426352424818,0.17880737633060365,0.5410426352424818,0.35481269683850697,58.13647911127612,110.4141822437682,74.56919764192614,125.2848852793547,1.8510026931762695
recorded_obs-0629-02,new_latest,137,9.421209,0.9136436294925844,current_image_current_state,19,,0.47407347288679325,0.18726503492736235,0.5359706625829231,0.34986080733938363,67.95063929800575,108.98522685384862,83.9817108094391,123.79159926617783,2.0278050899505615
recorded_obs-0629-02,new_latest,137,9.421209,0.9136436294925844,start_image_current_state,0,,0.5494510660870717,0.245871546612698,0.573198395635464,0.41952391611158535,56.45964571458393,102.02218381818986,72.78682651823425,117.31721391969849,1.78439462184906
recorded_obs-0629-02,new_latest,137,9.421209,0.9136436294925844,start_image_current_state,1,,0.511121635164747,0.252771680780055,0.5487532563341965,0.41508747005564434,61.57866971393777,101.42384789284196,77.61419959696174,116.84529750349897,1.754720687866211
recorded_obs-0629-02,new_latest,137,9.421209,0.9136436294925844,start_image_current_state,2,,0.5577493180026842,0.265187074501253,0.5960491859596138,0.43793438527964473,55.78134117395397,98.92145752142456,72.34036890832539,114.2049109062995,1.788725733757019
recorded_obs-0629-02,new_latest,137,9.421209,0.9136436294925844,start_image_current_state,3,,0.5579995513821793,0.22854239019424835,0.6015645683023221,0.40528136021601385,55.60307308440785,104.23300800137501,72.09240019272141,119.43726242158323,2.00465989112854
recorded_obs-0629-02,new_latest,137,9.421209,0.9136436294925844,start_image_current_state,4,,0.5296478466149859,0.2442798290848615,0.577965026098884,0.41453768821077,59.317459507195714,101.99780480096713,75.54050486902813,117.21959460380883,1.894984245300293
recorded_obs-0629-02,new_latest,137,9.421209,0.9136436294925844,start_image_current_state,5,,0.5534452936689696,0.28834209109639874,0.5829929627170566,0.4492320901009809,56.09957255924636,95.9287164682552,72.552435701982,111.42209710490468,1.6880581378936768
recorded_obs-0629-02,new_latest,137,9.421209,0.9136436294925844,start_image_current_state,6,,0.5662872587243118,0.22134798632478692,0.5848748324670041,0.40164071765295944,54.59473627177339,105.05810154741188,71.20634454535073,120.16602693415516,1.9092326164245605
recorded_obs-0629-02,new_latest,137,9.421209,0.9136436294925844,start_image_current_state,7,,0.5564528063560924,0.2295016500535482,0.5802232862898938,0.39223903589415743,55.56449951531815,104.01505139183266,72.01748067263314,119.14902525227085,1.8960014581680298
recorded_obs-0629-02,new_latest,137,9.421209,0.9136436294925844,start_image_current_state,8,,0.5487525104058953,0.2465741488703506,0.5832598056305136,0.4107659825011728,56.87509164813137,101.76236390900306,73.3168583717063,116.98676580252733,1.9098005294799805
recorded_obs-0629-02,new_latest,137,9.421209,0.9136436294925844,start_image_current_state,9,,0.5627875502916149,0.23866858764058024,0.5627875502916149,0.41642015347530753,55.10322802083782,103.21597284656063,71.69316992505296,118.49257108434058,1.790705680847168
recorded_obs-0629-02,new_latest,137,9.421209,0.9136436294925844,start_image_current_state,10,,0.5435879792439658,0.24983047143121653,0.5669465214696362,0.4178556984709336,57.38660116072086,101.56188677872878,73.75281534158611,116.86942963127636,1.721481442451477
recorded_obs-0629-02,new_latest,137,9.421209,0.9136436294925844,start_image_current_state,11,,0.5567090902562696,0.21900641747313973,0.563331633742634,0.3985137686014767,55.79849676522622,105.81331758463152,72.28531139869001,120.97137008079467,1.8609209060668945
recorded_obs-0629-02,new_latest,137,9.421209,0.9136436294925844,start_image_current_state,12,,0.5613495757824272,0.2443663555153078,0.5982051206645643,0.41983478508040706,55.557908444011865,101.80053180177201,72.1983818653105,117.07263674423626,1.970380425453186
recorded_obs-0629-02,new_latest,137,9.421209,0.9136436294925844,start_image_current_state,13,,0.5552692434566372,0.2518737779552316,0.5860671882108148,0.43557156018330384,56.05040825789612,100.12400939116172,72.55195162755508,115.24818005021497,1.7969558238983154
recorded_obs-0629-02,new_latest,137,9.421209,0.9136436294925844,start_image_current_state,14,,0.5479028509702613,0.24706600811519658,0.5697182719078844,0.41161452716308833,56.9522260372698,101.85188053585782,73.40884768847204,117.13025763946317,1.8006677627563477
recorded_obs-0629-02,new_latest,137,9.421209,0.9136436294925844,start_image_current_state,15,,0.5284082296407241,0.2307718101091641,0.563026983423432,0.39588335838338035,59.39484512427162,103.60246716582783,75.61373592806463,118.75283307993554,1.9086130857467651
recorded_obs-0629-02,new_latest,137,9.421209,0.9136436294925844,start_image_current_state,16,,0.5392430941947814,0.24488130706342587,0.5824284188083989,0.40563560049083547,57.829841525759825,101.87185801623316,74.01460970270912,117.1794131436937,1.82837975025177
recorded_obs-0629-02,new_latest,137,9.421209,0.9136436294925844,start_image_current_state,17,,0.5393855004182122,0.24473749158759975,0.5714421787101178,0.42208669676439775,58.31053264013414,101.61880196361628,74.75997033569249,116.77200183254811,1.7453508377075195
recorded_obs-0629-02,new_latest,137,9.421209,0.9136436294925844,start_image_current_state,18,,0.565560543826222,0.2512003911869384,0.5756921411452514,0.4196744960677079,54.86279825684519,101.10093884646157,71.51424415015703,116.3910423173457,1.708396315574646
recorded_obs-0629-02,new_latest,137,9.421209,0.9136436294925844,start_image_current_state,19,,0.5085758796964269,0.25811189987936906,0.5675852267244854,0.4119251748153247,63.33330227409515,99.92513031679174,79.63414426837902,115.1446029619309,1.9353630542755127
recorded_obs-0629-02,new_latest,137,9.421209,0.9136436294925844,current_image_start_state,0,,0.0017318323736636274,-0.11858585587109774,0.0017318323736636274,-0.050997926058214516,131.77728304200141,150.88326857433606,144.29474197895675,164.61626731313007,1.2562607526779175
recorded_obs-0629-02,new_latest,137,9.421209,0.9136436294925844,current_image_start_state,1,,0.0022024487414475926,-0.12068736278206621,0.0022024487414475926,-0.05201884288457828,131.70529048942046,151.49001195566385,144.2268695019467,165.3640049381325,1.293287992477417
recorded_obs-0629-02,new_latest,137,9.421209,0.9136436294925844,current_image_start_state,2,,0.0021252297192611083,-0.10815137646681372,0.0021252297192611083,-0.04656231109947714,131.72103416675708,149.10531407667392,144.22381431309933,162.75692203998295,1.1258268356323242
recorded_obs-0629-02,new_latest,137,9.421209,0.9136436294925844,current_image_start_state,3,,0.0013198678740240946,-0.1275046575703204,0.0013198678740240946,-0.05525926844320191,131.84196336414107,152.12985681711382,144.3432932582588,165.83654418544918,1.2490981817245483
recorded_obs-0629-02,new_latest,137,9.421209,0.9136436294925844,current_image_start_state,4,,0.0018090774500454908,-0.11949485617336636,0.0018090774500454908,-0.05150832969405234,131.76683357718875,150.90177742661461,144.2855667299861,164.5741104669259,1.23529052734375
recorded_obs-0629-02,new_latest,137,9.421209,0.9136436294925844,current_image_start_state,5,,0.0006686919560133678,-0.10666077088611224,0.0006686919560133678,-0.04529860820214812,131.93305379457823,149.08223703778432,144.4433578930536,162.85119206512135,1.1599969863891602
recorded_obs-0629-02,new_latest,137,9.421209,0.9136436294925844,current_image_start_state,6,,0.001346300480994069,-0.12746048590034476,0.001346300480994069,-0.054314204131605114,131.84068304828924,151.98163324838876,144.34119761503928,165.62270573917579,1.2943451404571533
recorded_obs-0629-02,new_latest,137,9.421209,0.9136436294925844,current_image_start_state,7,,0.00010063184989100468,-0.1207029803092967,0.00010063184989100468,-0.055519191937611595,132.00467186848468,150.99074779601156,144.5317776791084,164.6322677631917,1.2038438320159912
recorded_obs-0629-02,new_latest,137,9.421209,0.9136436294925844,current_image_start_state,8,,0.0014595609307300104,-0.12159291196175907,0.0014595609307300104,-0.05256363505009781,131.81717033333578,151.24595123093673,144.3329870286777,164.93437894207875,1.2353711128234863
recorded_obs-0629-02,new_latest,137,9.421209,0.9136436294925844,current_image_start_state,9,,-3.532424152836644e-05,-0.12480839279357392,-3.532424152836644e-05,-0.050519419759798644,132.0352955501237,151.9743181411517,144.54433639576746,165.76466085264923,1.2076051235198975
recorded_obs-0629-02,new_latest,137,9.421209,0.9136436294925844,current_image_start_state,10,,0.0028906417674547263,-0.1196727079741284,0.0028906417674547263,-0.05126813797378326,131.62350562378984,151.0420701883439,144.11093559131155,164.7638258572079,1.1876460313796997
recorded_obs-0629-02,new_latest,137,9.421209,0.9136436294925844,current_image_start_state,11,,0.004137606604671581,-0.12498914352045087,0.004137606604671581,-0.05473858471158027,131.45502284151854,151.79538248720584,143.91622028812066,165.47189910574403,1.2205888032913208
recorded_obs-0629-02,new_latest,137,9.421209,0.9136436294925844,current_image_start_state,12,,0.001914178434983518,-0.11677135444946338,0.001914178434983518,-0.049562586455667156,131.76959113070055,150.3740892352752,144.2526603364213,164.07156771568063,1.2165495157241821
recorded_obs-0629-02,new_latest,137,9.421209,0.9136436294925844,current_image_start_state,13,,0.0012336582196248972,-0.11620532384419081,0.0012336582196248972,-0.04799232745739663,131.84343061916903,149.92598761535533,144.36132836797208,163.43391701021105,1.1955430507659912
recorded_obs-0629-02,new_latest,137,9.421209,0.9136436294925844,current_image_start_state,14,,0.0019919313933960793,-0.12162909119119157,0.0019919313933960793,-0.05220592141415578,131.74441223730295,151.24718661160244,144.253350710782,164.96176162933682,1.2191071510314941
recorded_obs-0629-02,new_latest,137,9.421209,0.9136436294925844,current_image_start_state,15,,0.00431216006563499,-0.12014719463526932,0.00431216006563499,-0.05336572854068527,131.42109455032767,150.83186670415498,143.90942962231847,164.45048779395026,1.2287074327468872
recorded_obs-0629-02,new_latest,137,9.421209,0.9136436294925844,current_image_start_state,16,,0.0005345714010469961,-0.11937141919164308,0.0011661895486843462,-0.051514706516048364,131.95393420805988,150.90729624683732,144.463279042695,164.6440276923491,1.1858582496643066
recorded_obs-0629-02,new_latest,137,9.421209,0.9136436294925844,current_image_start_state,17,,0.0018086018951862899,-0.11765719105800733,0.0018086018951862899,-0.049708758612108335,131.7698220514479,150.42261975594565,144.27989822062028,164.00846897457424,1.1663864850997925
recorded_obs-0629-02,new_latest,137,9.421209,0.9136436294925844,current_image_start_state,18,,0.0036719008100609706,-0.11789619037581801,0.0036719008100609706,-0.05091299198588177,131.504834584797,150.69316440105143,144.0070882762926,164.41343760247122,1.1584309339523315
recorded_obs-0629-02,new_latest,137,9.421209,0.9136436294925844,current_image_start_state,19,,0.004460510550662565,-0.11232041799342218,0.004460510550662565,-0.05111891572073713,131.39284741586377,149.69746980173772,143.88785585836916,163.3321213362455,1.2399005889892578
recorded_obs-0629-02,new_latest,137,9.421209,0.9136436294925844,start_image_start_state,0,,0.002986925223935852,-0.10500949380175195,0.002986925223935852,-0.04289058837963365,131.58110130464567,149.5199185112807,144.10664346918713,163.49302696233445,1.3176078796386719
recorded_obs-0629-02,new_latest,137,9.421209,0.9136436294925844,start_image_start_state,1,,0.003480866501885702,-0.10881512762029551,0.003480866501885702,-0.04420680150403623,131.50607078607155,150.48223819260824,144.0326064776909,164.5937807231831,1.364158034324646
recorded_obs-0629-02,new_latest,137,9.421209,0.9136436294925844,start_image_start_state,2,,0.003181780006974535,-0.09520585540462849,0.003181780006974535,-0.03767744373174305,131.5557384094859,147.8010022288897,144.06439665888868,161.70443531811847,1.2094358205795288
recorded_obs-0629-02,new_latest,137,9.421209,0.9136436294925844,start_image_start_state,3,,0.002230185991569612,-0.11630099663067998,0.002230185991569612,-0.04806539149173974,131.69517254716263,151.10706808065257,144.20580854238307,165.04904417425283,1.3339499235153198
recorded_obs-0629-02,new_latest,137,9.421209,0.9136436294925844,start_image_start_state,4,,0.0029291984239901755,-0.1071210488819977,0.0029291984239901755,-0.043794454065263076,131.59201823133728,149.69884357078743,144.11338208097533,163.6159788509691,1.3072624206542969
recorded_obs-0629-02,new_latest,137,9.421209,0.9136436294925844,start_image_start_state,5,,0.001542958808506241,-0.09217476815579562,0.001542958808506241,-0.03649797318820162,131.79151228023613,147.59881717077164,144.30540096387435,161.61869928054182,1.247492790222168
recorded_obs-0629-02,new_latest,137,9.421209,0.9136436294925844,start_image_start_state,6,,0.00222530753514115,-0.11515613900874176,0.00222530753514115,-0.046696471004054614,131.69816048466635,150.69547353321428,144.20499600051141,164.55994081162007,1.3305082321166992
recorded_obs-0629-02,new_latest,137,9.421209,0.9136436294925844,start_image_start_state,7,,0.0009409466685751746,-0.10962903306911591,0.0009409466685751746,-0.048766012099672615,131.8685885316838,149.95814322691623,144.4023720202347,163.83866910911516,1.2842330932617188
recorded_obs-0629-02,new_latest,137,9.421209,0.9136436294925844,start_image_start_state,8,,0.0023479812909586815,-0.10941874702994618,0.0023479812909586815,-0.045028787142918504,131.6741489768219,150.06387549008235,144.1989149657721,163.98649479134974,1.3022929430007935
recorded_obs-0629-02,new_latest,137,9.421209,0.9136436294925844,start_image_start_state,9,,0.0006648057633216735,-0.11226912698086529,0.0020436000316641123,-0.04267189391936085,131.92208316087513,150.83142298282252,144.42932006436254,164.86548163854135,1.2726935148239136
recorded_obs-0629-02,new_latest,137,9.421209,0.9136436294925844,start_image_start_state,10,,0.0046849068824180995,-0.10702355146739485,0.0046849068824180995,-0.043485816898616,131.35212382855568,149.8099539338288,143.84067424858083,163.77405146502028,1.2555233240127563
recorded_obs-0629-02,new_latest,137,9.421209,0.9136436294925844,start_image_start_state,11,,0.00535923336928823,-0.11351464415124772,0.00535923336928823,-0.04757906815530868,131.26610700362977,150.72270097831444,143.72984188913208,164.6373118365202,1.296638011932373
recorded_obs-0629-02,new_latest,137,9.421209,0.9136436294925844,start_image_start_state,12,,0.002853352960874381,-0.10388417997402095,0.002853352960874381,-0.041274845013640975,131.6175941062974,149.06289674863118,144.10827638223134,162.9907272795968,1.2826799154281616
recorded_obs-0629-02,new_latest,137,9.421209,0.9136436294925844,start_image_start_state,13,,0.0023668816162668448,-0.10235260124814335,0.0023668816162668448,-0.03923341012094444,131.66700643071403,148.3375487468816,144.18477284610765,162.06727518143862,1.2190200090408325
recorded_obs-0629-02,new_latest,137,9.421209,0.9136436294925844,start_image_start_state,14,,0.0030820887458206624,-0.10914106118712914,0.0030820887458206624,-0.04459713027657271,131.57451351844597,150.04298663518728,144.08499110940954,163.99552272749764,1.284899353981018
recorded_obs-0629-02,new_latest,137,9.421209,0.9136436294925844,start_image_start_state,15,,0.005224213328070185,-0.10815104433335233,0.005224213328070185,-0.04576186275442255,131.27321931225345,149.63347281339657,143.76767531995182,163.49136211247983,1.2972135543823242
recorded_obs-0629-02,new_latest,137,9.421209,0.9136436294925844,start_image_start_state,16,,0.0018740535883401078,-0.10645004292426592,0.003468271103002693,-0.04393578759822013,131.74374603050515,149.60615440253312,144.26376930057762,163.57344112678652,1.2644898891448975
recorded_obs-0629-02,new_latest,137,9.421209,0.9136436294925844,start_image_start_state,17,,0.003376390730889329,-0.10439709007917228,0.003376390730889329,-0.04163143011740911,131.53145142077875,149.0238905559591,144.0415036470374,162.85925870141494,1.2321438789367676
recorded_obs-0629-02,new_latest,137,9.421209,0.9136436294925844,start_image_start_state,18,,0.0044900879103712925,-0.10533047000187931,0.0044900879103712925,-0.04303261644305107,131.37783695364283,149.48761338782836,143.87503273826474,163.4431870220325,1.2208161354064941
recorded_obs-0629-02,new_latest,137,9.421209,0.9136436294925844,start_image_start_state,19,,0.005204912439665636,-0.09935988300074416,0.005204912439665636,-0.04354168320055694,131.277709178739,148.3586639645505,143.76930740873453,162.23230109805039,1.285038709640503
recorded_obs-0629-02,new_latest,152,10.424645,0.8991837232097569,current_image_current_state,0,,0.5177128199880641,0.16927191142571166,0.537765162024605,0.35327129859081613,58.09639573782616,109.14209627057473,77.00434155256995,126.92393704466978,1.8588440418243408
recorded_obs-0629-02,new_latest,152,10.424645,0.8991837232097569,current_image_current_state,1,,0.4708295937344745,0.17688156725557425,0.5097853365850814,0.34848468658261567,64.53119894441215,108.35253918835758,83.01745135145006,126.32987829154706,1.8279920816421509
recorded_obs-0629-02,new_latest,152,10.424645,0.8991837232097569,current_image_current_state,2,,0.5332884008431491,0.19337844360292014,0.5604084903353129,0.37513528083687925,56.46227519949341,105.43959413146841,75.80423836149514,123.18552373611965,1.8537967205047607
recorded_obs-0629-02,new_latest,152,10.424645,0.8991837232097569,current_image_current_state,3,,0.5326409757036241,0.15682555741904652,0.5661696503957889,0.3429618406398672,56.36707285545541,110.72630544875257,75.56231262714778,128.4117772089692,2.077608108520508
recorded_obs-0629-02,new_latest,152,10.424645,0.8991837232097569,current_image_current_state,4,,0.5003941782019193,0.1725117834843256,0.540015199345548,0.3506671687224374,60.69236583801468,108.49020675538524,79.56304010164426,126.17449686566893,1.923491358757019
recorded_obs-0629-02,new_latest,152,10.424645,0.8991837232097569,current_image_current_state,5,,0.5257829641373245,0.20760671325155072,0.5437704875839826,0.3835306302834473,57.25607551695253,103.6694587667398,76.32881827541723,121.63611462999869,1.7635631561279297
recorded_obs-0629-02,new_latest,152,10.424645,0.8991837232097569,current_image_current_state,6,,0.5421821775700228,0.1524946215660857,0.5438815574228415,0.339431929415404,55.19168470098766,111.20780642067679,74.56051881225993,128.7417133208477,2.003671407699585
recorded_obs-0629-02,new_latest,152,10.424645,0.8991837232097569,current_image_current_state,7,,0.5283029355061639,0.15654096784593682,0.5475853543823946,0.33048629519727957,56.752070508130785,110.68550590066985,75.83898944547094,128.2520892226745,1.9733080863952637
recorded_obs-0629-02,new_latest,152,10.424645,0.8991837232097569,current_image_current_state,8,,0.5222259555117861,0.17224282307784766,0.5446353761676609,0.3480633695569482,57.83776053759559,108.64125843401496,76.98679813306407,126.32818483340519,1.9495152235031128
recorded_obs-0629-02,new_latest,152,10.424645,0.8991837232097569,current_image_current_state,9,,0.5369300406433436,0.16180714706091048,0.5369300406433436,0.3493342417815322,55.934832129080434,110.3405737382014,75.25746821209044,128.13406211879476,1.9941123723983765
recorded_obs-0629-02,new_latest,152,10.424645,0.8991837232097569,current_image_current_state,10,,0.5084423033724064,0.17337501508269432,0.5275222839164663,0.35161979822131456,59.50270218906425,108.6705328667915,78.4154496179898,126.46529882220233,1.7927452325820923
recorded_obs-0629-02,new_latest,152,10.424645,0.8991837232097569,current_image_current_state,11,,0.5296218894199525,0.14895142459407174,0.5296218894199525,0.33634490415077867,56.817903199538094,112.02597085948743,76.00778033107643,129.6730617674869,1.9965463876724243
recorded_obs-0629-02,new_latest,152,10.424645,0.8991837232097569,current_image_current_state,12,,0.538745534847976,0.17229874046865945,0.559417700862306,0.3582069855113145,55.91850925239853,108.33119058557067,75.42565412199265,126.07526944147948,1.9939494132995605
recorded_obs-0629-02,new_latest,152,10.424645,0.8991837232097569,current_image_current_state,13,,0.5265292727706761,0.1850072013256469,0.5548437271257398,0.3730941052983091,57.28746801517595,106.17962214194803,76.44523080138832,123.69816531304157,1.8958381414413452
recorded_obs-0629-02,new_latest,152,10.424645,0.8991837232097569,current_image_current_state,14,,0.515667057084262,0.17074053589714486,0.5353659964831812,0.34753308037391734,58.61754207089873,108.86317422540775,77.70397489360101,126.60292914632248,1.879220724105835
recorded_obs-0629-02,new_latest,152,10.424645,0.8991837232097569,current_image_current_state,15,,0.4903478554929786,0.1610901259320736,0.5309858516289934,0.33346009337260935,61.93339279294753,109.87994833967218,80.64560073403149,127.46514740802496,2.0511374473571777
recorded_obs-0629-02,new_latest,152,10.424645,0.8991837232097569,current_image_current_state,16,,0.5081529274274773,0.16961685914079166,0.5431673097576016,0.3415966206475856,59.45380933015259,108.8310569873959,78.222204370583,126.61474485477537,1.9214259386062622
recorded_obs-0629-02,new_latest,152,10.424645,0.8991837232097569,current_image_current_state,17,,0.5076483170436072,0.1722585575396047,0.5306056879414943,0.35700678643941347,59.90933730865834,108.27371976048293,79.00695130607255,125.81598015055103,1.8153318166732788
recorded_obs-0629-02,new_latest,152,10.424645,0.8991837232097569,current_image_current_state,18,,0.5409899825209565,0.175368624475319,0.5409899825209565,0.3536049243298053,55.4898235219638,108.14785397911518,74.94722913170861,125.91452181638553,1.8563082218170166
recorded_obs-0629-02,new_latest,152,10.424645,0.8991837232097569,current_image_current_state,19,,0.47468279482601383,0.18443381347424428,0.5359665502750381,0.3485050922065438,65.17097675101117,106.66995302185035,84.19991119444816,124.3301916017593,2.0391852855682373
recorded_obs-0629-02,new_latest,152,10.424645,0.8991837232097569,start_image_current_state,0,,0.5473971016265671,0.23710929020722174,0.5694129945651343,0.4123863212350062,54.19874034534735,100.37322127531753,73.59289780764001,118.67823912697689,1.7844257354736328
recorded_obs-0629-02,new_latest,152,10.424645,0.8991837232097569,start_image_current_state,1,,0.509511119036755,0.2443838332775406,0.5437371467640101,0.40796339459098213,59.29104129631015,99.65920158278368,78.30372497131553,118.15960671579082,1.7496514320373535
recorded_obs-0629-02,new_latest,152,10.424645,0.8991837232097569,start_image_current_state,2,,0.5538409530713043,0.25688758177183213,0.5910225783695048,0.430700208534137,53.73745620428849,97.23973907923558,73.41212939854256,115.51445118386017,1.782914400100708
recorded_obs-0629-02,new_latest,152,10.424645,0.8991837232097569,start_image_current_state,3,,0.5549555810533363,0.21992492674526293,0.5968318213671739,0.39853073196420674,53.44922052310813,102.59175123278912,73.02176780616658,120.78589977043055,2.0042402744293213
recorded_obs-0629-02,new_latest,152,10.424645,0.8991837232097569,start_image_current_state,4,,0.5273593212529335,0.23561219211213413,0.5742382805724507,0.40783642976181406,57.09178360909708,100.3835552357117,76.37298242053215,118.58129931461416,1.907572627067566
recorded_obs-0629-02,new_latest,152,10.424645,0.8991837232097569,start_image_current_state,5,,0.5497394472628928,0.2798325479526985,0.577126573160201,0.4418874346291404,54.100261328224754,94.24185254696614,73.59335023060106,112.75475923092483,1.679385781288147
recorded_obs-0629-02,new_latest,152,10.424645,0.8991837232097569,start_image_current_state,6,,0.5614707704401057,0.21281381267387883,0.5812166687379584,0.3940922564512807,52.667159351304655,103.4724320298891,72.36374804222659,121.51790178629676,1.9215624332427979
recorded_obs-0629-02,new_latest,152,10.424645,0.8991837232097569,start_image_current_state,7,,0.5536514991560988,0.2210198950902265,0.5760538513598824,0.38484734544406507,53.43598011447984,102.39697922712598,72.93868778168405,120.4879810237642,1.8967888355255127
recorded_obs-0629-02,new_latest,152,10.424645,0.8991837232097569,start_image_current_state,8,,0.5450744549264868,0.23742580633342164,0.5785377600847896,0.4037249818806836,54.79651975298793,100.19323745539813,74.30734417320295,118.3811474846693,1.9149001836776733
recorded_obs-0629-02,new_latest,152,10.424645,0.8991837232097569,start_image_current_state,9,,0.5570718409565449,0.22936141068654448,0.5574633707789007,0.408887512202954,53.27918688395438,101.61999301552616,72.94674948519078,119.92118061458561,1.7634000778198242
recorded_obs-0629-02,new_latest,152,10.424645,0.8991837232097569,start_image_current_state,10,,0.5416151666736099,0.24076795579910779,0.5634022605316242,0.4106865875439185,55.108789331128335,99.973230052982,74.5239589747172,118.29142788754872,1.7235409021377563
recorded_obs-0629-02,new_latest,152,10.424645,0.8991837232097569,start_image_current_state,11,,0.5534486189739541,0.20972254520054207,0.5577896589139358,0.3910102885127557,53.66990208109948,104.28172610639976,73.2530929211774,122.43837100755812,1.8622212409973145
recorded_obs-0629-02,new_latest,152,10.424645,0.8991837232097569,start_image_current_state,12,,0.556459054397908,0.23594721693281528,0.5933621677041219,0.4129206350947969,53.57760507710534,100.12398278464963,73.35515239316375,118.39547033936185,1.9742718935012817
recorded_obs-0629-02,new_latest,152,10.424645,0.8991837232097569,start_image_current_state,13,,0.5513700496051092,0.24387198242432903,0.5814012316557514,0.42849975606588225,54.019507232988,98.50978695922721,73.59482598013905,116.51980524309316,1.793329119682312
recorded_obs-0629-02,new_latest,152,10.424645,0.8991837232097569,start_image_current_state,14,,0.5447710801887186,0.23810496242310678,0.566816310393286,0.4041648996857539,54.80136014536148,100.22502130082196,74.3346084121276,118.49487647918576,1.8025038242340088
recorded_obs-0629-02,new_latest,152,10.424645,0.8991837232097569,start_image_current_state,15,,0.5269437894015347,0.22156780907503604,0.5587792853266601,0.3885352948060273,57.06341361778544,102.10868335825094,76.31594637464887,120.21399435020909,1.8975356817245483
recorded_obs-0629-02,new_latest,152,10.424645,0.8991837232097569,start_image_current_state,16,,0.5366609034880473,0.2358564523903145,0.5775767332290956,0.3984018852719918,55.682039648133944,100.23659764014133,74.9172823962104,118.54520321313237,1.8299793004989624
recorded_obs-0629-02,new_latest,152,10.424645,0.8991837232097569,start_image_current_state,17,,0.5372351591907943,0.23599744506198023,0.5673963453305866,0.41475678326091087,56.006155594909266,100.04826640142348,75.53399273232844,118.1286259034508,1.7573862075805664
recorded_obs-0629-02,new_latest,152,10.424645,0.8991837232097569,start_image_current_state,18,,0.5611142899969552,0.24299674576299196,0.5723717740499353,0.41247158624368635,52.857372665251674,99.4081571552445,72.61595944393652,117.7106741598862,1.7113417387008667
recorded_obs-0629-02,new_latest,152,10.424645,0.8991837232097569,start_image_current_state,19,,0.5055000098938102,0.24917899632171975,0.5635107907622146,0.4046485803089025,61.020285359671554,98.33876013375709,80.43579959510375,116.52359814552905,1.9522196054458618
recorded_obs-0629-02,new_latest,152,10.424645,0.8991837232097569,current_image_start_state,0,,0.0006918868239596692,-0.11948362039292389,0.0006918868239596692,-0.052160261498487015,130.07543688011853,148.5216188923347,144.4378567240892,164.7797603381149,1.2622102499008179
recorded_obs-0629-02,new_latest,152,10.424645,0.8991837232097569,current_image_start_state,1,,0.0009201516729030302,-0.12181201110534037,0.0009201516729030302,-0.05315560506513205,130.06187809150975,149.10543123801727,144.40577350636642,165.5766244799961,1.3010648488998413
recorded_obs-0629-02,new_latest,152,10.424645,0.8991837232097569,current_image_start_state,2,,0.0016533568219969162,-0.10890793764634073,0.0016533568219969162,-0.047664498948264224,129.94412489163105,146.76199439661966,144.2885739474182,162.89944997652722,1.1340700387954712
recorded_obs-0629-02,new_latest,152,10.424645,0.8991837232097569,current_image_start_state,3,,0.0005610156731101673,-0.1285002789549522,0.0005610156731101673,-0.05642149213533799,130.10892207029005,149.79285997345647,144.44745184593808,166.02113632897715,1.2660884857177734
recorded_obs-0629-02,new_latest,152,10.424645,0.8991837232097569,current_image_start_state,4,,0.0008306350299622528,-0.12069541063233148,0.0008306350299622528,-0.05268146931952693,130.06625889635094,148.60269336490742,144.42322060036392,164.77738327748742,1.2394229173660278
recorded_obs-0629-02,new_latest,152,10.424645,0.8991837232097569,current_image_start_state,5,,0.0001672425701265606,-0.10744587790472299,0.0001672425701265606,-0.04627963689650946,130.18460032811882,146.69945577388663,144.51077036166174,163.00331874525537,1.1690566539764404
recorded_obs-0629-02,new_latest,152,10.424645,0.8991837232097569,current_image_start_state,6,,0.0002932301807216509,-0.12892426023970127,0.0002932301807216509,-0.055472747264542314,130.15850767720104,149.76140435288156,144.4882854692276,165.86653474243147,1.3093549013137817
recorded_obs-0629-02,new_latest,152,10.424645,0.8991837232097569,current_image_start_state,7,,-0.0005193299892118057,-0.12195707506006352,-0.0005193299892118057,-0.05668750289414471,130.2480407738616,148.71791819128006,144.619508717625,164.83842217613972,1.2123973369598389
recorded_obs-0629-02,new_latest,152,10.424645,0.8991837232097569,current_image_start_state,8,,0.00024022856688822038,-0.12220942726096268,0.00024022856688822038,-0.05359620703962724,130.14386769743743,148.88182521533136,144.50498183288227,165.06893074310042,1.2408992052078247
recorded_obs-0629-02,new_latest,152,10.424645,0.8991837232097569,current_image_start_state,9,,-0.0008388284522744085,-0.12578500843426646,-0.0008388284522744085,-0.0516631107075132,130.31713543573454,149.58891534356573,144.65295669528308,165.94689064527057,1.216365933418274
recorded_obs-0629-02,new_latest,152,10.424645,0.8991837232097569,current_image_start_state,10,,0.002237113685740274,-0.12051101932534035,0.002237113685740274,-0.052277285196892585,129.891133274271,148.68169189539745,144.1984567725682,164.92293282726945,1.1953469514846802
recorded_obs-0629-02,new_latest,152,10.424645,0.8991837232097569,current_image_start_state,11,,0.0034357112277393024,-0.1257941356762783,0.0034357112277393024,-0.05589563188086164,129.73110518350995,149.43373885273908,144.01356481587084,165.61989706703503,1.2213548421859741
recorded_obs-0629-02,new_latest,152,10.424645,0.8991837232097569,current_image_start_state,12,,0.0013979287364125333,-0.11765766990080832,0.0013979287364125333,-0.0506413267851386,130.01026596583375,148.03797990283925,144.32177702925037,164.22913977333778,1.213679313659668
recorded_obs-0629-02,new_latest,152,10.424645,0.8991837232097569,current_image_start_state,13,,0.00042741664815188304,-0.11750802761733224,0.00042741664815188304,-0.04908515775997092,130.12580400806095,147.7309098152773,144.47312524196485,163.6249765510793,1.1995519399642944
recorded_obs-0629-02,new_latest,152,10.424645,0.8991837232097569,current_image_start_state,14,,0.0013007277487817029,-0.12228519177362503,0.0013007277487817029,-0.05330925176510978,130.0129075054034,148.87277094393139,144.3460465615751,165.1019260981997,1.2209570407867432
recorded_obs-0629-02,new_latest,152,10.424645,0.8991837232097569,current_image_start_state,15,,0.0032997746747527525,-0.12060403427385703,0.0032997746747527525,-0.05442982420342918,129.74296201114245,148.46335821087177,144.0514311682772,164.54693143200785,1.2210291624069214
recorded_obs-0629-02,new_latest,152,10.424645,0.8991837232097569,current_image_start_state,16,,-0.0002666500695724087,-0.12001169060232915,-4.274787086356384e-05,-0.052685065119594816,130.2225638782559,148.51251375063143,144.57699239993408,164.7749493682754,1.2063038349151611
recorded_obs-0629-02,new_latest,152,10.424645,0.8991837232097569,current_image_start_state,17,,0.0009990084936774494,-0.11906952004838434,0.0009990084936774494,-0.05083136465756149,130.0553426045782,148.20055156341127,144.3927660425911,164.2352896336206,1.1735249757766724
recorded_obs-0629-02,new_latest,152,10.424645,0.8991837232097569,current_image_start_state,18,,0.002655451726512042,-0.11848797027383175,0.002655451726512042,-0.05202674191199317,129.80706485571142,148.29944572893143,144.14887456272925,164.54236222879067,1.1673784255981445
recorded_obs-0629-02,new_latest,152,10.424645,0.8991837232097569,current_image_start_state,19,,0.003306117545265726,-0.11301067145594888,0.003306117545265726,-0.052127838102089284,129.71403599725912,147.35909023835785,144.05126295503527,163.46875129452775,1.248673439025879
recorded_obs-0629-02,new_latest,152,10.424645,0.8991837232097569,start_image_start_state,0,,0.002986925223935852,-0.10500949380175195,0.002986925223935852,-0.04289058837963365,129.70567387610808,146.88419241481986,144.10664346918713,163.49302696233445,1.3176078796386719
recorded_obs-0629-02,new_latest,152,10.424645,0.8991837232097569,start_image_start_state,1,,0.003480866501885702,-0.10881512762029551,0.003480866501885702,-0.04420680150403623,129.6551201923374,147.77227140415158,144.0326064776909,164.5937807231831,1.364158034324646
recorded_obs-0629-02,new_latest,152,10.424645,0.8991837232097569,start_image_start_state,2,,0.003181780006974535,-0.09520585540462849,0.003181780006974535,-0.03767744373174305,129.69132371161578,145.2075469712161,144.06439665888868,161.70443531811847,1.2094358205795288
recorded_obs-0629-02,new_latest,152,10.424645,0.8991837232097569,start_image_start_state,3,,0.002230185991569612,-0.11630099663067998,0.002230185991569612,-0.04806539149173974,129.82514640391565,148.48084424063927,144.20580854238307,165.04904417425283,1.3339499235153198
recorded_obs-0629-02,new_latest,152,10.424645,0.8991837232097569,start_image_start_state,4,,0.0029291984239901755,-0.1071210488819977,0.0029291984239901755,-0.043794454065263076,129.73055268434962,147.09096842916134,144.11338208097533,163.6159788509691,1.3072624206542969
recorded_obs-0629-02,new_latest,152,10.424645,0.8991837232097569,start_image_start_state,5,,0.001542958808506241,-0.09217476815579562,0.001542958808506241,-0.03649797318820162,129.94571524430555,144.95479410608812,144.30540096387435,161.61869928054182,1.247492790222168
recorded_obs-0629-02,new_latest,152,10.424645,0.8991837232097569,start_image_start_state,6,,0.00222530753514115,-0.11515613900874176,0.00222530753514115,-0.046696471004054614,129.84056931307248,148.1382195546806,144.20499600051141,164.55994081162007,1.3305082321166992
recorded_obs-0629-02,new_latest,152,10.424645,0.8991837232097569,start_image_start_state,7,,0.0009409466685751746,-0.10962903306911591,0.0009409466685751746,-0.048766012099672615,129.99835819702565,147.37150639537478,144.4023720202347,163.83866910911516,1.2842330932617188
recorded_obs-0629-02,new_latest,152,10.424645,0.8991837232097569,start_image_start_state,8,,0.0023479812909586815,-0.10941874702994618,0.0023479812909586815,-0.045028787142918504,129.805348467242,147.4617377983748,144.1989149657721,163.98649479134974,1.3022929430007935
recorded_obs-0629-02,new_latest,152,10.424645,0.8991837232097569,start_image_start_state,9,,0.0006648057633216735,-0.11226912698086529,0.0020436000316641123,-0.04267189391936085,130.06408202245157,148.15503110481978,144.42932006436254,164.86548163854135,1.2726935148239136
recorded_obs-0629-02,new_latest,152,10.424645,0.8991837232097569,start_image_start_state,10,,0.0046849068824180995,-0.10702355146739485,0.0046849068824180995,-0.043485816898616,129.4993690262371,147.18106672372028,143.84067424858083,163.77405146502028,1.2555233240127563
recorded_obs-0629-02,new_latest,152,10.424645,0.8991837232097569,start_image_start_state,11,,0.00535923336928823,-0.11351464415124772,0.00535923336928823,-0.04757906815530868,129.4181800520707,148.1076828397017,143.72984188913208,164.6373118365202,1.296638011932373
recorded_obs-0629-02,new_latest,152,10.424645,0.8991837232097569,start_image_start_state,12,,0.002853352960874381,-0.10388417997402095,0.002853352960874381,-0.041274845013640975,129.76138321278194,146.4596061485489,144.10827638223134,162.9907272795968,1.2826799154281616
recorded_obs-0629-02,new_latest,152,10.424645,0.8991837232097569,start_image_start_state,13,,0.0023668816162668448,-0.10235260124814335,0.0023668816162668448,-0.03923341012094444,129.81317094319493,145.84192783605388,144.18477284610765,162.06727518143862,1.2190200090408325
recorded_obs-0629-02,new_latest,152,10.424645,0.8991837232097569,start_image_start_state,14,,0.0030820887458206624,-0.10914106118712914,0.0030820887458206624,-0.04459713027657271,129.71520934551393,147.42159695009545,144.08499110940954,163.99552272749764,1.284899353981018
recorded_obs-0629-02,new_latest,152,10.424645,0.8991837232097569,start_image_start_state,15,,0.005224213328070185,-0.10815104433335233,0.005224213328070185,-0.04576186275442255,129.42637308607803,147.06722933676778,143.76767531995182,163.49136211247983,1.2972135543823242
recorded_obs-0629-02,new_latest,152,10.424645,0.8991837232097569,start_image_start_state,16,,0.0018740535883401078,-0.10645004292426592,0.003468271103002693,-0.04393578759822013,129.8745300649864,146.98065314274743,144.26376930057762,163.57344112678652,1.2644898891448975
recorded_obs-0629-02,new_latest,152,10.424645,0.8991837232097569,start_image_start_state,17,,0.003376390730889329,-0.10439709007917228,0.003376390730889329,-0.04163143011740911,129.67685489994682,146.46621404976213,144.0415036470374,162.85925870141494,1.2321438789367676
recorded_obs-0629-02,new_latest,152,10.424645,0.8991837232097569,start_image_start_state,18,,0.0044900879103712925,-0.10533047000187931,0.0044900879103712925,-0.04303261644305107,129.51244406286943,146.8563310804887,143.87503273826474,163.4431870220325,1.2208161354064941
recorded_obs-0629-02,new_latest,152,10.424645,0.8991837232097569,start_image_start_state,19,,0.005204912439665636,-0.09935988300074416,0.005204912439665636,-0.04354168320055694,129.41270657824504,145.78114602966173,143.76930740873453,162.23230109805039,1.285038709640503
recorded_obs-0629-02,new_latest,154,10.558552,0.9193797044040576,current_image_current_state,0,,0.519138088128062,0.16858835053596133,0.5386987040788598,0.35264473325055484,60.983058137577736,112.44334549618955,76.81009375612794,127.09116979921647,1.875266671180725
recorded_obs-0629-02,new_latest,154,10.558552,0.9193797044040576,current_image_current_state,1,,0.4711007124162405,0.1753591887538616,0.5096160296137102,0.3477400636947935,67.58218854925885,111.78993580606893,82.97287639794799,126.62625641887811,1.8286612033843994
recorded_obs-0629-02,new_latest,154,10.558552,0.9193797044040576,current_image_current_state,2,,0.5349057421292908,0.1917116954721645,0.5617688789808228,0.37463600704516686,59.303853852960835,108.85670676907048,75.57524634298262,123.4656197478844,1.864532232284546
recorded_obs-0629-02,new_latest,154,10.558552,0.9193797044040576,current_image_current_state,3,,0.5343964719140968,0.15555991309666048,0.5681086734463613,0.34232059956746935,59.19144247153746,114.12333640925549,75.30461856590298,128.67681444712392,2.0991814136505127
recorded_obs-0629-02,new_latest,154,10.558552,0.9193797044040576,current_image_current_state,4,,0.5009007096111788,0.17078114604721942,0.5408205738583161,0.3499714838810724,63.697763208866185,111.9346375274382,79.47068906655088,126.48546685282804,1.9338890314102173
recorded_obs-0629-02,new_latest,154,10.558552,0.9193797044040576,current_image_current_state,5,,0.526735229713921,0.20721819630399452,0.5446566879689403,0.3830045130127963,60.19256907207153,106.93419903194173,76.17298811633181,121.76558686621219,1.7701036930084229
recorded_obs-0629-02,new_latest,154,10.558552,0.9193797044040576,current_image_current_state,6,,0.5433735990402245,0.1507616268296793,0.5449146142017968,0.33876896426252295,58.09403451580339,114.6479673866921,74.38750843861354,129.05045053387522,2.0157783031463623
recorded_obs-0629-02,new_latest,154,10.558552,0.9193797044040576,current_image_current_state,7,,0.5299337169792571,0.15513314240840462,0.548987325635564,0.32962858797356565,59.585244372250465,114.09834860826453,75.58784257393833,128.53530818450582,1.99069082736969
recorded_obs-0629-02,new_latest,154,10.558552,0.9193797044040576,current_image_current_state,8,,0.5233189059220578,0.17109711603085215,0.5451526831829533,0.34730952058500775,60.765049995455755,112.00847109395389,76.83153878880799,126.56586507305518,1.9563522338867188
recorded_obs-0629-02,new_latest,154,10.558552,0.9193797044040576,current_image_current_state,9,,0.5388196226958426,0.1597470880707769,0.5388196226958426,0.34838057844315634,58.72898512918333,113.84024701556291,74.97753712358656,128.49126667622153,2.016432762145996
recorded_obs-0629-02,new_latest,154,10.558552,0.9193797044040576,current_image_current_state,10,,0.5095354400856379,0.1719962841516073,0.5273288907596231,0.35090039885577196,62.420748782577746,112.06632659651774,78.24934276087475,126.72184242005198,1.7977523803710938
recorded_obs-0629-02,new_latest,154,10.558552,0.9193797044040576,current_image_current_state,11,,0.5313123286846783,0.1477504413563636,0.5313123286846783,0.335549822206143,59.63775012442905,115.43260578884684,75.74403783979977,129.94766417596063,2.0074541568756104
recorded_obs-0629-02,new_latest,154,10.558552,0.9193797044040576,current_image_current_state,12,,0.5401918977977914,0.17109287048957478,0.5601138044288866,0.35763955517678864,58.766270909674226,111.71508242631847,75.19386409942518,126.3342574365144,2.005244255065918
recorded_obs-0629-02,new_latest,154,10.558552,0.9193797044040576,current_image_current_state,13,,0.5277654584377732,0.18349742475736344,0.555569912582953,0.37274546763582883,60.181057177809436,109.56204866343899,76.2547390211795,123.95357142799077,1.9090876579284668
recorded_obs-0629-02,new_latest,154,10.558552,0.9193797044040576,current_image_current_state,14,,0.5175559137583391,0.16934094403302538,0.5361457223907314,0.3467587441397517,61.451240320724175,112.2740675267385,77.45711231805234,126.88021039253141,1.8904176950454712
recorded_obs-0629-02,new_latest,154,10.558552,0.9193797044040576,current_image_current_state,15,,0.49037537815582327,0.15943204139890127,0.5319813818636191,0.33268186470023364,65.01469139356959,113.31519655821012,80.63259356697696,127.77479755583641,2.0709567070007324
recorded_obs-0629-02,new_latest,154,10.558552,0.9193797044040576,current_image_current_state,16,,0.5092133844584911,0.16818380583905654,0.5440310256122508,0.3408536701864221,62.3980563039676,112.25376604548818,78.06037821401681,126.90964507424701,1.9361953735351562
recorded_obs-0629-02,new_latest,154,10.558552,0.9193797044040576,current_image_current_state,17,,0.5083731035729494,0.17201013141792929,0.5315910496086264,0.356376180990803,62.88701045147419,111.511043581794,78.89038493171806,125.94196481937975,1.829433798789978
recorded_obs-0629-02,new_latest,154,10.558552,0.9193797044040576,current_image_current_state,18,,0.5427453454654874,0.17427363058627768,0.5427453454654874,0.3529319606982208,58.32319037409341,111.50703563879688,74.71362110603374,126.14295427084768,1.8696610927581787
recorded_obs-0629-02,new_latest,154,10.558552,0.9193797044040576,current_image_current_state,19,,0.47391132743156567,0.18327817678636388,0.5367540362035729,0.34785710367308514,68.36974373966669,110.03044023749595,84.28406076825189,124.5605069039893,2.0383262634277344
recorded_obs-0629-02,new_latest,154,10.558552,0.9193797044040576,start_image_current_state,0,,0.5519221671141863,0.2446909290012947,0.5745760855231633,0.4196721041657516,56.56598223286993,102.44678432634822,72.8590207708104,117.62101474087382,1.7809799909591675
recorded_obs-0629-02,new_latest,154,10.558552,0.9193797044040576,start_image_current_state,1,,0.5130834327912663,0.2512373792221929,0.5495581581932663,0.41499670382163023,61.79707749428171,101.83052974071762,77.69400065748306,117.19427021475144,1.7552543878555298
recorded_obs-0629-02,new_latest,154,10.558552,0.9193797044040576,start_image_current_state,2,,0.5589580875191887,0.2641037714955419,0.5969923914700781,0.43780055301889587,56.00492282533532,99.34491360890486,72.59972237458288,114.48218832067482,1.7905277013778687
recorded_obs-0629-02,new_latest,154,10.558552,0.9193797044040576,start_image_current_state,3,,0.5599138667236724,0.22774700872264012,0.6021375210348412,0.4054263492978455,55.743047663641356,104.62241915083409,72.21882869564644,119.67628323709111,2.000593900680542
recorded_obs-0629-02,new_latest,154,10.558552,0.9193797044040576,start_image_current_state,4,,0.5320018269060838,0.24288494462438448,0.5793897681097295,0.41476022628371545,59.436027969160854,102.47908124322377,75.6047759385092,117.53723851646149,1.8989399671554565
recorded_obs-0629-02,new_latest,154,10.558552,0.9193797044040576,start_image_current_state,5,,0.5547911369303831,0.28692894774935745,0.5841003354428048,0.4490712984117644,56.36045243475425,96.35664352321878,72.76796243612115,111.73737134331539,1.6841881275177002
recorded_obs-0629-02,new_latest,154,10.558552,0.9193797044040576,start_image_current_state,6,,0.5668486585340717,0.22034668961697831,0.5859516208414425,0.40124359909695734,54.890631058352874,105.52775384263009,71.51718004240443,120.43476013725453,1.9180786609649658
recorded_obs-0629-02,new_latest,154,10.558552,0.9193797044040576,start_image_current_state,7,,0.5580311006554785,0.2284418619349502,0.581068444651756,0.3919874789214659,55.7934342767739,104.47289259138732,72.21133660857004,119.42662474944316,1.8970873355865479
recorded_obs-0629-02,new_latest,154,10.558552,0.9193797044040576,start_image_current_state,8,,0.549003747572944,0.24501275149780224,0.5846398673250882,0.4106863298830407,57.23703719750941,102.27094947022759,73.64182271417468,117.32292893343799,1.9156585931777954
recorded_obs-0629-02,new_latest,154,10.558552,0.9193797044040576,start_image_current_state,9,,0.5630168244567199,0.23722072660648716,0.5630168244567199,0.4163254889457295,55.44153122171338,103.66007135642305,72.0393140110066,118.8296958990613,1.787627935409546
recorded_obs-0629-02,new_latest,154,10.558552,0.9193797044040576,start_image_current_state,10,,0.546253664780383,0.24849759032685964,0.5689744512547618,0.4176494217144537,57.45512022764029,102.03403304163524,73.7814547653204,117.22004667549976,1.7230550050735474
recorded_obs-0629-02,new_latest,154,10.558552,0.9193797044040576,start_image_current_state,11,,0.5579828388656133,0.2168533068935942,0.5644757696942531,0.3981513773614162,56.04118521649434,106.40011498218642,72.52725886983414,121.40830595076989,1.865593433380127
recorded_obs-0629-02,new_latest,154,10.558552,0.9193797044040576,start_image_current_state,12,,0.5615076160812682,0.24316447283525813,0.5993508177292544,0.41992645673407875,55.85678529328185,102.23751938305246,72.5662646280571,117.37811855360903,1.974358320236206
recorded_obs-0629-02,new_latest,154,10.558552,0.9193797044040576,start_image_current_state,13,,0.5564558301795052,0.25064721571811055,0.5870310158544408,0.4354245772686956,56.28917347171312,100.67134859339835,72.78170026018962,115.54766517331174,1.801841139793396
recorded_obs-0629-02,new_latest,154,10.558552,0.9193797044040576,start_image_current_state,14,,0.5492767861268792,0.24573958253651448,0.5717723937781779,0.4114995596909508,57.162645427395404,102.28651937485083,73.60500736239479,117.42283651286598,1.8021728992462158
recorded_obs-0629-02,new_latest,154,10.558552,0.9193797044040576,start_image_current_state,15,,0.5301997621759791,0.22848346880597126,0.5642544553046971,0.39575521690583404,59.60064419185641,104.24051287507456,75.73336256921918,119.20670632298508,1.9018371105194092
recorded_obs-0629-02,new_latest,154,10.558552,0.9193797044040576,start_image_current_state,16,,0.540517166325379,0.24348585420853383,0.583867706032016,0.4057182520768859,58.126841511011435,102.28323914930426,74.22977989488125,117.46078545949672,1.8457286357879639
recorded_obs-0629-02,new_latest,154,10.558552,0.9193797044040576,start_image_current_state,17,,0.5415386347052297,0.2429835479775147,0.5732349992683867,0.4219799971919082,58.40777494931007,102.19777723612081,74.8515027039213,117.14709986693967,1.7570585012435913
recorded_obs-0629-02,new_latest,154,10.558552,0.9193797044040576,start_image_current_state,18,,0.5655568741884867,0.25047796727275173,0.5780989897262065,0.41970619313921165,55.2350815416555,101.46735480209341,71.92728836241304,116.62207650964875,1.7152607440948486
recorded_obs-0629-02,new_latest,154,10.558552,0.9193797044040576,start_image_current_state,19,,0.5090600289952654,0.2562362569119235,0.5679127835900344,0.4117680510375732,63.586852203960454,100.47575773032084,79.8927598078778,115.52790461745789,1.9515001773834229
recorded_obs-0629-02,new_latest,154,10.558552,0.9193797044040576,current_image_start_state,0,,0.0009354945610494383,-0.12134025030783101,0.0009354945610494383,-0.052889694044150004,132.91496542891502,151.94579482903282,144.40671156864894,165.15472472155193,1.2709964513778687
recorded_obs-0629-02,new_latest,154,10.558552,0.9193797044040576,current_image_start_state,1,,0.001577506586594656,-0.12373955340492354,0.001577506586594656,-0.05396243139362422,132.8349194617526,152.57101095353045,144.3139966713363,165.98609791002212,1.3131399154663086
recorded_obs-0629-02,new_latest,154,10.558552,0.9193797044040576,current_image_start_state,2,,0.0015671224142872946,-0.11044475838630932,0.0015671224142872946,-0.04840533701898688,132.82515474726907,150.13542110033546,144.30345894068438,163.2319956292135,1.1536121368408203
recorded_obs-0629-02,new_latest,154,10.558552,0.9193797044040576,current_image_start_state,3,,0.0007321756078276316,-0.13024786361165236,0.0007321756078276316,-0.057178362628154615,132.95407159937636,153.19349402868573,144.42669218322558,166.3718668528519,1.272189736366272
recorded_obs-0629-02,new_latest,154,10.558552,0.9193797044040576,current_image_start_state,4,,0.0008788574567529602,-0.12268251898771991,0.0008788574567529602,-0.05348901867109086,132.93324646354174,152.03830394443193,144.41703766612105,165.1681099228587,1.2432860136032104
recorded_obs-0629-02,new_latest,154,10.558552,0.9193797044040576,current_image_start_state,5,,6.5974983456854e-05,-0.1092194270228251,6.5974983456854e-05,-0.047128349825856536,133.06027489066244,150.10796837420025,144.53027722306632,163.36893350748852,1.1879870891571045
recorded_obs-0629-02,new_latest,154,10.558552,0.9193797044040576,current_image_start_state,6,,0.0005988004207328387,-0.1312165018991935,0.0005988004207328387,-0.056296692645250494,132.98474335528635,153.21818305158126,144.44673769066395,166.27215327629983,1.3266972303390503
recorded_obs-0629-02,new_latest,154,10.558552,0.9193797044040576,current_image_start_state,7,,-3.731338821098058e-05,-0.12332909922316689,-3.731338821098058e-05,-0.05741196975147744,133.04717321327203,152.06355787087895,144.5529990314354,165.14369890628362,1.2229642868041992
recorded_obs-0629-02,new_latest,154,10.558552,0.9193797044040576,current_image_start_state,8,,0.0007981170803945762,-0.12400715236161194,0.0007981170803945762,-0.05443062287502623,132.9324196193405,152.29327901045556,144.42978802645314,165.43121424028885,1.2585325241088867
recorded_obs-0629-02,new_latest,154,10.558552,0.9193797044040576,current_image_start_state,9,,-0.0006323240738896797,-0.12779361829360802,-0.0006323240738896797,-0.05247615427618844,133.15734117255158,153.05563804934425,144.62633055734142,166.35791555827186,1.2350196838378906
recorded_obs-0629-02,new_latest,154,10.558552,0.9193797044040576,current_image_start_state,10,,0.0024802678538449006,-0.12257519125218679,0.0024802678538449006,-0.05303427974331123,132.71540545601252,152.13023742263263,144.1707044074197,165.32024614293138,1.2050262689590454
recorded_obs-0629-02,new_latest,154,10.558552,0.9193797044040576,current_image_start_state,11,,0.0039476838185114795,-0.12737191904065384,0.0039476838185114795,-0.05664281680016456,132.523000136773,152.81798757171876,143.94336574542587,165.9574898210996,1.2435438632965088
recorded_obs-0629-02,new_latest,154,10.558552,0.9193797044040576,current_image_start_state,12,,0.0016081513046220352,-0.12011128125167272,0.0016081513046220352,-0.05141398016847433,132.8469208566745,151.54458487098472,144.29646076774975,164.6953657295769,1.2287222146987915
recorded_obs-0629-02,new_latest,154,10.558552,0.9193797044040576,current_image_start_state,13,,0.0003922594256551293,-0.11849621093372636,0.0003922594256551293,-0.0497916829788864,132.99943069833338,150.9951108225446,144.4809798919046,163.8745693261806,1.2071806192398071
recorded_obs-0629-02,new_latest,154,10.558552,0.9193797044040576,current_image_start_state,14,,0.0017942328564235963,-0.12464528392886236,0.0017942328564235963,-0.054098679925241616,132.80878204712647,152.36493861159244,144.2785919639969,165.5453423866451,1.2404390573501587
recorded_obs-0629-02,new_latest,154,10.558552,0.9193797044040576,current_image_start_state,15,,0.0037544095232731195,-0.12283851406391198,0.0037544095232731195,-0.05520263628130156,132.54006326860204,151.93120701295297,143.9905242882289,164.97618906873467,1.2442078590393066
recorded_obs-0629-02,new_latest,154,10.558552,0.9193797044040576,current_image_start_state,16,,2.9256561365559298e-05,-0.12239237399318051,0.00015996566214240368,-0.053495901398231294,133.05366764680227,152.02338732278798,144.53540527661167,165.2419512934324,1.2144484519958496
recorded_obs-0629-02,new_latest,154,10.558552,0.9193797044040576,current_image_start_state,17,,0.000789461316912659,-0.12072937067862917,0.000789461316912659,-0.051496321228830445,132.9535249041795,151.5861618600603,144.42768881079337,164.5878605292454,1.187362551689148
recorded_obs-0629-02,new_latest,154,10.558552,0.9193797044040576,current_image_start_state,18,,0.0030541300661289378,-0.12091471151377838,0.0030541300661289378,-0.05285592000529455,132.62264948071598,151.79847698908944,144.0943678603119,164.99462721208224,1.1658685207366943
recorded_obs-0629-02,new_latest,154,10.558552,0.9193797044040576,current_image_start_state,19,,0.0033490551176253154,-0.11480069705626052,0.0033490551176253154,-0.05288701906932109,132.57432215511912,150.75108460874435,144.04653852203504,163.81754534742797,1.241767406463623
recorded_obs-0629-02,new_latest,154,10.558552,0.9193797044040576,start_image_start_state,0,,0.002986925223935852,-0.10500949380175195,0.002986925223935852,-0.04289058837963365,132.58370746103685,149.99336820382277,144.10664346918713,163.49302696233445,1.3176078796386719
recorded_obs-0629-02,new_latest,154,10.558552,0.9193797044040576,start_image_start_state,1,,0.003480866501885702,-0.10881512762029551,0.003480866501885702,-0.04420680150403623,132.52461644138995,150.89065571422685,144.0326064776909,164.5937807231831,1.364158034324646
recorded_obs-0629-02,new_latest,154,10.558552,0.9193797044040576,start_image_start_state,2,,0.003181780006974535,-0.09520585540462849,0.003181780006974535,-0.03767744373174305,132.56274542373612,148.30809400774308,144.06439665888868,161.70443531811847,1.2094358205795288
recorded_obs-0629-02,new_latest,154,10.558552,0.9193797044040576,start_image_start_state,3,,0.002230185991569612,-0.11630099663067998,0.002230185991569612,-0.04806539149173974,132.7009073779674,151.58854160361338,144.20580854238307,165.04904417425283,1.3339499235153198
recorded_obs-0629-02,new_latest,154,10.558552,0.9193797044040576,start_image_start_state,4,,0.0029291984239901755,-0.1071210488819977,0.0029291984239901755,-0.043794454065263076,132.60381693200213,150.1968015029107,144.11338208097533,163.6159788509691,1.3072624206542969
recorded_obs-0629-02,new_latest,154,10.558552,0.9193797044040576,start_image_start_state,5,,0.001542958808506241,-0.09217476815579562,0.001542958808506241,-0.03649797318820162,132.81448187117758,148.06111206828527,144.30540096387435,161.61869928054182,1.247492790222168
recorded_obs-0629-02,new_latest,154,10.558552,0.9193797044040576,start_image_start_state,6,,0.00222530753514115,-0.11515613900874176,0.00222530753514115,-0.046696471004054614,132.71470268713585,151.23730494554195,144.20499600051141,164.55994081162007,1.3305082321166992
recorded_obs-0629-02,new_latest,154,10.558552,0.9193797044040576,start_image_start_state,7,,0.0009409466685751746,-0.10962903306911591,0.0009409466685751746,-0.048766012099672615,132.87279838338793,150.47398541864726,144.4023720202347,163.83866910911516,1.2842330932617188
recorded_obs-0629-02,new_latest,154,10.558552,0.9193797044040576,start_image_start_state,8,,0.0023479812909586815,-0.10941874702994618,0.0023479812909586815,-0.045028787142918504,132.68028715429776,150.5681343120583,144.1989149657721,163.98649479134974,1.3022929430007935
recorded_obs-0629-02,new_latest,154,10.558552,0.9193797044040576,start_image_start_state,9,,0.0006648057633216735,-0.11226912698086529,0.0020436000316641123,-0.04267189391936085,132.93789512224635,151.27064121716026,144.42932006436254,164.86548163854135,1.2726935148239136
recorded_obs-0629-02,new_latest,154,10.558552,0.9193797044040576,start_image_start_state,10,,0.0046849068824180995,-0.10702355146739485,0.0046849068824180995,-0.043485816898616,132.36882844540918,150.2901831535227,143.84067424858083,163.77405146502028,1.2555233240127563
recorded_obs-0629-02,new_latest,154,10.558552,0.9193797044040576,start_image_start_state,11,,0.00535923336928823,-0.11351464415124772,0.00535923336928823,-0.04757906815530868,132.28677441584964,151.21691234813164,143.72984188913208,164.6373118365202,1.296638011932373
recorded_obs-0629-02,new_latest,154,10.558552,0.9193797044040576,start_image_start_state,12,,0.002853352960874381,-0.10388417997402095,0.002853352960874381,-0.041274845013640975,132.63556718200596,149.55898823065687,144.10827638223134,162.9907272795968,1.2826799154281616
recorded_obs-0629-02,new_latest,154,10.558552,0.9193797044040576,start_image_start_state,13,,0.0023668816162668448,-0.10235260124814335,0.0023668816162668448,-0.03923341012094444,132.68334654132312,148.9240100485125,144.18477284610765,162.06727518143862,1.2190200090408325
recorded_obs-0629-02,new_latest,154,10.558552,0.9193797044040576,start_image_start_state,14,,0.0030820887458206624,-0.10914106118712914,0.0030820887458206624,-0.04459713027657271,132.58805490976167,150.52802750347092,144.08499110940954,163.99552272749764,1.284899353981018
recorded_obs-0629-02,new_latest,154,10.558552,0.9193797044040576,start_image_start_state,15,,0.005224213328070185,-0.10815104433335233,0.005224213328070185,-0.04576186275442255,132.29507177395914,150.16612266418718,143.76767531995182,163.49136211247983,1.2972135543823242
recorded_obs-0629-02,new_latest,154,10.558552,0.9193797044040576,start_image_start_state,16,,0.0018740535883401078,-0.10645004292426592,0.003468271103002693,-0.04393578759822013,132.75026641426555,150.08543619705532,144.26376930057762,163.57344112678652,1.2644898891448975
recorded_obs-0629-02,new_latest,154,10.558552,0.9193797044040576,start_image_start_state,17,,0.003376390730889329,-0.10439709007917228,0.003376390730889329,-0.04163143011740911,132.54947949029312,149.56319845086426,144.0415036470374,162.85925870141494,1.2321438789367676
recorded_obs-0629-02,new_latest,154,10.558552,0.9193797044040576,start_image_start_state,18,,0.0044900879103712925,-0.10533047000187931,0.0044900879103712925,-0.04303261644305107,132.38818146026682,149.96325838930693,143.87503273826474,163.4431870220325,1.2208161354064941
recorded_obs-0629-02,new_latest,154,10.558552,0.9193797044040576,start_image_start_state,19,,0.005204912439665636,-0.09935988300074416,0.005204912439665636,-0.04354168320055694,132.28164501009906,148.88016323140914,143.76930740873453,162.23230109805039,1.285038709640503
recorded_obs-0629-02,new_latest,169,11.56551,0.8774592191819796,current_image_current_state,0,,0.5310980166317482,0.1555664128253742,0.5468955058743343,0.3482566532944301,51.699892392068605,106.78178154872086,77.26972929409335,129.55710418635215,1.9185813665390015
recorded_obs-0629-02,new_latest,169,11.56551,0.8774592191819796,current_image_current_state,1,,0.4866164029783166,0.1619324928591846,0.5156194340395277,0.34252868366890904,57.9396938480492,106.07053537911831,82.74434026124447,129.1820842034598,1.8480114936828613
recorded_obs-0629-02,new_latest,169,11.56551,0.8774592191819796,current_image_current_state,2,,0.5442516870890163,0.17944403722716312,0.5677951392570115,0.37028945987870493,50.058093555635025,103.12632338181233,76.3539816033289,125.81238205644829,1.9146751165390015
recorded_obs-0629-02,new_latest,169,11.56551,0.8774592191819796,current_image_current_state,3,,0.5438578455293039,0.14319783639925251,0.5732329697581013,0.33811084503481054,50.05208696146865,108.44747831866991,76.12161146873791,131.06562243260186,2.12837815284729
recorded_obs-0629-02,new_latest,169,11.56551,0.8774592191819796,current_image_current_state,4,,0.5145776419830186,0.15801835936381753,0.5496077665079357,0.3455756063470982,54.09165655001793,106.32446716337375,79.54408097800443,128.96551831098935,1.9926838874816895
recorded_obs-0629-02,new_latest,169,11.56551,0.8774592191819796,current_image_current_state,5,,0.538302918520575,0.19351692945082716,0.5504112716778287,0.37723676013044755,50.81038637852671,101.22709696538686,76.72085880468096,124.29480474671674,1.804762840270996
recorded_obs-0629-02,new_latest,169,11.56551,0.8774592191819796,current_image_current_state,6,,0.5521147861636884,0.13998130352655955,0.5521147861636884,0.3350499363042489,48.94976060699842,108.81016470447406,75.30579160351115,131.18562787500798,2.010774850845337
recorded_obs-0629-02,new_latest,169,11.56551,0.8774592191819796,current_image_current_state,7,,0.5405028591360931,0.14218752800834697,0.5563049721585859,0.32583746842565303,50.391932069209055,108.57538986636575,76.28459356163368,131.0207653365213,2.026313304901123
recorded_obs-0629-02,new_latest,169,11.56551,0.8774592191819796,current_image_current_state,8,,0.5341416914888644,0.15811434885654552,0.5508346935095049,0.3428526369835403,51.425920146894015,106.366209499177,77.40361877914428,129.00486571255755,1.991699457168579
recorded_obs-0629-02,new_latest,169,11.56551,0.8774592191819796,current_image_current_state,9,,0.5477632944541454,0.14816357915462708,0.5477632944541454,0.3443225784220765,49.59333001577854,107.94911120256451,75.89226651143954,130.76567624958818,1.9997268915176392
recorded_obs-0629-02,new_latest,169,11.56551,0.8774592191819796,current_image_current_state,10,,0.5221839747452763,0.15919938899169545,0.5374833746912004,0.3462089364308318,52.980850900734175,106.34824894673655,78.54668548456323,129.16896050878398,1.846364140510559
recorded_obs-0629-02,new_latest,169,11.56551,0.8774592191819796,current_image_current_state,11,,0.5420584907806187,0.13520123068058526,0.5420584907806187,0.3318663160569779,50.32029495955374,109.7827973160594,76.3773243686291,132.3719374041687,2.0359699726104736
recorded_obs-0629-02,new_latest,169,11.56551,0.8774592191819796,current_image_current_state,12,,0.5480403801385909,0.15906841421237278,0.5662718794359564,0.3535699936674617,49.6795861874814,105.98051416193036,76.21358196603828,128.66964779296816,2.0548436641693115
recorded_obs-0629-02,new_latest,169,11.56551,0.8774592191819796,current_image_current_state,13,,0.5383342214045203,0.17207630297607202,0.5620965930220508,0.3682347880907002,50.87911553146231,103.86810629497084,76.91532649215348,126.1705508057285,1.9404761791229248
recorded_obs-0629-02,new_latest,169,11.56551,0.8774592191819796,current_image_current_state,14,,0.5286196650723378,0.15693285351450845,0.5441288325935195,0.3421969226040489,52.14140901867448,106.53294644117929,77.98813238760061,129.24139099279654,1.921956181526184
recorded_obs-0629-02,new_latest,169,11.56551,0.8774592191819796,current_image_current_state,15,,0.5045478492929297,0.14691452709948924,0.5385248712217171,0.3290116863193787,55.45850063721843,107.76156852132655,80.6574470066154,130.22162704037473,2.0537099838256836
recorded_obs-0629-02,new_latest,169,11.56551,0.8774592191819796,current_image_current_state,16,,0.5231188402530869,0.15580233533051824,0.5490649977558107,0.33675217956292525,52.84357088242036,106.53690185629225,78.20925717619944,129.28037170355657,1.9543578624725342
recorded_obs-0629-02,new_latest,169,11.56551,0.8774592191819796,current_image_current_state,17,,0.5194414952325864,0.1596615200967187,0.5410806145914205,0.3514813485588542,53.53880950554025,105.89832743555546,79.36060020209455,128.28385930382595,1.884392499923706
recorded_obs-0629-02,new_latest,169,11.56551,0.8774592191819796,current_image_current_state,18,,0.5507849816078287,0.160974742675116,0.5507849816078287,0.34797763899575573,49.21852770699401,105.93618372494691,75.71829238851558,128.71150383407894,1.8924614191055298
recorded_obs-0629-02,new_latest,169,11.56551,0.8774592191819796,current_image_current_state,19,,0.4892767370389665,0.169436010465162,0.5436419122463317,0.34275522894676,58.25269780805065,104.56357103916102,83.91337926599334,127.1152800555007,2.0768661499023438
recorded_obs-0629-02,new_latest,169,11.56551,0.8774592191819796,start_image_current_state,0,,0.5620662099124117,0.23742307419514178,0.5834043216128968,0.41941280559038824,47.435741029693446,95.49354865866344,73.83969487251294,119.15045179059938,1.7968330383300781
recorded_obs-0629-02,new_latest,169,11.56551,0.8774592191819796,start_image_current_state,1,,0.5267414022821588,0.24488387321038058,0.5563723247743393,0.41484484882661654,52.31854265589234,94.6139600961455,78.03243625329416,118.60429812920707,1.7560948133468628
recorded_obs-0629-02,new_latest,169,11.56551,0.8774592191819796,start_image_current_state,2,,0.5669565625930799,0.2572007833276719,0.6013046528289537,0.43745856333129424,46.93512424430034,92.43132125932101,73.8433241860761,116.01058214083152,1.8190239667892456
recorded_obs-0629-02,new_latest,169,11.56551,0.8774592191819796,start_image_current_state,3,,0.5680665092870961,0.21970566660801263,0.6068347273106347,0.4047856781534214,46.71709177986535,97.89734408966528,73.43646837012783,121.3373152548763,2.022156238555908
recorded_obs-0629-02,new_latest,169,11.56551,0.8774592191819796,start_image_current_state,4,,0.5447301540585188,0.23503982493619666,0.5874297043969556,0.41451364079567155,49.90695007139115,95.72742094019002,76.08292765952581,119.1915836651748,1.9305938482284546
recorded_obs-0629-02,new_latest,169,11.56551,0.8774592191819796,start_image_current_state,5,,0.5643689316637477,0.27942167344883356,0.588398505291595,0.4480095578037882,47.191789558443055,89.3321113867142,73.82301566562344,113.33463770280305,1.6971797943115234
recorded_obs-0629-02,new_latest,169,11.56551,0.8774592191819796,start_image_current_state,6,,0.574504786230841,0.21351819638009714,0.5932483318450231,0.4008309761918277,45.881184634126434,98.72477444949102,72.85256533550255,121.94607242767606,1.9387483596801758
recorded_obs-0629-02,new_latest,169,11.56551,0.8774592191819796,start_image_current_state,7,,0.5674992425216543,0.21981781253738994,0.5873021953059213,0.39132103913492217,46.67018846128362,97.88941731025537,73.30252364669558,121.18676725684108,1.9185714721679688
recorded_obs-0629-02,new_latest,169,11.56551,0.8774592191819796,start_image_current_state,8,,0.5596252939256671,0.23685289167890974,0.5902551712371334,0.4100987864746853,47.88043710368263,95.52212349628606,74.47460932200947,118.98575060599218,1.9150947332382202
recorded_obs-0629-02,new_latest,169,11.56551,0.8774592191819796,start_image_current_state,9,,0.5718420604071346,0.2293955429625864,0.5718420604071346,0.41583192949969244,46.26889988075507,96.77198236095312,73.19998544967538,120.44104744011315,1.7638835906982422
recorded_obs-0629-02,new_latest,169,11.56551,0.8774592191819796,start_image_current_state,10,,0.5574489462538653,0.24116640635951897,0.5774229499977149,0.4174367738483714,48.08907286109139,95.05487010449312,74.54018091427533,118.75270104968845,1.741511583328247
recorded_obs-0629-02,new_latest,169,11.56551,0.8774592191819796,start_image_current_state,11,,0.5672431187044948,0.20879950861830288,0.5683930233209067,0.3977272821917384,46.830264898479214,99.68850014807126,73.55149361801224,123.1094720716463,1.8610363006591797
recorded_obs-0629-02,new_latest,169,11.56551,0.8774592191819796,start_image_current_state,12,,0.569400117155378,0.23630231546987124,0.6050838204156832,0.419598428873895,46.75105921259412,95.32078009090075,73.8120910615672,118.87585926462565,2.00510573387146
recorded_obs-0629-02,new_latest,169,11.56551,0.8774592191819796,start_image_current_state,13,,0.565056768086392,0.2427071461552108,0.5933240616730995,0.4346480192142061,47.18614971790534,94.10499555905568,73.95110811626876,117.21971190353968,1.8303216695785522
recorded_obs-0629-02,new_latest,169,11.56551,0.8774592191819796,start_image_current_state,14,,0.5598081538010364,0.23856532645456213,0.5803803526885679,0.4105681872446257,47.85837571280591,95.33548330941818,74.50292278075455,118.95057569206399,1.821341633796692
recorded_obs-0629-02,new_latest,169,11.56551,0.8774592191819796,start_image_current_state,15,,0.5435881030445808,0.2208036456484415,0.5709795899540818,0.39545032047495554,50.03379288425365,97.574967410855,76.18735877450744,120.87240463072929,1.8865320682525635
recorded_obs-0629-02,new_latest,169,11.56551,0.8774592191819796,start_image_current_state,16,,0.5543708193672676,0.23640483631399425,0.5897106870653884,0.40538997815473365,48.500213937580604,95.36931548581467,74.64547585661548,118.99210667938796,1.8410983085632324
recorded_obs-0629-02,new_latest,169,11.56551,0.8774592191819796,start_image_current_state,17,,0.5517064312626047,0.2365634881079112,0.5798422608614122,0.4211434444132965,49.08312478603602,95.33973352551992,75.70503709467543,118.62524415309645,1.780499815940857
recorded_obs-0629-02,new_latest,169,11.56551,0.8774592191819796,start_image_current_state,18,,0.5745628808915354,0.24168689726560455,0.5837541109342995,0.41904737990483526,45.97424653410336,94.7750420243858,73.06960242554757,118.40135253029443,1.732291579246521
recorded_obs-0629-02,new_latest,169,11.56551,0.8774592191819796,start_image_current_state,19,,0.5227670091359806,0.2474850026408944,0.5756154485702298,0.4106608095091147,53.65000795130432,93.84723684129705,80.04335213967867,117.2781768649884,1.9684995412826538
recorded_obs-0629-02,new_latest,169,11.56551,0.8774592191819796,current_image_start_state,0,,0.002101884964871765,-0.1216655375976984,0.002101884964871765,-0.0521673893885019,128.0883276624937,145.45862568545152,144.24216789057067,165.26852467037904,1.2774296998977661
recorded_obs-0629-02,new_latest,169,11.56551,0.8774592191819796,current_image_start_state,1,,0.002899857073871211,-0.12419531384628263,0.002899857073871211,-0.05330261358139808,127.9991266856656,145.9173529837818,144.12703021980917,166.09540267165707,1.3261735439300537
recorded_obs-0629-02,new_latest,169,11.56551,0.8774592191819796,current_image_start_state,2,,0.0028307472625146526,-0.11055497286425989,0.0028307472625146526,-0.04751357794196297,128.0073209920585,143.72245394064075,144.1242337665928,163.3028264727787,1.1580027341842651
recorded_obs-0629-02,new_latest,169,11.56551,0.8774592191819796,current_image_start_state,3,,0.0018478513613822882,-0.13040736607110387,0.0018478513613822882,-0.05656383585203846,128.16081999267882,146.70655601309608,144.26663527684244,166.4680873381626,1.277085304260254
recorded_obs-0629-02,new_latest,169,11.56551,0.8774592191819796,current_image_start_state,4,,0.002310097835509443,-0.12290076520236493,0.002310097835509443,-0.052703107891602145,128.07840515935357,145.5989721104379,144.2137429325542,165.2638508617453,1.2587275505065918
recorded_obs-0629-02,new_latest,169,11.56551,0.8774592191819796,current_image_start_state,5,,0.001539077004404351,-0.10915249214701883,0.001539077004404351,-0.046268493254409716,128.21970367176027,143.55540113115518,144.3189657160249,163.42318236047382,1.1876728534698486
recorded_obs-0629-02,new_latest,169,11.56551,0.8774592191819796,current_image_start_state,6,,0.0020040457224437553,-0.1303983338275408,0.0020040457224437553,-0.055361409333978755,128.1346697845286,146.66451750694435,144.2497746528961,166.22609633000087,1.3260847330093384
recorded_obs-0629-02,new_latest,169,11.56551,0.8774592191819796,current_image_start_state,7,,0.0010150881156283937,-0.12377275964269889,0.0010150881156283937,-0.05682435111381605,128.2403023071644,145.68999108219893,144.40043211996473,165.26075708326965,1.2362738847732544
recorded_obs-0629-02,new_latest,169,11.56551,0.8774592191819796,current_image_start_state,8,,0.00156591689531643,-0.12421597663112495,0.00156591689531643,-0.05372333428735495,128.166879885576,145.8201424420237,144.32249582225512,165.5080592355552,1.270764946937561
recorded_obs-0629-02,new_latest,169,11.56551,0.8774592191819796,current_image_start_state,9,,0.0004805641005978131,-0.12747183581848023,0.0004805641005978131,-0.0516606150215696,128.35767573032865,146.38580103178853,144.46618794440357,166.38665247950897,1.23586905002594
recorded_obs-0629-02,new_latest,169,11.56551,0.8774592191819796,current_image_start_state,10,,0.0037106696936243674,-0.12303656917825001,0.0037106696936243674,-0.05228627499953503,127.93183394686753,145.66870724495672,143.99310491082028,165.44617112983084,1.2156591415405273
recorded_obs-0629-02,new_latest,169,11.56551,0.8774592191819796,current_image_start_state,11,,0.00482201806251483,-0.12726250780410894,0.00482201806251483,-0.05589454134185138,127.82067659869557,146.30491572710187,143.81556561592154,165.99495883508942,1.248421311378479
recorded_obs-0629-02,new_latest,169,11.56551,0.8774592191819796,current_image_start_state,12,,0.0025715756949362626,-0.12012162870942567,0.0025715756949362626,-0.050647542321034446,128.0786792767344,145.07749571821253,144.16279525244565,164.75369085749338,1.2400224208831787
recorded_obs-0629-02,new_latest,169,11.56551,0.8774592191819796,current_image_start_state,13,,0.0015325483875195506,-0.11886093566110913,0.0015325483875195506,-0.0488881317871814,128.19308491158927,144.8043026989763,144.31697029112456,163.9636074776956,1.206886887550354
recorded_obs-0629-02,new_latest,169,11.56551,0.8774592191819796,current_image_start_state,14,,0.0025159104123348023,-0.12429110244373236,0.0025159104123348023,-0.05336670459784814,128.0686226705035,145.79802553948076,144.17799554249194,165.55048921154517,1.2389744520187378
recorded_obs-0629-02,new_latest,169,11.56551,0.8774592191819796,current_image_start_state,15,,0.005136149159957513,-0.12316245198225015,0.005136149159957513,-0.05443833658106317,127.73340873256066,145.5791802776114,143.7920762563221,165.07563299937289,1.244533658027649
recorded_obs-0629-02,new_latest,169,11.56551,0.8774592191819796,current_image_start_state,16,,0.0010916703228704523,-0.12211332714041809,0.001628134660247765,-0.05280971211513411,128.24589601590407,145.44924412563918,144.387039819637,165.26994368782007,1.2221871614456177
recorded_obs-0629-02,new_latest,169,11.56551,0.8774592191819796,current_image_start_state,17,,0.0021805618032592544,-0.12116146580224428,0.0021805618032592544,-0.050682596664899236,128.11387732050062,145.28469436226106,144.22753770730571,164.70477526250264,1.2031153440475464
recorded_obs-0629-02,new_latest,169,11.56551,0.8774592191819796,current_image_start_state,18,,0.00419542192489325,-0.12109830860146725,0.00419542192489325,-0.05218305889002055,127.82581004417064,145.30998431969985,143.93039211373602,165.08350991043864,1.1763538122177124
recorded_obs-0629-02,new_latest,169,11.56551,0.8774592191819796,current_image_start_state,19,,0.004796088433251263,-0.1146976350547974,0.004796088433251263,-0.05211616253252273,127.74943574614578,144.3350860368661,143.84338328110087,163.86645690766827,1.2388699054718018
recorded_obs-0629-02,new_latest,169,11.56551,0.8774592191819796,start_image_start_state,0,,0.002986925223935852,-0.10500949380175195,0.002986925223935852,-0.04289058837963365,127.93429599268568,143.20285784753352,144.10664346918713,163.49302696233445,1.3176078796386719
recorded_obs-0629-02,new_latest,169,11.56551,0.8774592191819796,start_image_start_state,1,,0.003480866501885702,-0.10881512762029551,0.003480866501885702,-0.04420680150403623,127.89416432168585,143.920157203418,144.0326064776909,164.5937807231831,1.364158034324646
recorded_obs-0629-02,new_latest,169,11.56551,0.8774592191819796,start_image_start_state,2,,0.003181780006974535,-0.09520585540462849,0.003181780006974535,-0.03767744373174305,127.94059287653764,141.63449934833648,144.06439665888868,161.70443531811847,1.2094358205795288
recorded_obs-0629-02,new_latest,169,11.56551,0.8774592191819796,start_image_start_state,3,,0.002230185991569612,-0.11630099663067998,0.002230185991569612,-0.04806539149173974,128.06696866316332,144.82422315257585,144.20580854238307,165.04904417425283,1.3339499235153198
recorded_obs-0629-02,new_latest,169,11.56551,0.8774592191819796,start_image_start_state,4,,0.0029291984239901755,-0.1071210488819977,0.0029291984239901755,-0.043794454065263076,127.96982687441789,143.47152101437874,144.11338208097533,163.6159788509691,1.3072624206542969
recorded_obs-0629-02,new_latest,169,11.56551,0.8774592191819796,start_image_start_state,5,,0.001542958808506241,-0.09217476815579562,0.001542958808506241,-0.03649797318820162,128.19321244379654,141.25482838531417,144.30540096387435,161.61869928054182,1.247492790222168
recorded_obs-0629-02,new_latest,169,11.56551,0.8774592191819796,start_image_start_state,6,,0.00222530753514115,-0.11515613900874176,0.00222530753514115,-0.046696471004054614,128.08860300665813,144.57788935368058,144.20499600051141,164.55994081162007,1.3305082321166992
recorded_obs-0629-02,new_latest,169,11.56551,0.8774592191819796,start_image_start_state,7,,0.0009409466685751746,-0.10962903306911591,0.0009409466685751746,-0.048766012099672615,128.22089132106484,143.79329488272379,144.4023720202347,163.83866910911516,1.2842330932617188
recorded_obs-0629-02,new_latest,169,11.56551,0.8774592191819796,start_image_start_state,8,,0.0023479812909586815,-0.10941874702994618,0.0023479812909586815,-0.045028787142918504,128.03928276284796,143.83183212076273,144.1989149657721,163.98649479134974,1.3022929430007935
recorded_obs-0629-02,new_latest,169,11.56551,0.8774592191819796,start_image_start_state,9,,0.0006648057633216735,-0.11226912698086529,0.0020436000316641123,-0.04267189391936085,128.30960588599123,144.37910669524797,144.42932006436254,164.86548163854135,1.2726935148239136
recorded_obs-0629-02,new_latest,169,11.56551,0.8774592191819796,start_image_start_state,10,,0.0046849068824180995,-0.10702355146739485,0.0046849068824180995,-0.043485816898616,127.77218116612201,143.5059242329076,143.84067424858083,163.77405146502028,1.2555233240127563
recorded_obs-0629-02,new_latest,169,11.56551,0.8774592191819796,start_image_start_state,11,,0.00535923336928823,-0.11351464415124772,0.00535923336928823,-0.04757906815530868,127.71269818169233,144.47412666431308,143.72984188913208,164.6373118365202,1.296638011932373
recorded_obs-0629-02,new_latest,169,11.56551,0.8774592191819796,start_image_start_state,12,,0.002853352960874381,-0.10388417997402095,0.002853352960874381,-0.041274845013640975,128.0236817617731,142.85651336817625,144.10827638223134,162.9907272795968,1.2826799154281616
recorded_obs-0629-02,new_latest,169,11.56551,0.8774592191819796,start_image_start_state,13,,0.0023668816162668448,-0.10235260124814335,0.0023668816162668448,-0.03923341012094444,128.05416669306425,142.47978901764847,144.18477284610765,162.06727518143862,1.2190200090408325
recorded_obs-0629-02,new_latest,169,11.56551,0.8774592191819796,start_image_start_state,14,,0.0030820887458206624,-0.10914106118712914,0.0030820887458206624,-0.04459713027657271,127.96433476726081,143.76042600338423,144.08499110940954,163.99552272749764,1.284899353981018
recorded_obs-0629-02,new_latest,169,11.56551,0.8774592191819796,start_image_start_state,15,,0.005224213328070185,-0.10815104433335233,0.005224213328070185,-0.04576186275442255,127.69699291617917,143.5294624512661,143.76767531995182,163.49136211247983,1.2972135543823242
recorded_obs-0629-02,new_latest,169,11.56551,0.8774592191819796,start_image_start_state,16,,0.0018740535883401078,-0.10645004292426592,0.003468271103002693,-0.04393578759822013,128.10922666726455,143.32120287429862,144.26376930057762,163.57344112678652,1.2644898891448975
recorded_obs-0629-02,new_latest,169,11.56551,0.8774592191819796,start_image_start_state,17,,0.003376390730889329,-0.10439709007917228,0.003376390730889329,-0.04163143011740911,127.92722907494904,142.95747086461967,144.0415036470374,162.85925870141494,1.2321438789367676
recorded_obs-0629-02,new_latest,169,11.56551,0.8774592191819796,start_image_start_state,18,,0.0044900879103712925,-0.10533047000187931,0.0044900879103712925,-0.04303261644305107,127.76934022448366,143.200050187393,143.87503273826474,163.4431870220325,1.2208161354064941
recorded_obs-0629-02,new_latest,169,11.56551,0.8774592191819796,start_image_start_state,19,,0.005204912439665636,-0.09935988300074416,0.005204912439665636,-0.04354168320055694,127.68525128519791,142.23377455133894,143.76930740873453,162.23230109805039,1.285038709640503
recorded_obs-0629-02,new_latest,171,11.700104,0.8948945575101906,current_image_current_state,0,,0.528659902727017,0.16247088369616128,0.5455831469907497,0.35179092456830957,54.96381916902173,108.65388963597489,76.79111403601422,128.30271900447593,1.8920254707336426
recorded_obs-0629-02,new_latest,171,11.700104,0.8948945575101906,current_image_current_state,1,,0.4816248867749119,0.16923407612677668,0.5156701367059882,0.3463535650304901,61.53337611929373,107.90857001932052,82.6749331301715,127.83641234657584,1.8476989269256592
recorded_obs-0629-02,new_latest,171,11.700104,0.8948945575101906,current_image_current_state,2,,0.5432280432555877,0.18600850868507826,0.5684717087715149,0.3738325783932138,53.26110306901109,105.05561151655537,75.76259814111461,124.63656703862257,1.8966186046600342
recorded_obs-0629-02,new_latest,171,11.700104,0.8948945575101906,current_image_current_state,3,,0.5427418758804603,0.1493917949061759,0.5739059544194751,0.3414788745401958,53.20896192354783,110.38676741110618,75.4792040780424,129.8778405417443,2.126035690307617
recorded_obs-0629-02,new_latest,171,11.700104,0.8948945575101906,current_image_current_state,4,,0.5115010836281576,0.16478583143554776,0.5483594986559507,0.34907351758785427,57.49438501902683,108.18294845039203,79.23302577204264,127.69935025541521,1.9751274585723877
recorded_obs-0629-02,new_latest,171,11.700104,0.8948945575101906,current_image_current_state,5,,0.5362978843574528,0.2005079464799959,0.5496154760840491,0.38121907836783614,54.07783885702824,103.15646565832859,76.19390405053711,123.07183054206546,1.7954895496368408
recorded_obs-0629-02,new_latest,171,11.700104,0.8948945575101906,current_image_current_state,6,,0.5506447597859218,0.14570819707526128,0.5514726825159103,0.3383387726394491,52.18211852675216,110.80096354345666,74.71776084732751,130.09193369913507,2.0232269763946533
recorded_obs-0629-02,new_latest,171,11.700104,0.8948945575101906,current_image_current_state,7,,0.5384304494816244,0.1492453274108375,0.5557601913875655,0.32908900854468437,53.64899103067192,110.36154271676072,75.77483145654928,129.70252142614336,2.0165374279022217
recorded_obs-0629-02,new_latest,171,11.700104,0.8948945575101906,current_image_current_state,8,,0.5316465513714317,0.1646090984491748,0.5510473049913137,0.3462708508986247,54.784653927207216,108.29330052258149,76.9711261152785,127.81910122887136,1.9777178764343262
recorded_obs-0629-02,new_latest,171,11.700104,0.8948945575101906,current_image_current_state,9,,0.5462975602149422,0.15451087935113914,0.5462975602149422,0.34779397517394633,52.83441382332233,109.90444904815678,75.31395496037226,129.58133386466884,2.0077321529388428
recorded_obs-0629-02,new_latest,171,11.700104,0.8948945575101906,current_image_current_state,10,,0.5184268393728303,0.16568257761571506,0.5355626715821138,0.34978287809704384,56.450831626969,108.27358087322503,78.25790914331854,127.94980456322807,1.8366224765777588
recorded_obs-0629-02,new_latest,171,11.700104,0.8948945575101906,current_image_current_state,11,,0.539974352542615,0.14120869815435996,0.539974352542615,0.3350077774157819,53.63348347025042,111.75143422481602,75.9084305809709,131.22666842663577,2.0316030979156494
recorded_obs-0629-02,new_latest,171,11.700104,0.8948945575101906,current_image_current_state,12,,0.5472343794493457,0.1663314966736745,0.5669624799123477,0.35702058886554777,52.88393555534468,107.78577116929031,75.61141515059707,127.37286790968267,2.0423223972320557
recorded_obs-0629-02,new_latest,171,11.700104,0.8948945575101906,current_image_current_state,13,,0.536781898232525,0.17730209544132086,0.5622717358557654,0.3717242255408603,54.10984463215645,105.9219554787275,76.34671127523663,125.16236605004971,1.9277712106704712
recorded_obs-0629-02,new_latest,171,11.700104,0.8948945575101906,current_image_current_state,14,,0.5261563874691876,0.16345375941285045,0.5434422077756745,0.3456774825934204,55.48150968553745,108.46870580279058,77.55437143042472,128.06501028748772,1.9188905954360962
recorded_obs-0629-02,new_latest,171,11.700104,0.8948945575101906,current_image_current_state,15,,0.5000151716556199,0.15333577664305353,0.5378841241324277,0.33232053231433384,59.01345140275985,109.63893424928963,80.50482401621831,128.9978311349429,2.06048846244812
recorded_obs-0629-02,new_latest,171,11.700104,0.8948945575101906,current_image_current_state,16,,0.5204407479025348,0.16233951088399973,0.5494592358960523,0.3400799769126525,56.168599073686664,108.45577361588848,77.80760704091796,128.08549625140282,1.9426180124282837
recorded_obs-0629-02,new_latest,171,11.700104,0.8948945575101906,current_image_current_state,17,,0.5167364967871249,0.1656678977214326,0.538976451263753,0.35522198234686275,56.917466496145074,107.84469034354944,78.9866063010884,127.15560010798595,1.856644630432129
recorded_obs-0629-02,new_latest,171,11.700104,0.8948945575101906,current_image_current_state,18,,0.5505307579323983,0.1679642711857153,0.5505307579323983,0.3517759035754748,52.32538820654899,107.7800187342575,75.00025474523127,127.41677328160469,1.8815921545028687
recorded_obs-0629-02,new_latest,171,11.700104,0.8948945575101906,current_image_current_state,19,,0.48518271282082154,0.17602118336182643,0.5433229902848727,0.34648358229419296,61.89717882153012,106.47009564709745,83.86064831023532,125.94288705250538,2.0730361938476562
recorded_obs-0629-02,new_latest,171,11.700104,0.8948945575101906,start_image_current_state,0,,0.5627495146838452,0.24441335452722412,0.5846219269970707,0.42498980633556005,50.32914185793965,97.5198132648573,72.93287960710875,117.96894422640555,1.7936012744903564
recorded_obs-0629-02,new_latest,171,11.700104,0.8948945575101906,start_image_current_state,1,,0.5257239893068878,0.2511657745238191,0.5578820257831982,0.4201532374098581,55.40996434324023,96.77299220466216,77.39554136691824,117.49252419707526,1.7578831911087036
recorded_obs-0629-02,new_latest,171,11.700104,0.8948945575101906,start_image_current_state,2,,0.5676337163435617,0.26385895049650215,0.6039397947993,0.442869250676026,49.92594572273406,94.45607878402437,72.97270570597944,114.83093714904001,1.8041006326675415
recorded_obs-0629-02,new_latest,171,11.700104,0.8948945575101906,start_image_current_state,3,,0.5688953497951975,0.22690330574533904,0.6108437399725305,0.40998872934934044,49.66051972050421,99.86397225537783,72.54476616406296,120.11849810454018,2.030672073364258
recorded_obs-0629-02,new_latest,171,11.700104,0.8948945575101906,start_image_current_state,4,,0.5436495554086214,0.24190319699722582,0.5884695595799091,0.4196552866324169,53.07560749315546,97.73273597811912,75.48391228962925,118.01144560368796,1.9239163398742676
recorded_obs-0629-02,new_latest,171,11.700104,0.8948945575101906,start_image_current_state,5,,0.5649834845019759,0.2864988999117904,0.5913450074789075,0.4535423627374638,50.163294842422054,91.3611958166744,72.9587295637808,112.1164726490909,1.7023273706436157
recorded_obs-0629-02,new_latest,171,11.700104,0.8948945575101906,start_image_current_state,6,,0.5752527431542824,0.21961925914355093,0.5949931828336412,0.4062265610328715,48.84372194329934,100.80321183529676,71.9434567556597,120.85171284485062,1.9387036561965942
recorded_obs-0629-02,new_latest,171,11.700104,0.8948945575101906,start_image_current_state,7,,0.5680539205603199,0.22735942473048734,0.5893835165137535,0.39686956173323,49.61787510002472,99.77424456290287,72.41189133094791,119.89651293769623,1.9057823419570923
recorded_obs-0629-02,new_latest,171,11.700104,0.8948945575101906,start_image_current_state,8,,0.5593206250796802,0.24417531870602474,0.5927211408836225,0.41541264144524565,50.98350402913479,97.47310823560655,73.74963103248888,117.74334803894534,1.9212639331817627
recorded_obs-0629-02,new_latest,171,11.700104,0.8948945575101906,start_image_current_state,9,,0.5716486066032183,0.23707535173158847,0.5725494695073687,0.421488835775918,49.37396103513217,98.7283519097856,72.42431104828847,119.19532199417952,1.7686231136322021
recorded_obs-0629-02,new_latest,171,11.700104,0.8948945575101906,start_image_current_state,10,,0.5566017719904629,0.24816216492509796,0.5788222580886616,0.4228251983115399,51.242366918766784,97.08242940992098,73.88998135945276,117.56401817187762,1.7449052333831787
recorded_obs-0629-02,new_latest,171,11.700104,0.8948945575101906,start_image_current_state,11,,0.5676586765243687,0.21611405514870619,0.5717432277739151,0.4028619017127877,49.84411180701236,101.63851387141156,72.74970952299448,121.87049319266899,1.8612042665481567
recorded_obs-0629-02,new_latest,171,11.700104,0.8948945575101906,start_image_current_state,12,,0.5709738839914922,0.24220600890103333,0.6076733676013624,0.42464042822036085,49.646352753271394,97.47893916001958,72.85656829134179,117.83958137018124,2.0010766983032227
recorded_obs-0629-02,new_latest,171,11.700104,0.8948945575101906,start_image_current_state,13,,0.5656620549414731,0.24926187952587464,0.5957984935565558,0.43984381966174263,50.17079519871089,96.10858700233236,73.07697756052475,116.08191385928453,1.8283478021621704
recorded_obs-0629-02,new_latest,171,11.700104,0.8948945575101906,start_image_current_state,14,,0.5600255468572007,0.24556977414986705,0.5817389020901985,0.4161500283193401,50.88311201064924,97.35193817593515,73.71931759695191,117.7586225926793,1.819682002067566
recorded_obs-0629-02,new_latest,171,11.700104,0.8948945575101906,start_image_current_state,15,,0.5420805360925178,0.22753472035376662,0.5729512959329307,0.40069217048045264,53.24302127915411,99.56385393046715,75.60887189603703,119.6929265676159,1.9063949584960938
recorded_obs-0629-02,new_latest,171,11.700104,0.8948945575101906,start_image_current_state,16,,0.5525812204273088,0.2432752038244406,0.5921052931804754,0.4106620960305879,51.74161483237221,97.3846597720307,74.09043283004583,117.80966432004304,1.8456881046295166
recorded_obs-0629-02,new_latest,171,11.700104,0.8948945575101906,start_image_current_state,17,,0.5516944865220506,0.24291337025681353,0.5825427516003725,0.42681906646181006,52.1730876333015,97.381067368819,74.98906631980618,117.4960573769024,1.7796670198440552
recorded_obs-0629-02,new_latest,171,11.700104,0.8948945575101906,start_image_current_state,18,,0.5749603186770458,0.24929129877930084,0.5866319735432898,0.42461550995300007,49.00746122783036,96.70255542390352,72.21153833910293,117.12444530541327,1.7302074432373047
recorded_obs-0629-02,new_latest,171,11.700104,0.8948945575101906,start_image_current_state,19,,0.5212960946674373,0.2550059672396368,0.577313005042479,0.4161691320001169,56.97564178771634,95.77134262171553,79.59442342902369,116.03780126865612,1.9633862972259521
recorded_obs-0629-02,new_latest,171,11.700104,0.8948945575101906,current_image_start_state,0,,0.000792240671274492,-0.12097531906676319,0.000792240671274492,-0.05246403506035817,130.1874928524286,147.94985876234617,144.42965449825712,165.21723777603276,1.2873220443725586
recorded_obs-0629-02,new_latest,171,11.700104,0.8948945575101906,current_image_start_state,1,,0.0015037719966710375,-0.123617625879116,0.0015037719966710375,-0.053594916273016144,130.09912682153535,148.48847792420767,144.32892018450005,166.05873563810715,1.3275260925292969
recorded_obs-0629-02,new_latest,171,11.700104,0.8948945575101906,current_image_start_state,2,,0.001607991530317418,-0.11015374630421765,0.001607991530317418,-0.04781928600537061,130.0967542344766,146.21206603547287,144.29467418625543,163.27700550355084,1.1592737436294556
recorded_obs-0629-02,new_latest,171,11.700104,0.8948945575101906,current_image_start_state,3,,0.0007454863007826964,-0.12941976000027597,0.0007454863007826964,-0.056936929645117505,130.217075185897,149.14514501684675,144.42541172591743,166.36628147401012,1.2887324094772339
recorded_obs-0629-02,new_latest,171,11.700104,0.8948945575101906,current_image_start_state,4,,0.0011079818650069433,-0.1218549447557726,0.0011079818650069433,-0.05305272665460344,130.15808191445683,148.01302225480686,144.38511524891092,165.15520726576034,1.2584433555603027
recorded_obs-0629-02,new_latest,171,11.700104,0.8948945575101906,current_image_start_state,5,,0.0005759333188523786,-0.10862077525682055,0.0005759333188523786,-0.04660075751447449,130.26414728206376,146.06672133903007,144.4543936554847,163.38584570941745,1.1890329122543335
recorded_obs-0629-02,new_latest,171,11.700104,0.8948945575101906,current_image_start_state,6,,0.00034126685017511196,-0.12958947958750594,0.00034126685017511196,-0.055630655008612674,130.2857959130636,149.09799421342734,144.48506237258644,166.13978182456913,1.3313984870910645
recorded_obs-0629-02,new_latest,171,11.700104,0.8948945575101906,current_image_start_state,7,,-0.00011424327699174017,-0.12268894763529133,-0.00011424327699174017,-0.05698044313692043,130.30848300477322,148.07728611672113,144.563872511061,165.1331462062428,1.2328763008117676
recorded_obs-0629-02,new_latest,171,11.700104,0.8948945575101906,current_image_start_state,8,,0.0004153668961755942,-0.12291813425066984,0.0004153668961755942,-0.053984634625694645,130.2455247148252,148.19961619135213,144.48565836062093,165.35931921424003,1.2619667053222656
recorded_obs-0629-02,new_latest,171,11.700104,0.8948945575101906,current_image_start_state,9,,-0.0010547175999528972,-0.12715466272043316,-0.0010547175999528972,-0.052000794569244765,130.4843307429472,148.95995440668585,144.68781056394255,166.38369085503328,1.243023157119751
recorded_obs-0629-02,new_latest,171,11.700104,0.8948945575101906,current_image_start_state,10,,0.0022512695669838047,-0.12187065991734446,0.0022512695669838047,-0.0526175497517623,130.0344761270003,148.07732934388994,144.20230082611207,165.3194119320515,1.2126612663269043
recorded_obs-0629-02,new_latest,171,11.700104,0.8948945575101906,current_image_start_state,11,,0.0031334015267928997,-0.12632626743700087,0.0031334015267928997,-0.05621660426089594,129.9347253496546,148.74437472191713,144.06163235573467,165.91322128590988,1.2464720010757446
recorded_obs-0629-02,new_latest,171,11.700104,0.8948945575101906,current_image_start_state,12,,0.001197137071401761,-0.11891053269861457,0.001197137071401761,-0.05089264122152711,130.19233270619347,147.46352468593136,144.35310960932406,164.61959601230527,1.2316886186599731
recorded_obs-0629-02,new_latest,171,11.700104,0.8948945575101906,current_image_start_state,13,,4.7700920324107295e-05,-0.11761375719426719,4.7700920324107295e-05,-0.049223862021598785,130.31236696470188,147.1036630216881,144.52902078220694,163.82400233833422,1.2085448503494263
recorded_obs-0629-02,new_latest,171,11.700104,0.8948945575101906,current_image_start_state,14,,0.0013473456382504067,-0.12311591329533034,0.0013473456382504067,-0.0535785697796012,130.14385876939483,148.20615044269132,144.3429036696175,165.43080880911705,1.2488621473312378
recorded_obs-0629-02,new_latest,171,11.700104,0.8948945575101906,current_image_start_state,15,,0.003777098929081281,-0.12203880018590489,0.003777098929081281,-0.05467087160712137,129.83032334952392,147.94723035591718,143.98438758539575,164.9445115389942,1.2383671998977661
recorded_obs-0629-02,new_latest,171,11.700104,0.8948945575101906,current_image_start_state,16,,0.00010143864198546705,-0.12178510037164707,0.00047364204198260904,-0.053068013650167584,130.29776360564995,147.98915643700118,144.52943482359845,165.25464080226035,1.2199903726577759
recorded_obs-0629-02,new_latest,171,11.700104,0.8948945575101906,current_image_start_state,17,,0.0009320330377122762,-0.11997103314682257,0.0009320330377122762,-0.05101309993285013,130.2062519754266,147.63201990629267,144.4033395685672,164.5772736612722,1.1978249549865723
recorded_obs-0629-02,new_latest,171,11.700104,0.8948945575101906,current_image_start_state,18,,0.0031295341370280922,-0.12035594379153236,0.0031295341370280922,-0.05242258776932415,129.8882831884773,147.796309157491,144.0810548982288,165.03793420172963,1.1782715320587158
recorded_obs-0629-02,new_latest,171,11.700104,0.8948945575101906,current_image_start_state,19,,0.003273436781717706,-0.11392505686626749,0.003273436781717706,-0.05240902180853313,129.86717535884026,146.76500344953118,144.05896868076073,163.7948930488829,1.2486610412597656
recorded_obs-0629-02,new_latest,171,11.700104,0.8948945575101906,start_image_start_state,0,,0.002986925223935852,-0.10500949380175195,0.002986925223935852,-0.04289058837963365,129.83371559396284,145.8538841976582,144.10664346918713,163.49302696233445,1.3176078796386719
recorded_obs-0629-02,new_latest,171,11.700104,0.8948945575101906,start_image_start_state,1,,0.003480866501885702,-0.10881512762029551,0.003480866501885702,-0.04420680150403623,129.78674239405493,146.63529233794696,144.0326064776909,164.5937807231831,1.364158034324646
recorded_obs-0629-02,new_latest,171,11.700104,0.8948945575101906,start_image_start_state,2,,0.003181780006974535,-0.09520585540462849,0.003181780006974535,-0.03767744373174305,129.83053176989173,144.24451618491207,144.06439665888868,161.70443531811847,1.2094358205795288
recorded_obs-0629-02,new_latest,171,11.700104,0.8948945575101906,start_image_start_state,3,,0.002230185991569612,-0.11630099663067998,0.002230185991569612,-0.04806539149173974,129.9610352345385,147.46769873879919,144.20580854238307,165.04904417425283,1.3339499235153198
recorded_obs-0629-02,new_latest,171,11.700104,0.8948945575101906,start_image_start_state,4,,0.0029291984239901755,-0.1071210488819977,0.0029291984239901755,-0.043794454065263076,129.86431113528297,146.0996774671584,144.11338208097533,163.6159788509691,1.3072624206542969
recorded_obs-0629-02,new_latest,171,11.700104,0.8948945575101906,start_image_start_state,5,,0.001542958808506241,-0.09217476815579562,0.001542958808506241,-0.03649797318820162,130.08268063547763,143.9117983525901,144.30540096387435,161.61869928054182,1.247492790222168
recorded_obs-0629-02,new_latest,171,11.700104,0.8948945575101906,start_image_start_state,6,,0.00222530753514115,-0.11515613900874176,0.00222530753514115,-0.046696471004054614,129.9794359299668,147.18219572718886,144.20499600051141,164.55994081162007,1.3305082321166992
recorded_obs-0629-02,new_latest,171,11.700104,0.8948945575101906,start_image_start_state,7,,0.0009409466685751746,-0.10962903306911591,0.0009409466685751746,-0.048766012099672615,130.12154877278232,146.4055257546766,144.4023720202347,163.83866910911516,1.2842330932617188
recorded_obs-0629-02,new_latest,171,11.700104,0.8948945575101906,start_image_start_state,8,,0.0023479812909586815,-0.10941874702994618,0.0023479812909586815,-0.045028787142918504,129.93625340005028,146.46299186897184,144.1989149657721,163.98649479134974,1.3022929430007935
recorded_obs-0629-02,new_latest,171,11.700104,0.8948945575101906,start_image_start_state,9,,0.0006648057633216735,-0.11226912698086529,0.0020436000316641123,-0.04267189391936085,130.2014390037642,147.065282176279,144.42932006436254,164.86548163854135,1.2726935148239136
recorded_obs-0629-02,new_latest,171,11.700104,0.8948945575101906,start_image_start_state,10,,0.0046849068824180995,-0.10702355146739485,0.0046849068824180995,-0.043485816898616,129.65309678312008,146.15447604940638,143.84067424858083,163.77405146502028,1.2555233240127563
recorded_obs-0629-02,new_latest,171,11.700104,0.8948945575101906,start_image_start_state,11,,0.00535923336928823,-0.11351464415124772,0.00535923336928823,-0.04757906815530868,129.58524457726588,147.10835680218838,143.72984188913208,164.6373118365202,1.296638011932373
recorded_obs-0629-02,new_latest,171,11.700104,0.8948945575101906,start_image_start_state,12,,0.002853352960874381,-0.10388417997402095,0.002853352960874381,-0.041274845013640975,129.9098093542428,145.47852023600774,144.10827638223134,162.9907272795968,1.2826799154281616
recorded_obs-0629-02,new_latest,171,11.700104,0.8948945575101906,start_image_start_state,13,,0.0023668816162668448,-0.10235260124814335,0.0023668816162668448,-0.03923341012094444,129.94597361295834,145.01060033767723,144.18477284610765,162.06727518143862,1.2190200090408325
recorded_obs-0629-02,new_latest,171,11.700104,0.8948945575101906,start_image_start_state,14,,0.0030820887458206624,-0.10914106118712914,0.0030820887458206624,-0.04459713027657271,129.85495658266808,146.4029247193995,144.08499110940954,163.99552272749764,1.284899353981018
recorded_obs-0629-02,new_latest,171,11.700104,0.8948945575101906,start_image_start_state,15,,0.005224213328070185,-0.10815104433335233,0.005224213328070185,-0.04576186275442255,129.5783663798574,146.12690110744362,143.76767531995182,163.49136211247983,1.2972135543823242
recorded_obs-0629-02,new_latest,171,11.700104,0.8948945575101906,start_image_start_state,16,,0.0018740535883401078,-0.10645004292426592,0.003468271103002693,-0.04393578759822013,130.00608213805123,145.96466656802826,144.26376930057762,163.57344112678652,1.2644898891448975
recorded_obs-0629-02,new_latest,171,11.700104,0.8948945575101906,start_image_start_state,17,,0.003376390730889329,-0.10439709007917228,0.003376390730889329,-0.04163143011740911,129.8167064976865,145.54346574722035,144.0415036470374,162.85925870141494,1.2321438789367676
recorded_obs-0629-02,new_latest,171,11.700104,0.8948945575101906,start_image_start_state,18,,0.0044900879103712925,-0.10533047000187931,0.0044900879103712925,-0.04303261644305107,129.65776352300745,145.84254948862286,143.87503273826474,163.4431870220325,1.2208161354064941
recorded_obs-0629-02,new_latest,171,11.700104,0.8948945575101906,start_image_start_state,19,,0.005204912439665636,-0.09935988300074416,0.005204912439665636,-0.04354168320055694,129.5669951381997,144.83401061183875,143.76930740873453,162.23230109805039,1.285038709640503
recorded_obs-0629-02,new_latest,186,12.707021,0.8340695137744885,current_image_current_state,0,,0.5329870412736379,0.15725698226632784,0.5484956102629532,0.35188057064362893,44.42110975957784,99.86421672866514,79.29453392552651,130.2332955507851,1.9016962051391602
recorded_obs-0629-02,new_latest,186,12.707021,0.8340695137744885,current_image_current_state,1,,0.494102987826831,0.16238319813575125,0.5187728134433764,0.34569562928861525,49.971190429746606,99.21872724347884,83.90684340761766,130.03681754360667,1.8233119249343872
recorded_obs-0629-02,new_latest,186,12.707021,0.8340695137744885,current_image_current_state,2,,0.5453877333481457,0.18165117744258624,0.5687248279092079,0.37385810806618,42.670938473322146,96.18418175929534,78.53929572565124,126.41436345577621,1.9109842777252197
recorded_obs-0629-02,new_latest,186,12.707021,0.8340695137744885,current_image_current_state,3,,0.5445637873826075,0.14374128823992924,0.5731903666347231,0.3412494299157271,42.792061024424925,101.7368277250578,78.34723907955473,131.89374629518954,2.1245341300964355
recorded_obs-0629-02,new_latest,186,12.707021,0.8340695137744885,current_image_current_state,4,,0.5208004296792359,0.15870165285292495,0.5514001679461195,0.34830429587010325,46.182786396627534,99.59740435696354,80.968234361876,129.77249564267126,1.9796239137649536
recorded_obs-0629-02,new_latest,186,12.707021,0.8340695137744885,current_image_current_state,5,,0.5411207993354443,0.19519173769132347,0.5520848697755577,0.38000368669473295,43.25444981527126,94.22606635352776,78.7321865898049,124.91067493139602,1.785512089729309
recorded_obs-0629-02,new_latest,186,12.707021,0.8340695137744885,current_image_current_state,6,,0.5519888701453084,0.140792229405675,0.5538535799370597,0.33813419701576447,41.73978379801051,102.13214043043162,77.69587450914534,131.97721848445624,1.9991251230239868
recorded_obs-0629-02,new_latest,186,12.707021,0.8340695137744885,current_image_current_state,7,,0.541833622386567,0.14201720585779393,0.5561478394234165,0.3284366794181423,43.094716006784935,102.0264335147435,78.45721507913251,131.97352086537074,2.0225720405578613
recorded_obs-0629-02,new_latest,186,12.707021,0.8340695137744885,current_image_current_state,8,,0.5357813084766212,0.1589068976918202,0.5513379937207226,0.3458272623973632,44.01998947390978,99.61971142573218,79.4795078021787,129.78623250363503,1.9681726694107056
recorded_obs-0629-02,new_latest,186,12.707021,0.8340695137744885,current_image_current_state,9,,0.5474397096195094,0.1482977382829258,0.5474397096195094,0.34678868443406347,42.407335019000875,101.24046712085189,78.25434667810484,131.66632116239032,1.9340476989746094
recorded_obs-0629-02,new_latest,186,12.707021,0.8340695137744885,current_image_current_state,10,,0.5266486136385495,0.15966683348771996,0.5399100845143432,0.3492362135955253,45.28984775763812,99.57680751251004,80.23758881114153,129.99772314153566,1.8551424741744995
recorded_obs-0629-02,new_latest,186,12.707021,0.8340695137744885,current_image_current_state,11,,0.5441356108682128,0.13430457480260374,0.5441356108682128,0.3345814613197018,42.86479432075023,103.25936083142378,78.42927238022587,133.42761235891936,2.010653018951416
recorded_obs-0629-02,new_latest,186,12.707021,0.8340695137744885,current_image_current_state,12,,0.5478189945485801,0.16077920256529482,0.5662584660745301,0.35637973528781675,42.42417671022855,99.1010538268658,78.5418062116297,129.35292835050655,2.0339157581329346
recorded_obs-0629-02,new_latest,186,12.707021,0.8340695137744885,current_image_current_state,13,,0.5400264826129513,0.17291049892434018,0.5617729689590201,0.3707444400437652,43.45290657576101,97.23180883327647,79.02797632550353,126.92872981338503,1.9190747737884521
recorded_obs-0629-02,new_latest,186,12.707021,0.8340695137744885,current_image_current_state,14,,0.5308375496992961,0.15838369880678116,0.5465232655025484,0.34509829531776476,44.715878998461974,99.68681551298435,79.97407747572618,129.97571440687523,1.9153170585632324
recorded_obs-0629-02,new_latest,186,12.707021,0.8340695137744885,current_image_current_state,15,,0.5106069521593811,0.1465456236744248,0.5392274665399305,0.3318568937399727,47.614752164411584,101.24335083678795,82.08825154202124,131.20518966046143,2.026177167892456
recorded_obs-0629-02,new_latest,186,12.707021,0.8340695137744885,current_image_current_state,16,,0.5288128355780682,0.15744046335556,0.5485305253848294,0.34009011853306015,45.04458701634364,99.6189689710976,79.78019580801634,129.8833239502798,1.9123835563659668
recorded_obs-0629-02,new_latest,186,12.707021,0.8340695137744885,current_image_current_state,17,,0.5222158802486901,0.16063969469318282,0.5428511905825423,0.3540519256626385,45.984690090283316,99.21028944209611,81.19781550457877,129.0387846251826,1.8775982856750488
recorded_obs-0629-02,new_latest,186,12.707021,0.8340695137744885,current_image_current_state,18,,0.5504090739598314,0.16028394389478842,0.5504090739598314,0.3505050701473564,41.991604202090514,99.36267179256866,78.08476476923279,129.69375944537464,1.8709238767623901
recorded_obs-0629-02,new_latest,186,12.707021,0.8340695137744885,current_image_current_state,19,,0.4982934740601826,0.16887025291369337,0.5442918289747094,0.34560328515755295,49.71147269278079,98.06126019001213,84.78684534303815,128.07125519031948,2.040832042694092
recorded_obs-0629-02,new_latest,186,12.707021,0.8340695137744885,start_image_current_state,0,,0.5619309787988372,0.2341815807484589,0.5800255710397694,0.41810257713062277,40.29715561445333,88.96699674675334,76.44190312270459,120.45290485539078,1.772933006286621
recorded_obs-0629-02,new_latest,186,12.707021,0.8340695137744885,start_image_current_state,1,,0.5326657588307041,0.2404352129019466,0.5536853433129304,0.41282707630753285,44.40782793612795,88.15261900718913,79.78016259704638,120.09715097830976,1.7135400772094727
recorded_obs-0629-02,new_latest,186,12.707021,0.8340695137744885,start_image_current_state,2,,0.564462138553273,0.25557214729730565,0.5944616711770012,0.4364852520357737,39.94318419936099,85.70472618114556,76.61847467476301,117.07131252603646,1.7880067825317383
recorded_obs-0629-02,new_latest,186,12.707021,0.8340695137744885,start_image_current_state,3,,0.5659631302746262,0.2151724530380471,0.6012645026054196,0.40233374647462644,39.73527252061679,91.62978669886893,76.25840568838765,122.837282723771,1.997044563293457
recorded_obs-0629-02,new_latest,186,12.707021,0.8340695137744885,start_image_current_state,4,,0.547954888434187,0.2305335149902089,0.5840279955523864,0.4123954930697005,42.28888615523413,89.44626447912039,78.13984238321444,120.70523437270269,1.90450918674469
recorded_obs-0629-02,new_latest,186,12.707021,0.8340695137744885,start_image_current_state,5,,0.5638281878395005,0.2773203248501013,0.5838692125670827,0.4460072486975309,39.976673327020016,82.52948737916354,76.47305101959853,114.43135987247561,1.6685670614242554
recorded_obs-0629-02,new_latest,186,12.707021,0.8340695137744885,start_image_current_state,6,,0.5715585668004447,0.20965676667247068,0.5873869189061459,0.3992109571689765,38.93921575683885,92.39462178717035,75.75384229163328,123.30454108566606,1.9176584482192993
recorded_obs-0629-02,new_latest,186,12.707021,0.8340695137744885,start_image_current_state,7,,0.5657891188067357,0.21443580382628963,0.5829028261308135,0.389280073623805,39.67478603784521,91.79085499283339,76.07095134758885,122.82595688123176,1.9015696048736572
recorded_obs-0629-02,new_latest,186,12.707021,0.8340695137744885,start_image_current_state,8,,0.5585587438211065,0.23402206375095816,0.5850067208589501,0.40831421035695953,40.75540583917313,88.99975423068167,77.12374660224758,120.21810666410694,1.8784842491149902
recorded_obs-0629-02,new_latest,186,12.707021,0.8340695137744885,start_image_current_state,9,,0.5685091790576706,0.22564011829943284,0.5693978961077619,0.41361309511156386,39.398320122416415,90.31807155269811,76.16196163303655,121.82552061673263,1.7192646265029907
recorded_obs-0629-02,new_latest,186,12.707021,0.8340695137744885,start_image_current_state,10,,0.5572634308623216,0.2377460446928318,0.5746313625963834,0.4159058707898539,40.90986604074819,88.52812719438674,77.13050809003423,120.08707373425099,1.7229214906692505
recorded_obs-0629-02,new_latest,186,12.707021,0.8340695137744885,start_image_current_state,11,,0.5656745388415113,0.20451192438448096,0.5665410924200479,0.39599700509877683,39.76794629432947,93.37808251307835,76.27694141439413,124.62151124067026,1.8347852230072021
recorded_obs-0629-02,new_latest,186,12.707021,0.8340695137744885,start_image_current_state,12,,0.5662456578019115,0.23299939423264118,0.5998750048184968,0.41771732122874655,39.81978777137269,88.86236331431962,76.6699143819066,120.21334047589254,1.9801126718521118
recorded_obs-0629-02,new_latest,186,12.707021,0.8340695137744885,start_image_current_state,13,,0.5634115799583267,0.24091318751117263,0.588385822756103,0.433080022549342,40.096220859275114,87.57406117920769,76.70177740204493,118.30706158648331,1.7949979305267334
recorded_obs-0629-02,new_latest,186,12.707021,0.8340695137744885,start_image_current_state,14,,0.5591418084956284,0.2355502591344331,0.5780970723601339,0.4086976301518936,40.71203193334426,88.77638836532707,77.1297065424831,120.21976629081236,1.795933723449707
recorded_obs-0629-02,new_latest,186,12.707021,0.8340695137744885,start_image_current_state,15,,0.546808292305064,0.21624472815461893,0.5673980788230296,0.3938739264194569,42.41552468673843,91.36414306811254,78.27800573139997,122.40225457807833,1.8672914505004883
recorded_obs-0629-02,new_latest,186,12.707021,0.8340695137744885,start_image_current_state,16,,0.5560870015669288,0.23299899625927137,0.5834184087062809,0.40333108388891886,41.116745344083924,88.88295146000132,76.98987417101394,120.26028209989886,1.7891029119491577
recorded_obs-0629-02,new_latest,186,12.707021,0.8340695137744885,start_image_current_state,17,,0.5512075867152032,0.2336830414781319,0.5755973092444294,0.41918893657452877,41.83951404742184,88.88135829058922,78.19901292091203,119.84996708683931,1.7646745443344116
recorded_obs-0629-02,new_latest,186,12.707021,0.8340695137744885,start_image_current_state,18,,0.5700245977570637,0.23825439739764429,0.5789671262048098,0.4168337718910115,39.218806733950565,88.30786895172794,76.13766497345384,119.7244823543455,1.7165002822875977
recorded_obs-0629-02,new_latest,186,12.707021,0.8340695137744885,start_image_current_state,19,,0.5285144289544087,0.24290998781267822,0.5719772025557055,0.4087094661155826,45.397760038394125,87.612773248326,81.47093798919565,118.7747789387544,1.9156774282455444
recorded_obs-0629-02,new_latest,186,12.707021,0.8340695137744885,current_image_start_state,0,,0.0005378402856419501,-0.12249412230894897,0.0005378402856419501,-0.05402459933801763,124.3523803278478,139.73493374211816,144.47039980922878,165.37492926452464,1.2673934698104858
recorded_obs-0629-02,new_latest,186,12.707021,0.8340695137744885,current_image_start_state,1,,0.0014993488232158223,-0.12530651207811414,0.0014993488232158223,-0.0552164213521659,124.24563925546077,140.07112253450464,144.3318731317844,166.22870502334342,1.3248692750930786
recorded_obs-0629-02,new_latest,186,12.707021,0.8340695137744885,current_image_start_state,2,,0.0012546802361881597,-0.11215289471584967,0.0012546802361881597,-0.04955013546432755,124.30693714264736,138.23629988910008,144.35284174649178,163.50825652113977,1.1410173177719116
recorded_obs-0629-02,new_latest,186,12.707021,0.8340695137744885,current_image_start_state,3,,1.2901252980850655e-05,-0.1310233538241595,1.2901252980850655e-05,-0.05827050476091672,124.48151451751616,140.96298173207734,144.5346736007672,166.54477379719083,1.2791900634765625
recorded_obs-0629-02,new_latest,186,12.707021,0.8340695137744885,current_image_start_state,4,,0.0006169573982514385,-0.12390930199778961,0.0006169573982514385,-0.0546690318842176,124.37366835525711,139.97133808359652,144.4590666978937,165.37938543711525,1.249192237854004
recorded_obs-0629-02,new_latest,186,12.707021,0.8340695137744885,current_image_start_state,5,,-0.0008885986947022196,-0.11081547372659883,-0.0008885986947022196,-0.04841293307573388,124.63168677310749,137.95035561490997,144.66856265554745,163.63433458653378,1.18390691280365
recorded_obs-0629-02,new_latest,186,12.707021,0.8340695137744885,current_image_start_state,6,,0.00016647722088029143,-0.1315884518618349,0.00016647722088029143,-0.057300183393476305,124.46241749490805,141.10708456923103,144.5158621660382,166.39322030731245,1.318902611732483
recorded_obs-0629-02,new_latest,186,12.707021,0.8340695137744885,current_image_start_state,7,,-0.0007442604568856729,-0.12493981271678575,-0.0007442604568856729,-0.0585630361756462,124.51557014133778,140.1293512910307,144.6585818833448,165.42108230506253,1.2224756479263306
recorded_obs-0629-02,new_latest,186,12.707021,0.8340695137744885,current_image_start_state,8,,0.00043219488931260853,-0.12559923197196965,0.00043219488931260853,-0.05561404475092053,124.37871460026945,140.2442954960973,144.48632599447876,165.69610547132174,1.2612755298614502
recorded_obs-0629-02,new_latest,186,12.707021,0.8340695137744885,current_image_start_state,9,,-0.0013946283486254917,-0.12902776919559206,-0.0013946283486254917,-0.05357755509151108,124.65851426816947,140.67338606922993,144.7428424386725,166.57296247195472,1.23566472530365
recorded_obs-0629-02,new_latest,186,12.707021,0.8340695137744885,current_image_start_state,10,,0.0019382082561285685,-0.12394038182886098,0.0019382082561285685,-0.05421684647381803,124.26692410896145,139.95988610595555,144.25124467582987,165.5577735647727,1.2020258903503418
recorded_obs-0629-02,new_latest,186,12.707021,0.8340695137744885,current_image_start_state,11,,0.003030722472832836,-0.1282140641448183,0.003030722472832836,-0.05775012224825547,124.17796393821946,140.6471717477774,144.07859810016217,166.12053959968836,1.2491611242294312
recorded_obs-0629-02,new_latest,186,12.707021,0.8340695137744885,current_image_start_state,12,,0.0010098904533728424,-0.12094024110444204,0.0010098904533728424,-0.05250348674228651,124.38981983714224,139.42577120598568,144.3866365020493,164.85629449554372,1.2286738157272339
recorded_obs-0629-02,new_latest,186,12.707021,0.8340695137744885,current_image_start_state,13,,-0.00019589977822827436,-0.1199456867185716,-0.00019589977822827436,-0.050926601504161416,124.50188577766347,139.43703342812083,144.5661678907228,164.1162963295442,1.1933869123458862
recorded_obs-0629-02,new_latest,186,12.707021,0.8340695137744885,current_image_start_state,14,,0.0007515434267052855,-0.12538530540308024,0.0007515434267052855,-0.055221421122626756,124.3789282437149,140.13689591421533,144.43491017035157,165.71042589880943,1.2399758100509644
recorded_obs-0629-02,new_latest,186,12.707021,0.8340695137744885,current_image_start_state,15,,0.0032559943075606123,-0.12429462090930987,0.0032559943075606123,-0.056294585715251685,124.09004954745276,140.0438768961053,144.0632019148097,165.214247131099,1.2436171770095825
recorded_obs-0629-02,new_latest,186,12.707021,0.8340695137744885,current_image_start_state,16,,-0.00044108126903885593,-0.12323991197339022,-0.00015461607897080906,-0.05443612670996641,124.51992285345126,139.77093223624044,144.60875363577105,165.40131069009212,1.2094587087631226
recorded_obs-0629-02,new_latest,186,12.707021,0.8340695137744885,current_image_start_state,17,,0.00041272712350730957,-0.12156625236765456,0.00041272712350730957,-0.05264887799745285,124.4235748891923,139.6748385352356,144.48463075047238,164.76320288201796,1.1884241104125977
recorded_obs-0629-02,new_latest,186,12.707021,0.8340695137744885,current_image_start_state,18,,0.002422350083723753,-0.12204306435365361,0.002422350083723753,-0.05401353554700002,124.13696477000381,139.62658565761816,144.1899226883606,165.21303330655084,1.169357180595398
recorded_obs-0629-02,new_latest,186,12.707021,0.8340695137744885,current_image_start_state,19,,0.0028704858495490495,-0.1157671386891308,0.0028704858495490495,-0.05419728274144676,124.09995463079701,138.79071773062358,144.12189165520223,164.00652640748325,1.2446632385253906
recorded_obs-0629-02,new_latest,186,12.707021,0.8340695137744885,start_image_start_state,0,,0.002986925223935852,-0.10500949380175195,0.002986925223935852,-0.04289058837963365,123.99822522224487,137.12288781020166,144.10664346918713,163.49302696233445,1.3176078796386719
recorded_obs-0629-02,new_latest,186,12.707021,0.8340695137744885,start_image_start_state,1,,0.003480866501885702,-0.10881512762029551,0.003480866501885702,-0.04420680150403623,123.97357625391541,137.66747898667768,144.0326064776909,164.5937807231831,1.364158034324646
recorded_obs-0629-02,new_latest,186,12.707021,0.8340695137744885,start_image_start_state,2,,0.003181780006974535,-0.09520585540462849,0.003181780006974535,-0.03767744373174305,124.03417792496901,135.67171961678486,144.06439665888868,161.70443531811847,1.2094358205795288
recorded_obs-0629-02,new_latest,186,12.707021,0.8340695137744885,start_image_start_state,3,,0.002230185991569612,-0.11630099663067998,0.002230185991569612,-0.04806539149173974,124.14611329170734,138.75737370822836,144.20580854238307,165.04904417425283,1.3339499235153198
recorded_obs-0629-02,new_latest,186,12.707021,0.8340695137744885,start_image_start_state,4,,0.0029291984239901755,-0.1071210488819977,0.0029291984239901755,-0.043794454065263076,124.044086284036,137.45086270270542,144.11338208097533,163.6159788509691,1.3072624206542969
recorded_obs-0629-02,new_latest,186,12.707021,0.8340695137744885,start_image_start_state,5,,0.001542958808506241,-0.09217476815579562,0.001542958808506241,-0.03649797318820162,124.27839704795247,135.1682304870834,144.30540096387435,161.61869928054182,1.247492790222168
recorded_obs-0629-02,new_latest,186,12.707021,0.8340695137744885,start_image_start_state,6,,0.00222530753514115,-0.11515613900874176,0.00222530753514115,-0.046696471004054614,124.17147366935092,138.60988580229775,144.20499600051141,164.55994081162007,1.3305082321166992
recorded_obs-0629-02,new_latest,186,12.707021,0.8340695137744885,start_image_start_state,7,,0.0009409466685751746,-0.10962903306911591,0.0009409466685751746,-0.048766012099672615,124.28052690624985,137.8142552550684,144.4023720202347,163.83866910911516,1.2842330932617188
recorded_obs-0629-02,new_latest,186,12.707021,0.8340695137744885,start_image_start_state,8,,0.0023479812909586815,-0.10941874702994618,0.0023479812909586815,-0.045028787142918504,124.10736761574657,137.7972277413612,144.1989149657721,163.98649479134974,1.3022929430007935
recorded_obs-0629-02,new_latest,186,12.707021,0.8340695137744885,start_image_start_state,9,,0.0006648057633216735,-0.11226912698086529,0.0020436000316641123,-0.04267189391936085,124.38900259623846,138.2049072623509,144.42932006436254,164.86548163854135,1.2726935148239136
recorded_obs-0629-02,new_latest,186,12.707021,0.8340695137744885,start_image_start_state,10,,0.0046849068824180995,-0.10702355146739485,0.0046849068824180995,-0.043485816898616,123.88726609981967,137.42936862404096,143.84067424858083,163.77405146502028,1.2555233240127563
recorded_obs-0629-02,new_latest,186,12.707021,0.8340695137744885,start_image_start_state,11,,0.00535923336928823,-0.11351464415124772,0.00535923336928823,-0.04757906815530868,123.85207693087425,138.42982958740222,143.72984188913208,164.6373118365202,1.296638011932373
recorded_obs-0629-02,new_latest,186,12.707021,0.8340695137744885,start_image_start_state,12,,0.002853352960874381,-0.10388417997402095,0.002853352960874381,-0.041274845013640975,124.12037543768099,136.8598596537644,144.10827638223134,162.9907272795968,1.2826799154281616
recorded_obs-0629-02,new_latest,186,12.707021,0.8340695137744885,start_image_start_state,13,,0.0023668816162668448,-0.10235260124814335,0.0023668816162668448,-0.03923341012094444,124.13860576346215,136.72576313911898,144.18477284610765,162.06727518143862,1.2190200090408325
recorded_obs-0629-02,new_latest,186,12.707021,0.8340695137744885,start_image_start_state,14,,0.0030820887458206624,-0.10914106118712914,0.0030820887458206624,-0.04459713027657271,124.04916329180269,137.70339267334424,144.08499110940954,163.99552272749764,1.284899353981018
recorded_obs-0629-02,new_latest,186,12.707021,0.8340695137744885,start_image_start_state,15,,0.005224213328070185,-0.10815104433335233,0.005224213328070185,-0.04576186275442255,123.80805458664955,137.5851547426072,143.76767531995182,163.49136211247983,1.2972135543823242
recorded_obs-0629-02,new_latest,186,12.707021,0.8340695137744885,start_image_start_state,16,,0.0018740535883401078,-0.10645004292426592,0.003468271103002693,-0.04393578759822013,124.17844825381802,137.26117255161114,144.26376930057762,163.57344112678652,1.2644898891448975
recorded_obs-0629-02,new_latest,186,12.707021,0.8340695137744885,start_image_start_state,17,,0.003376390730889329,-0.10439709007917228,0.003376390730889329,-0.04163143011740911,124.01320403342805,137.0496998929349,144.0415036470374,162.85925870141494,1.2321438789367676
recorded_obs-0629-02,new_latest,186,12.707021,0.8340695137744885,start_image_start_state,18,,0.0044900879103712925,-0.10533047000187931,0.0044900879103712925,-0.04303261644305107,123.86419490198435,137.14595636431307,143.87503273826474,163.4431870220325,1.2208161354064941
recorded_obs-0629-02,new_latest,186,12.707021,0.8340695137744885,start_image_start_state,19,,0.005204912439665636,-0.09935988300074416,0.005204912439665636,-0.04354168320055694,123.80344827336003,136.29464052356815,143.76930740873453,162.23230109805039,1.285038709640503
recorded_obs-0629-02,new_latest,188,12.849915,0.8350098545774947,current_image_current_state,0,,0.5374084763831074,0.16306157913613686,0.5527043067424808,0.357793960390375,43.9519919552769,99.218249019401,78.84514572811041,129.61808107209146,1.894282579421997
recorded_obs-0629-02,new_latest,188,12.849915,0.8350098545774947,current_image_current_state,1,,0.49984756619478643,0.1677428042918244,0.5234855381840992,0.3518316680139758,49.29775169618499,98.6393480803204,83.3050117415095,129.48491655796673,1.8244373798370361
recorded_obs-0629-02,new_latest,188,12.849915,0.8350098545774947,current_image_current_state,2,,0.5485109067308571,0.18752681914155525,0.5730460051668231,0.380005024298538,42.3972045996873,95.50894815622522,78.23225888640668,125.7621720705128,1.9124302864074707
recorded_obs-0629-02,new_latest,188,12.849915,0.8350098545774947,current_image_current_state,3,,0.548775131935301,0.14901456704122443,0.576805033311493,0.3469992563525826,42.35103712031415,101.16232724136337,77.88929528748969,131.3263451998014,2.1135025024414062
recorded_obs-0629-02,new_latest,188,12.849915,0.8350098545774947,current_image_current_state,4,,0.5254906246693715,0.16469724948165798,0.5556748183080837,0.35437682825812555,45.6532469739568,98.9083719714402,80.44373104829357,129.12651373960452,1.9723767042160034
recorded_obs-0629-02,new_latest,188,12.849915,0.8350098545774947,current_image_current_state,5,,0.5444621349593084,0.2014606177762134,0.5569594821955038,0.3862837816237603,42.927203290239675,93.50673320594261,78.36613959610025,124.20786686894137,1.7795542478561401
recorded_obs-0629-02,new_latest,188,12.849915,0.8350098545774947,current_image_current_state,6,,0.5552986654160696,0.14689397794736872,0.5582384821285195,0.34418929801902653,41.43471505169544,101.42678453037954,77.35277056717506,131.30561505775626,1.9965640306472778
recorded_obs-0629-02,new_latest,188,12.849915,0.8350098545774947,current_image_current_state,7,,0.5456320386092484,0.14779272676215358,0.5600163159559931,0.33457276441535544,42.71452915969656,101.36272786739383,78.04648994114,131.35512772134695,2.018153429031372
recorded_obs-0629-02,new_latest,188,12.849915,0.8350098545774947,current_image_current_state,8,,0.5392435248849994,0.1654535964603268,0.5564888228795473,0.3519302396471804,43.68529254167565,98.86636416927513,79.11743639460171,129.07107247037789,1.955550193786621
recorded_obs-0629-02,new_latest,188,12.849915,0.8350098545774947,current_image_current_state,9,,0.5512348883169432,0.15396388617606907,0.5512348883169432,0.3528999100798078,42.035273110195654,100.6199232016112,77.87004417290365,131.06191663824305,1.9247921705245972
recorded_obs-0629-02,new_latest,188,12.849915,0.8350098545774947,current_image_current_state,10,,0.5307836509142235,0.16646485835998845,0.5441758475697998,0.3556048848722597,44.8495896177951,98.78675493714884,79.80816486404858,129.25501049480022,1.8337072134017944
recorded_obs-0629-02,new_latest,188,12.849915,0.8350098545774947,current_image_current_state,11,,0.5476132261881587,0.14071385341998324,0.5476132261881587,0.34057128631819417,42.51996511483309,102.54762448362176,78.073224053526,132.76479559390285,2.0007882118225098
recorded_obs-0629-02,new_latest,188,12.849915,0.8350098545774947,current_image_current_state,12,,0.550275052902614,0.16660434158834195,0.5711891419910625,0.36244598942896117,42.23988476128352,98.44364197570543,78.28761720433674,128.7032438769514,2.036262273788452
recorded_obs-0629-02,new_latest,188,12.849915,0.8350098545774947,current_image_current_state,13,,0.5441548715841408,0.17967590467048705,0.5663828191115399,0.37728341332762116,43.02621632352957,96.42179697333516,78.61631960899646,126.15557300244873,1.9151021242141724
recorded_obs-0629-02,new_latest,188,12.849915,0.8350098545774947,current_image_current_state,14,,0.5355757777133677,0.16487917001385952,0.5516032239661153,0.35126626372477704,44.20639091261367,98.94774403386488,79.48614023212023,129.27915095896205,1.909295678138733
recorded_obs-0629-02,new_latest,188,12.849915,0.8350098545774947,current_image_current_state,15,,0.5157710298107733,0.15252071731811395,0.5442836169025098,0.3380637642721981,47.02493004101121,100.55045798585557,81.54218878230894,130.54719857246607,2.019357442855835
recorded_obs-0629-02,new_latest,188,12.849915,0.8350098545774947,current_image_current_state,16,,0.5330099526899125,0.16353975206806,0.5538499473193877,0.34590495331705995,44.5999908635727,98.91954962429034,79.33226293794583,129.21636637815638,1.9099026918411255
recorded_obs-0629-02,new_latest,188,12.849915,0.8350098545774947,current_image_current_state,17,,0.5267140162042424,0.16647209178965672,0.5473192365222149,0.36040488412319205,45.49942519516339,98.55904365556275,80.74239933503947,128.41972028509443,1.8768097162246704
recorded_obs-0629-02,new_latest,188,12.849915,0.8350098545774947,current_image_current_state,18,,0.5535266700250769,0.16664625794423496,0.5535266700250769,0.3567530916173928,41.720959915433525,98.62669659705071,77.78246044589201,128.9838969083549,1.8535799980163574
recorded_obs-0629-02,new_latest,188,12.849915,0.8350098545774947,current_image_current_state,19,,0.5035392683160081,0.1752148210405899,0.5492092927247952,0.3518406547784185,49.1318674072162,97.31092081397102,84.21870290219161,127.36656667952774,2.0310795307159424
recorded_obs-0629-02,new_latest,188,12.849915,0.8350098545774947,start_image_current_state,0,,0.563421819474619,0.2370968039363116,0.5814060375559924,0.4208928932839182,40.24034217364135,88.74537636748497,76.25968685149849,120.0909961721702,1.7731857299804688
recorded_obs-0629-02,new_latest,188,12.849915,0.8350098545774947,start_image_current_state,1,,0.5335701455727506,0.24351959035311277,0.5555619739846956,0.4158548874741146,44.42872276528429,87.89888402781732,79.64728764529256,119.72357487516979,1.7188524007797241
recorded_obs-0629-02,new_latest,188,12.849915,0.8350098545774947,start_image_current_state,2,,0.5649993449377065,0.2590992870489536,0.5969590721315614,0.43969533715094333,40.02005955180239,85.39770317586996,76.52693872886458,116.66067658996656,1.7939482927322388
recorded_obs-0629-02,new_latest,188,12.849915,0.8350098545774947,start_image_current_state,3,,0.5667620829066832,0.21787392106393177,0.6029188242017581,0.405122515072067,39.7938833085989,91.41099830209954,76.17407060392767,122.47602953628538,1.999481201171875
recorded_obs-0629-02,new_latest,188,12.849915,0.8350098545774947,start_image_current_state,4,,0.5490230737882368,0.23378523442769564,0.5850449619559269,0.4152366873369913,42.28679564613759,89.16145277662594,77.98584654257226,120.29035228993644,1.8965047597885132
recorded_obs-0629-02,new_latest,188,12.849915,0.8350098545774947,start_image_current_state,5,,0.5645210771395025,0.2809823256621874,0.5858341377754409,0.44885456068030266,40.04174421423435,82.1970388914757,76.3847066611447,113.97356166421933,1.6671552658081055
recorded_obs-0629-02,new_latest,188,12.849915,0.8350098545774947,start_image_current_state,6,,0.5722255578118035,0.21250955354887519,0.5889457259898051,0.40202412683190447,39.014330262671486,92.17968449678287,75.69666370389798,122.97838532746061,1.919390082359314
recorded_obs-0629-02,new_latest,188,12.849915,0.8350098545774947,start_image_current_state,7,,0.5666999971602548,0.2178251793416956,0.5841818977873011,0.39228605404219075,39.70726284507095,91.49948791519526,75.98151363596614,122.4166199873094,1.9029377698898315
recorded_obs-0629-02,new_latest,188,12.849915,0.8350098545774947,start_image_current_state,8,,0.5588988149812165,0.23691309532893418,0.5867939141598913,0.41127332585407633,40.861733299887,88.77687221006605,77.06555746431738,119.87543315671705,1.8764015436172485
recorded_obs-0629-02,new_latest,188,12.849915,0.8350098545774947,start_image_current_state,9,,0.5686524386648724,0.22830167021104422,0.5708621351590263,0.4163870767659488,39.5319873009571,90.13283176253329,76.12217508156934,121.5231146590087,1.7179909944534302
recorded_obs-0629-02,new_latest,188,12.849915,0.8350098545774947,start_image_current_state,10,,0.5584073310980857,0.24049228990608745,0.5757759690371829,0.4188157733637157,40.910023708948344,88.3123725713876,76.99857880514816,119.71662342006971,1.71968412399292
recorded_obs-0629-02,new_latest,188,12.849915,0.8350098545774947,start_image_current_state,11,,0.5671136252807153,0.20728773599853922,0.568557995498961,0.3988475720323054,39.73341593685819,93.16289744058075,76.13364215208288,124.25758875963776,1.8358310461044312
recorded_obs-0629-02,new_latest,188,12.849915,0.8350098545774947,start_image_current_state,12,,0.5667323437212772,0.23589208529669822,0.6004564086833618,0.42059238222716594,39.911301642196115,88.63055611072905,76.60626671639574,119.85558055643246,1.9734258651733398
recorded_obs-0629-02,new_latest,188,12.849915,0.8350098545774947,start_image_current_state,13,,0.5642199659355512,0.24427097277994594,0.5896001199976746,0.4359479010937156,40.14660008884801,87.27500977060977,76.60386212883336,117.91546342084796,1.7933979034423828
recorded_obs-0629-02,new_latest,188,12.849915,0.8350098545774947,start_image_current_state,14,,0.5592579879153795,0.23895989730833125,0.5796164572327899,0.4115549028588087,40.84974495962023,88.48647629996896,77.09118820704013,119.80574466131323,1.7989681959152222
recorded_obs-0629-02,new_latest,188,12.849915,0.8350098545774947,start_image_current_state,15,,0.5478571104633647,0.21895932634513238,0.5690295502062999,0.3966937715942243,42.42477013368632,91.16588044849736,78.13767612994226,122.07694607287019,1.8643019199371338
recorded_obs-0629-02,new_latest,188,12.849915,0.8350098545774947,start_image_current_state,16,,0.5577654733717293,0.23643093399786436,0.585225794055266,0.406274223074047,41.046710488264864,88.58989445281426,76.8003248558636,119.83546570213554,1.7820708751678467
recorded_obs-0629-02,new_latest,188,12.849915,0.8350098545774947,start_image_current_state,17,,0.5522463148206916,0.23692871293025178,0.5777851929743092,0.4221513892316662,41.85732249678143,88.59679855535383,78.05815281072299,119.4505418101087,1.7720359563827515
recorded_obs-0629-02,new_latest,188,12.849915,0.8350098545774947,start_image_current_state,18,,0.5704362932820602,0.24182562815182113,0.5806303027726654,0.41970698582095106,39.32489615227327,87.98076632688009,76.07457693715185,119.27078994891555,1.7138218879699707
recorded_obs-0629-02,new_latest,188,12.849915,0.8350098545774947,start_image_current_state,19,,0.5295907482489597,0.246422249666664,0.5729826712539027,0.4116783352491455,45.39333706327828,87.28518208075975,81.30684168934258,118.31529056169931,1.917567491531372
recorded_obs-0629-02,new_latest,188,12.849915,0.8350098545774947,current_image_start_state,0,,0.0013588188683334535,-0.12012862019704912,0.0013588188683334535,-0.05287063577575931,124.34650178748812,139.5059055876102,144.3442419306736,164.9999768760619,1.261116862297058
recorded_obs-0629-02,new_latest,188,12.849915,0.8350098545774947,current_image_start_state,1,,0.0013819131717434606,-0.12311090071747499,0.0013819131717434606,-0.05393184842470436,124.37084377911833,139.86181712778767,144.34289251821193,165.88437526868992,1.3167893886566162
recorded_obs-0629-02,new_latest,188,12.849915,0.8350098545774947,current_image_start_state,2,,0.0017768890133795271,-0.10988350547469526,0.0017768890133795271,-0.0484388605507595,124.3308702178255,138.03021402284378,144.27185195624935,163.17481481366627,1.1414170265197754
recorded_obs-0629-02,new_latest,188,12.849915,0.8350098545774947,current_image_start_state,3,,4.041925662901793e-06,-0.12923598554933624,4.041925662901793e-06,-0.05716603299997629,124.59198150262448,140.82506614124986,144.52785267734325,166.23355885747065,1.2712842226028442
recorded_obs-0629-02,new_latest,188,12.849915,0.8350098545774947,current_image_start_state,4,,0.0013364898675919798,-0.12205724818912445,0.0013364898675919798,-0.053399408479252994,124.36666152939014,139.81404000755722,144.3504400874989,165.08334903565859,1.2453620433807373
recorded_obs-0629-02,new_latest,188,12.849915,0.8350098545774947,current_image_start_state,5,,-0.00022031018829319363,-0.10836719994193054,-0.00022031018829319363,-0.04720414210242374,124.63672887467351,137.70206240505584,144.56707111040365,163.26635813164242,1.1818280220031738
recorded_obs-0629-02,new_latest,188,12.849915,0.8350098545774947,current_image_start_state,6,,0.000837866912718041,-0.12941523662001694,0.000837866912718041,-0.05612932255629958,124.50446065154082,140.90128769197193,144.40584772705023,166.0475933045737,1.3007975816726685
recorded_obs-0629-02,new_latest,188,12.849915,0.8350098545774947,current_image_start_state,7,,-0.0004799377852862567,-0.12257461255701137,-0.0004799377852862567,-0.05744026435048524,124.60514286712386,139.89936261337616,144.60975574801924,165.03474509998074,1.2168402671813965
recorded_obs-0629-02,new_latest,188,12.849915,0.8350098545774947,current_image_start_state,8,,0.00044457043530082905,-0.1233233225538251,0.00044457043530082905,-0.05433948971369142,124.48908607967276,140.01704946629312,144.47624883512603,165.33208499887888,1.2528104782104492
recorded_obs-0629-02,new_latest,188,12.849915,0.8350098545774947,current_image_start_state,9,,-0.0008652866933602178,-0.12636092129697635,-0.0008652866933602178,-0.05244183495733175,124.70710713700973,140.39504026060072,144.6578363110164,166.15964837580637,1.226706862449646
recorded_obs-0629-02,new_latest,188,12.849915,0.8350098545774947,current_image_start_state,10,,0.0022521484303851006,-0.12185379195723486,0.0022521484303851006,-0.05308702024272254,124.33397553955523,139.7703094224036,144.19803313741534,165.22401665100693,1.2039830684661865
recorded_obs-0629-02,new_latest,188,12.849915,0.8350098545774947,current_image_start_state,11,,0.003300734354913011,-0.12629723538880472,0.003300734354913011,-0.05653841377556189,124.25801110274891,140.48464905466946,144.03122331796152,165.80632379993577,1.2470766305923462
recorded_obs-0629-02,new_latest,188,12.849915,0.8350098545774947,current_image_start_state,12,,0.0013600243996334488,-0.11873375934729766,0.0013600243996334488,-0.05135125837023608,124.44524146453779,139.21714345884268,144.3293875506595,164.5005464149426,1.2210946083068848
recorded_obs-0629-02,new_latest,188,12.849915,0.8350098545774947,current_image_start_state,13,,0.0002468981067316909,-0.11772520251193498,0.0002468981067316909,-0.049826031435819665,124.54919610769228,139.22546305162666,144.49614695680341,163.77370079681094,1.1939170360565186
recorded_obs-0629-02,new_latest,188,12.849915,0.8350098545774947,current_image_start_state,14,,0.0013926342500410601,-0.1234110595636148,0.0013926342500410601,-0.0540966061172323,124.41089083907943,139.9680484885463,144.33164165334773,165.3800242728889,1.232967495918274
recorded_obs-0629-02,new_latest,188,12.849915,0.8350098545774947,current_image_start_state,15,,0.0037160799069384377,-0.12173947399459446,0.0037160799069384377,-0.05519322779306175,124.1346810927977,139.7876771879004,143.98898989316925,164.8239821580444,1.243695616722107
recorded_obs-0629-02,new_latest,188,12.849915,0.8350098545774947,current_image_start_state,16,,0.0001028555847692453,-0.12136317651788,0.0001028555847692453,-0.05331291486914528,124.54508758697867,139.61534169988684,144.52399524027055,165.09568246969565,1.2089303731918335
recorded_obs-0629-02,new_latest,188,12.849915,0.8350098545774947,current_image_start_state,17,,0.001167396312525775,-0.12004501771709676,0.001167396312525775,-0.05157170038647724,124.42279482944684,139.56345652064724,144.3681860983373,164.51522542541628,1.1899988651275635
recorded_obs-0629-02,new_latest,188,12.849915,0.8350098545774947,current_image_start_state,18,,0.0027353893875601506,-0.11996689824532064,0.0027353893875601506,-0.052786479866078075,124.21346427426317,139.44441224463344,144.1343104292692,164.8720169266694,1.1733300685882568
recorded_obs-0629-02,new_latest,188,12.849915,0.8350098545774947,current_image_start_state,19,,0.003753024338830239,-0.11417455577715992,0.003753024338830239,-0.05291617854319451,124.10807001756096,138.67373675397997,143.98404760427485,163.751485093025,1.2398498058319092
recorded_obs-0629-02,new_latest,188,12.849915,0.8350098545774947,start_image_start_state,0,,0.002986925223935852,-0.10500949380175195,0.002986925223935852,-0.04289058837963365,124.07270464952427,137.26026927425207,144.10664346918713,163.49302696233445,1.3176078796386719
recorded_obs-0629-02,new_latest,188,12.849915,0.8350098545774947,start_image_start_state,1,,0.003480866501885702,-0.10881512762029551,0.003480866501885702,-0.04420680150403623,124.04749798279923,137.80841920126014,144.0326064776909,164.5937807231831,1.364158034324646
recorded_obs-0629-02,new_latest,188,12.849915,0.8350098545774947,start_image_start_state,2,,0.003181780006974535,-0.09520585540462849,0.003181780006974535,-0.03767744373174305,124.10780922919062,135.80557465098568,144.06439665888868,161.70443531811847,1.2094358205795288
recorded_obs-0629-02,new_latest,188,12.849915,0.8350098545774947,start_image_start_state,3,,0.002230185991569612,-0.11630099663067998,0.002230185991569612,-0.04806539149173974,124.22029190927775,138.8942293113306,144.20580854238307,165.04904417425283,1.3339499235153198
recorded_obs-0629-02,new_latest,188,12.849915,0.8350098545774947,start_image_start_state,4,,0.0029291984239901755,-0.1071210488819977,0.0029291984239901755,-0.043794454065263076,124.11794945869104,137.58712914802888,144.11338208097533,163.6159788509691,1.3072624206542969
recorded_obs-0629-02,new_latest,188,12.849915,0.8350098545774947,start_image_start_state,5,,0.001542958808506241,-0.09217476815579562,0.001542958808506241,-0.03649797318820162,124.3523247570066,135.30441643393328,144.30540096387435,161.61869928054182,1.247492790222168
recorded_obs-0629-02,new_latest,188,12.849915,0.8350098545774947,start_image_start_state,6,,0.00222530753514115,-0.11515613900874176,0.00222530753514115,-0.046696471004054614,124.24571648754716,138.7458991971413,144.20499600051141,164.55994081162007,1.3305082321166992
recorded_obs-0629-02,new_latest,188,12.849915,0.8350098545774947,start_image_start_state,7,,0.0009409466685751746,-0.10962903306911591,0.0009409466685751746,-0.048766012099672615,124.35495410988548,137.94988141001318,144.4023720202347,163.83866910911516,1.2842330932617188
recorded_obs-0629-02,new_latest,188,12.849915,0.8350098545774947,start_image_start_state,8,,0.0023479812909586815,-0.10941874702994618,0.0023479812909586815,-0.045028787142918504,124.18132373308184,137.9343681095211,144.1989149657721,163.98649479134974,1.3022929430007935
recorded_obs-0629-02,new_latest,188,12.849915,0.8350098545774947,start_image_start_state,9,,0.0006648057633216735,-0.11226912698086529,0.0020436000316641123,-0.04267189391936085,124.46332725144525,138.34531447006452,144.42932006436254,164.86548163854135,1.2726935148239136
recorded_obs-0629-02,new_latest,188,12.849915,0.8350098545774947,start_image_start_state,10,,0.0046849068824180995,-0.10702355146739485,0.0046849068824180995,-0.043485816898616,123.96022794638316,137.56698655110063,143.84067424858083,163.77405146502028,1.2555233240127563
recorded_obs-0629-02,new_latest,188,12.849915,0.8350098545774947,start_image_start_state,11,,0.00535923336928823,-0.11351464415124772,0.00535923336928823,-0.04757906815530868,123.92473153834372,138.56699629581396,143.72984188913208,164.6373118365202,1.296638011932373
recorded_obs-0629-02,new_latest,188,12.849915,0.8350098545774947,start_image_start_state,12,,0.002853352960874381,-0.10388417997402095,0.002853352960874381,-0.041274845013640975,124.19426380364868,136.99407144627827,144.10827638223134,162.9907272795968,1.2826799154281616
recorded_obs-0629-02,new_latest,188,12.849915,0.8350098545774947,start_image_start_state,13,,0.0023668816162668448,-0.10235260124814335,0.0023668816162668448,-0.03923341012094444,124.21286876968841,136.85448580088323,144.18477284610765,162.06727518143862,1.2190200090408325
recorded_obs-0629-02,new_latest,188,12.849915,0.8350098545774947,start_image_start_state,14,,0.0030820887458206624,-0.10914106118712914,0.0030820887458206624,-0.04459713027657271,124.12286022550681,137.84083904479462,144.08499110940954,163.99552272749764,1.284899353981018
recorded_obs-0629-02,new_latest,188,12.849915,0.8350098545774947,start_image_start_state,15,,0.005224213328070185,-0.10815104433335233,0.005224213328070185,-0.04576186275442255,123.88104709265413,137.71916455369876,143.76767531995182,163.49136211247983,1.2972135543823242
recorded_obs-0629-02,new_latest,188,12.849915,0.8350098545774947,start_image_start_state,16,,0.0018740535883401078,-0.10645004292426592,0.003468271103002693,-0.04393578759822013,124.25267159856703,137.39706639928008,144.26376930057762,163.57344112678652,1.2644898891448975
recorded_obs-0629-02,new_latest,188,12.849915,0.8350098545774947,start_image_start_state,17,,0.003376390730889329,-0.10439709007917228,0.003376390730889329,-0.04163143011740911,124.0870862745863,137.18304116178894,144.0415036470374,162.85925870141494,1.2321438789367676
recorded_obs-0629-02,new_latest,188,12.849915,0.8350098545774947,start_image_start_state,18,,0.0044900879103712925,-0.10533047000187931,0.0044900879103712925,-0.04303261644305107,123.93806338926855,137.2821847111123,143.87503273826474,163.4431870220325,1.2208161354064941
recorded_obs-0629-02,new_latest,188,12.849915,0.8350098545774947,start_image_start_state,19,,0.005204912439665636,-0.09935988300074416,0.005204912439665636,-0.04354168320055694,123.87563279896244,136.42855627314543,143.76930740873453,162.23230109805039,1.285038709640503
recorded_obs-0629-02,new_latest,203,13.922318,0.9116412653184621,current_image_current_state,0,,0.5243986394229759,0.16317143876270282,0.5427642105991628,0.3509018631867496,58.39366478332956,111.33481180419649,76.89932827821518,128.01931379720088,1.8946263790130615
recorded_obs-0629-02,new_latest,203,13.922318,0.9116412653184621,current_image_current_state,1,,0.47672634799783525,0.17031744434580592,0.5121661385883873,0.34569394628270117,65.00312912211855,110.55515230187076,82.90917200205847,127.4766876069107,1.8431997299194336
recorded_obs-0629-02,new_latest,203,13.922318,0.9116412653184621,current_image_current_state,2,,0.5396365884636747,0.18633967736004378,0.5655676562857519,0.37303478516491634,56.703769108435075,107.76755812825225,75.7865618302773,124.38995519585833,1.889288067817688
recorded_obs-0629-02,new_latest,203,13.922318,0.9116412653184621,current_image_current_state,3,,0.5387905376914476,0.15032119562203272,0.571661067838197,0.34073838210222485,56.68797424740899,113.01408134367782,75.5881512205599,129.56131616463898,2.1228272914886475
recorded_obs-0629-02,new_latest,203,13.922318,0.9116412653184621,current_image_current_state,4,,0.5062357083237657,0.16625515999432247,0.545329097245066,0.3481628380742744,61.109836002663286,110.74627574462608,79.52989272452051,127.31498474060159,1.9642562866210938
recorded_obs-0629-02,new_latest,203,13.922318,0.9116412653184621,current_image_current_state,5,,0.5331576530817456,0.20174299440635687,0.5480175052244647,0.3811878903007849,57.42333794842781,105.76583692311047,76.19003759828863,122.68192673575585,1.792212724685669
recorded_obs-0629-02,new_latest,203,13.922318,0.9116412653184621,current_image_current_state,6,,0.5478840246326832,0.14554421415322646,0.5487181740116089,0.3369461983257933,55.53185456600308,113.57274108877259,74.66424416417468,129.93177397123273,2.0221071243286133
recorded_obs-0629-02,new_latest,203,13.922318,0.9116412653184621,current_image_current_state,7,,0.5350771266029104,0.15000903146005676,0.5536651747580162,0.3277268680846053,57.01682648328758,112.99955152220627,75.7786110566204,129.4036789453888,2.0190229415893555
recorded_obs-0629-02,new_latest,203,13.922318,0.9116412653184621,current_image_current_state,8,,0.5282331325197859,0.16570742345987124,0.5494104892647261,0.3455313397909588,58.194031115667485,110.90746003271622,77.0310791793793,127.46444995837327,1.972631573677063
recorded_obs-0629-02,new_latest,203,13.922318,0.9116412653184621,current_image_current_state,9,,0.543042311276801,0.15480918821608072,0.543042311276801,0.34657607984682676,56.221250147731595,112.65436723595492,75.28731439905941,129.34335048815382,2.003570318222046
recorded_obs-0629-02,new_latest,203,13.922318,0.9116412653184621,current_image_current_state,10,,0.5147624646289944,0.16657780190311763,0.5325611277416125,0.3490402884816796,59.83465558735813,110.93653685655865,78.33348801268653,127.62925230553253,1.8223134279251099
recorded_obs-0629-02,new_latest,203,13.922318,0.9116412653184621,current_image_current_state,11,,0.5368557862654593,0.1425776133828487,0.5368557862654593,0.33377494076253306,56.97501245838563,114.30498226220531,75.8799301907913,130.81910073548582,2.0282177925109863
recorded_obs-0629-02,new_latest,203,13.922318,0.9116412653184621,current_image_current_state,12,,0.543875082985349,0.16642589219292314,0.564218480883606,0.35614367673337255,56.3050389109922,110.51570889931969,75.59002571863891,127.14040984003738,2.0382285118103027
recorded_obs-0629-02,new_latest,203,13.922318,0.9116412653184621,current_image_current_state,13,,0.5332327443899991,0.17847778102532602,0.5602829223511754,0.37089253570947456,57.52428098983411,108.48031465802123,76.391946254956,124.81447580154494,1.9223428964614868
recorded_obs-0629-02,new_latest,203,13.922318,0.9116412653184621,current_image_current_state,14,,0.5220125677152807,0.16361837634427126,0.5404649469220535,0.3447051136691432,58.929389137771906,111.21057058361998,77.65840719452143,127.8322847127881,1.908919334411621
recorded_obs-0629-02,new_latest,203,13.922318,0.9116412653184621,current_image_current_state,15,,0.49639465106821284,0.15444829408858127,0.5356654960577655,0.3307528298904632,62.35998531900524,112.2063060688746,80.59105863702102,128.63163016820917,2.0603158473968506
recorded_obs-0629-02,new_latest,203,13.922318,0.9116412653184621,current_image_current_state,16,,0.5149041282372273,0.16303618613724902,0.5469624642581358,0.33889128786295997,59.785891305127265,111.11203761019141,78.11640968446025,127.7786384845131,1.944024920463562
recorded_obs-0629-02,new_latest,203,13.922318,0.9116412653184621,current_image_current_state,17,,0.5126493323591428,0.16682156542933185,0.536008250554008,0.3543383451774919,60.382931887126496,110.4341010594101,79.09414338954248,126.8241458209517,1.852367639541626
recorded_obs-0629-02,new_latest,203,13.922318,0.9116412653184621,current_image_current_state,18,,0.5466742092649066,0.1690004597630291,0.5466742092649066,0.3510652486903213,55.81506770242901,110.40443993992076,75.0460063063131,127.0745522114316,1.8866101503372192
recorded_obs-0629-02,new_latest,203,13.922318,0.9116412653184621,current_image_current_state,19,,0.4815751480628187,0.177892974761463,0.5408259076381329,0.3458751491602189,65.33573398159182,108.96117410141068,83.96655169713328,125.4834945649948,2.0561816692352295
recorded_obs-0629-02,new_latest,203,13.922318,0.9116412653184621,start_image_current_state,0,,0.5571453837796501,0.24363436430393362,0.5785653051055425,0.42143445438243504,53.919572682221656,100.53869096958502,73.02421198909688,117.92099117656639,1.7860091924667358
recorded_obs-0629-02,new_latest,203,13.922318,0.9116412653184621,start_image_current_state,1,,0.518749601746644,0.25062229221020893,0.5518137566786318,0.4165758831372848,59.17263157563528,99.79537912401167,77.74233652033402,117.42966991313408,1.7477285861968994
recorded_obs-0629-02,new_latest,203,13.922318,0.9116412653184621,start_image_current_state,2,,0.5626451350124665,0.26359000471660754,0.6004213116169083,0.4398465510784963,53.499641137742366,97.39204081062064,72.97390413104135,114.73429532783835,1.8005295991897583
recorded_obs-0629-02,new_latest,203,13.922318,0.9116412653184621,start_image_current_state,3,,0.5639846893069872,0.22621169652884063,0.6062468125939101,0.4069765926988926,53.20687646622714,102.82751172238409,72.54903737458169,120.05435586858292,2.025078773498535
recorded_obs-0629-02,new_latest,203,13.922318,0.9116412653184621,start_image_current_state,4,,0.537503343674691,0.24132125658785983,0.5840981784742878,0.416529268868102,56.77399215396069,100.68206593237532,75.7074493524208,117.91488249866705,1.9161179065704346
recorded_obs-0629-02,new_latest,203,13.922318,0.9116412653184621,start_image_current_state,5,,0.5598874215230966,0.28639057196334206,0.5867565340889687,0.45121067751629934,53.71862067308268,94.33657069706973,72.98723504236034,112.00364611633405,1.691582202911377
recorded_obs-0629-02,new_latest,203,13.922318,0.9116412653184621,start_image_current_state,6,,0.5720578933846575,0.21873324626629115,0.5904759671353356,0.40272404782768706,52.1965330950058,103.80761050344172,71.7514757106271,120.84669288713323,1.9271516799926758
recorded_obs-0629-02,new_latest,203,13.922318,0.9116412653184621,start_image_current_state,7,,0.5629697829309162,0.22620757307055298,0.5845821707020902,0.3930945612236809,53.19513405356347,102.77876401772727,72.46572175113405,119.86318786902349,1.909827709197998
recorded_obs-0629-02,new_latest,203,13.922318,0.9116412653184621,start_image_current_state,8,,0.5553178768889583,0.24301046257702916,0.5879120102650847,0.41232599759155336,54.42085940078318,100.51138193324336,73.69777228190226,117.74205366178471,1.9084304571151733
recorded_obs-0629-02,new_latest,203,13.922318,0.9116412653184621,start_image_current_state,9,,0.5673463994423651,0.235878284348659,0.5673463994423651,0.417856046052499,52.85097248714362,101.78917901901865,72.35912692726068,119.1735482855355,1.7707200050354004
recorded_obs-0629-02,new_latest,203,13.922318,0.9116412653184621,start_image_current_state,10,,0.5504039515235829,0.24757537911424635,0.5731750748333881,0.41951270561939086,54.965509348880694,100.08488220711165,74.09503790707473,117.49269330311002,1.7337620258331299
recorded_obs-0629-02,new_latest,203,13.922318,0.9116412653184621,start_image_current_state,11,,0.5624308767045911,0.21511167942991394,0.5674349146142503,0.3995813794876427,53.44455751931464,104.63683660954598,72.80780773537768,121.82083034347477,1.864501953125
recorded_obs-0629-02,new_latest,203,13.922318,0.9116412653184621,start_image_current_state,12,,0.5655888524915098,0.2420147256739132,0.6027705109490217,0.42167300928601004,53.295229332389134,100.39362225139878,72.93128924885943,117.7156792096048,1.9971227645874023
recorded_obs-0629-02,new_latest,203,13.922318,0.9116412653184621,start_image_current_state,13,,0.5615939497082569,0.24915619612788648,0.5910323881251733,0.43725203123715817,53.63632152744471,98.94787417777326,73.02347138854932,115.9382620309772,1.8133456707000732
recorded_obs-0629-02,new_latest,203,13.922318,0.9116412653184621,start_image_current_state,14,,0.5539571251800548,0.2438809529846607,0.575844033520363,0.4128044464641935,54.565487185735655,100.48873808175998,73.84824927779651,117.82364263081607,1.8155580759048462
recorded_obs-0629-02,new_latest,203,13.922318,0.9116412653184621,start_image_current_state,15,,0.5359632634951587,0.22661028341792985,0.5680846799569664,0.39685274990161673,56.928852943507295,102.54469787690766,75.83645894533724,119.64991067866619,1.9011098146438599
recorded_obs-0629-02,new_latest,203,13.922318,0.9116412653184621,start_image_current_state,16,,0.5461100561285115,0.24273483316416852,0.5871085280942938,0.4072788883078096,55.47173224619075,100.35834535402755,74.345237799969,117.73258858466507,1.8431077003479004
recorded_obs-0629-02,new_latest,203,13.922318,0.9116412653184621,start_image_current_state,17,,0.5459754079156789,0.2424313555818005,0.5771631381615354,0.4235705296117346,55.820868680918025,100.30437983342634,75.0944645561257,117.39897266214064,1.764412760734558
recorded_obs-0629-02,new_latest,203,13.922318,0.9116412653184621,start_image_current_state,18,,0.570539205130625,0.24879345593844443,0.5813164854906366,0.42149786722295185,52.53757841197665,99.66640057332503,72.1873503545097,117.0249281442099,1.7199701070785522
recorded_obs-0629-02,new_latest,203,13.922318,0.9116412653184621,start_image_current_state,19,,0.5150624159408599,0.2547698775799332,0.5723753814882262,0.4131152741378326,60.7249970785301,98.661475233111,79.84069789564468,115.88407937689502,1.960431456565857
recorded_obs-0629-02,new_latest,203,13.922318,0.9116412653184621,current_image_start_state,0,,0.0014147547190960592,-0.12104751122775421,0.0014147547190960592,-0.05283179634256946,132.05688673544546,150.43773491420416,144.34328834393187,165.11647421262472,1.2762868404388428
recorded_obs-0629-02,new_latest,203,13.922318,0.9116412653184621,current_image_start_state,1,,0.002216244309559581,-0.12411525263601421,0.002216244309559581,-0.053857472120905345,131.96199694513598,151.0632362617309,144.22660758633353,165.99623854866567,1.316921591758728
recorded_obs-0629-02,new_latest,203,13.922318,0.9116412653184621,current_image_start_state,2,,0.0020663654517016853,-0.11067260781079341,0.0020663654517016853,-0.04827177020668179,131.9810124152949,148.72811695519937,144.23539939605774,163.2445207679726,1.146596908569336
recorded_obs-0629-02,new_latest,203,13.922318,0.9116412653184621,current_image_start_state,3,,0.001111872919076258,-0.13010823168428534,0.001111872919076258,-0.05719435130888775,132.12020350231847,151.70533855710718,144.37590341169806,166.33576523431594,1.2737787961959839
recorded_obs-0629-02,new_latest,203,13.922318,0.9116412653184621,current_image_start_state,4,,0.0010809554307705598,-0.12256382847755191,0.0010809554307705598,-0.05344127762742409,132.11905168607754,150.56472757281205,144.39360324061153,165.12512500594212,1.2465211153030396
recorded_obs-0629-02,new_latest,203,13.922318,0.9116412653184621,current_image_start_state,5,,0.000786495827046049,-0.10921387212089606,0.000786495827046049,-0.04695939021380966,132.18423330435246,148.62131121492632,144.42581873938792,163.34598479998374,1.1852558851242065
recorded_obs-0629-02,new_latest,203,13.922318,0.9116412653184621,current_image_start_state,6,,0.0009331324139065713,-0.13046282551868657,0.0009331324139065713,-0.05611292364247244,132.15727064462408,151.6875183073761,144.40421074690767,166.16590513244185,1.3141601085662842
recorded_obs-0629-02,new_latest,203,13.922318,0.9116412653184621,current_image_start_state,7,,0.00037933821602117806,-0.12343172900175772,0.00037933821602117806,-0.057414780553488094,132.20564003609866,150.64627373178232,144.4944015338083,165.1465388973258,1.2212514877319336
recorded_obs-0629-02,new_latest,203,13.922318,0.9116412653184621,current_image_start_state,8,,0.0009860305849557984,-0.12395438499963819,0.0009860305849557984,-0.05438221930588886,132.12025762748655,150.81727503856135,144.40634607095527,165.39704247089526,1.2452560663223267
recorded_obs-0629-02,new_latest,203,13.922318,0.9116412653184621,current_image_start_state,9,,-0.0005171732884808993,-0.12738666829206177,-0.0005171732884808993,-0.05235033136461548,132.36027275427506,151.48945733959098,144.6152674172975,166.29167963992262,1.2317057847976685
recorded_obs-0629-02,new_latest,203,13.922318,0.9116412653184621,current_image_start_state,10,,0.002859490487868735,-0.1223057721422361,0.002859490487868735,-0.05300482202403299,131.8989551349042,150.6194767076395,144.11623445143624,165.2688657278686,1.204516053199768
recorded_obs-0629-02,new_latest,203,13.922318,0.9116412653184621,current_image_start_state,11,,0.004165951452609682,-0.12772141960497402,0.004165951452609682,-0.05661790580004686,131.72783892748802,151.40999934575316,143.91567281108632,165.99226050939856,1.2380781173706055
recorded_obs-0629-02,new_latest,203,13.922318,0.9116412653184621,current_image_start_state,12,,0.0015459796174987627,-0.11970409319619565,0.0015459796174987627,-0.05131920892228451,132.07868824000033,150.0350430158568,144.310665058446,164.6250175219454,1.227738380432129
recorded_obs-0629-02,new_latest,203,13.922318,0.9116412653184621,current_image_start_state,13,,0.0005233549607593404,-0.11845974436274515,0.0005233549607593404,-0.04972217803905437,132.20240386539552,149.62309935060009,144.4648880856574,163.84531760150784,1.1950446367263794
recorded_obs-0629-02,new_latest,203,13.922318,0.9116412653184621,current_image_start_state,14,,0.001471363541185924,-0.12401095313473524,0.001471363541185924,-0.054033045858063636,132.07989558152983,150.803326880381,144.32869961205793,165.4361015629722,1.2358543872833252
recorded_obs-0629-02,new_latest,203,13.922318,0.9116412653184621,current_image_start_state,15,,0.0041488803766409595,-0.12280247445909909,0.0041488803766409595,-0.05513434943943176,131.7183670662353,150.50149749806047,143.93412515330314,164.95813774255387,1.2387235164642334
recorded_obs-0629-02,new_latest,203,13.922318,0.9116412653184621,current_image_start_state,16,,0.00045452464796638903,-0.1219779249462789,0.0009349142330784834,-0.053382794773182494,132.2079306541395,150.48824913557516,144.4810281717787,165.16779193366736,1.214350938796997
recorded_obs-0629-02,new_latest,203,13.922318,0.9116412653184621,current_image_start_state,17,,0.0017594782273784863,-0.1204671444275575,0.0017594782273784863,-0.05141094502946253,132.02985487730666,150.1315424941333,144.29105345667733,164.52919728883415,1.1984355449676514
recorded_obs-0629-02,new_latest,203,13.922318,0.9116412653184621,current_image_start_state,18,,0.0036638777490609507,-0.12075909285944972,0.0036638777490609507,-0.052769632097166834,131.75788217180178,150.31526724703141,144.00846411612304,164.96850321066552,1.1710227727890015
recorded_obs-0629-02,new_latest,203,13.922318,0.9116412653184621,current_image_start_state,19,,0.0039352630123348446,-0.11433312133026709,0.0039352630123348446,-0.05286297827110487,131.72097341927804,149.26606672937226,143.96578997519418,163.74211402926312,1.2414026260375977
recorded_obs-0629-02,new_latest,203,13.922318,0.9116412653184621,start_image_start_state,0,,0.002986925223935852,-0.10500949380175195,0.002986925223935852,-0.04289058837963365,131.80334412220523,148.43261928584784,144.10664346918713,163.49302696233445,1.3176078796386719
recorded_obs-0629-02,new_latest,203,13.922318,0.9116412653184621,start_image_start_state,1,,0.003480866501885702,-0.10881512762029551,0.003480866501885702,-0.04420680150403623,131.7522927120996,149.26328164061826,144.0326064776909,164.5937807231831,1.364158034324646
recorded_obs-0629-02,new_latest,203,13.922318,0.9116412653184621,start_image_start_state,2,,0.003181780006974535,-0.09520585540462849,0.003181780006974535,-0.03767744373174305,131.79488640333642,146.78889464093604,144.06439665888868,161.70443531811847,1.2094358205795288
recorded_obs-0629-02,new_latest,203,13.922318,0.9116412653184621,start_image_start_state,3,,0.002230185991569612,-0.11630099663067998,0.002230185991569612,-0.04806539149173974,131.92726282072465,150.0377268942889,144.20580854238307,165.04904417425283,1.3339499235153198
recorded_obs-0629-02,new_latest,203,13.922318,0.9116412653184621,start_image_start_state,4,,0.0029291984239901755,-0.1071210488819977,0.0029291984239901755,-0.043794454065263076,131.82840317119854,148.6605993682383,144.11338208097533,163.6159788509691,1.3072624206542969
recorded_obs-0629-02,new_latest,203,13.922318,0.9116412653184621,start_image_start_state,5,,0.001542958808506241,-0.09217476815579562,0.001542958808506241,-0.03649797318820162,132.04575333051048,146.49247230999262,144.30540096387435,161.61869928054182,1.247492790222168
recorded_obs-0629-02,new_latest,203,13.922318,0.9116412653184621,start_image_start_state,6,,0.00222530753514115,-0.11515613900874176,0.00222530753514115,-0.046696471004054614,131.9429946819463,149.72849943533907,144.20499600051141,164.55994081162007,1.3305082321166992
recorded_obs-0629-02,new_latest,203,13.922318,0.9116412653184621,start_image_start_state,7,,0.0009409466685751746,-0.10962903306911591,0.0009409466685751746,-0.048766012099672615,132.0933024669843,148.9560117932512,144.4023720202347,163.83866910911516,1.2842330932617188
recorded_obs-0629-02,new_latest,203,13.922318,0.9116412653184621,start_image_start_state,8,,0.0023479812909586815,-0.10941874702994618,0.0023479812909586815,-0.045028787142918504,131.90208449905634,149.02805693721032,144.1989149657721,163.98649479134974,1.3022929430007935
recorded_obs-0629-02,new_latest,203,13.922318,0.9116412653184621,start_image_start_state,9,,0.0006648057633216735,-0.11226912698086529,0.0020436000316641123,-0.04267189391936085,132.16601520377398,149.67655372365903,144.42932006436254,164.86548163854135,1.2726935148239136
recorded_obs-0629-02,new_latest,203,13.922318,0.9116412653184621,start_image_start_state,10,,0.0046849068824180995,-0.10702355146739485,0.0046849068824180995,-0.043485816898616,131.6078526883535,148.73193547791934,143.84067424858083,163.77405146502028,1.2555233240127563
recorded_obs-0629-02,new_latest,203,13.922318,0.9116412653184621,start_image_start_state,11,,0.00535923336928823,-0.11351464415124772,0.00535923336928823,-0.04757906815530868,131.5344694509915,149.67292086062534,143.72984188913208,164.6373118365202,1.296638011932373
recorded_obs-0629-02,new_latest,203,13.922318,0.9116412653184621,start_image_start_state,12,,0.002853352960874381,-0.10388417997402095,0.002853352960874381,-0.041274845013640975,131.86847818336238,148.03192296681888,144.10827638223134,162.9907272795968,1.2826799154281616
recorded_obs-0629-02,new_latest,203,13.922318,0.9116412653184621,start_image_start_state,13,,0.0023668816162668448,-0.10235260124814335,0.0023668816162668448,-0.03923341012094444,131.91402807032503,147.4921383116116,144.18477284610765,162.06727518143862,1.2190200090408325
recorded_obs-0629-02,new_latest,203,13.922318,0.9116412653184621,start_image_start_state,14,,0.0030820887458206624,-0.10914106118712914,0.0030820887458206624,-0.04459713027657271,131.81629187523728,148.97965276785155,144.08499110940954,163.99552272749764,1.284899353981018
recorded_obs-0629-02,new_latest,203,13.922318,0.9116412653184621,start_image_start_state,15,,0.005224213328070185,-0.10815104433335233,0.005224213328070185,-0.04576186275442255,131.53261750323762,148.660466657948,143.76767531995182,163.49136211247983,1.2972135543823242
recorded_obs-0629-02,new_latest,203,13.922318,0.9116412653184621,start_image_start_state,16,,0.0018740535883401078,-0.10645004292426592,0.003468271103002693,-0.04393578759822013,131.97313114991354,148.53371044644376,144.26376930057762,163.57344112678652,1.2644898891448975
recorded_obs-0629-02,new_latest,203,13.922318,0.9116412653184621,start_image_start_state,17,,0.003376390730889329,-0.10439709007917228,0.003376390730889329,-0.04163143011740911,131.7780710102461,148.0703840106328,144.0415036470374,162.85925870141494,1.2321438789367676
recorded_obs-0629-02,new_latest,203,13.922318,0.9116412653184621,start_image_start_state,18,,0.0044900879103712925,-0.10533047000187931,0.0044900879103712925,-0.04303261644305107,131.61877786917805,148.4126447811987,143.87503273826474,163.4431870220325,1.2208161354064941
recorded_obs-0629-02,new_latest,203,13.922318,0.9116412653184621,start_image_start_state,19,,0.005204912439665636,-0.09935988300074416,0.005204912439665636,-0.04354168320055694,131.5203883321506,147.3731192910259,143.76930740873453,162.23230109805039,1.285038709640503
recorded_obs-0629-02,new_latest,205,14.054995,0.9279366697985146,current_image_current_state,0,,0.5216670870653781,0.1680981706442883,0.5415808303797286,0.35437366080208565,61.67265054446109,113.43793323042239,76.684849826394,127.12240915986987,1.8724889755249023
recorded_obs-0629-02,new_latest,205,14.054995,0.9279366697985146,current_image_current_state,1,,0.474465814358078,0.17530306152044547,0.5123386191158561,0.34973397648658,68.17701621949195,112.6965945633209,82.7213840300412,126.58234453760795,1.836997389793396
recorded_obs-0629-02,new_latest,205,14.054995,0.9279366697985146,current_image_current_state,2,,0.5375230534891388,0.1906353598178696,0.5634373922203557,0.3757985041709068,59.97278669435335,109.94614008122663,75.45554737048737,123.5746734576966,1.8600549697875977
recorded_obs-0629-02,new_latest,205,14.054995,0.9279366697985146,current_image_current_state,3,,0.5363491789097229,0.1562925491867012,0.5702320237239026,0.3442957699831577,59.98423690873271,114.92903010946391,75.3137167836743,128.50486718489395,2.103086233139038
recorded_obs-0629-02,new_latest,205,14.054995,0.9279366697985146,current_image_current_state,4,,0.503476450225247,0.1707981272649604,0.5443640082719854,0.3517076046485135,64.40991218660315,112.85974710568487,79.37282735363571,126.43933847993205,1.9522846937179565
recorded_obs-0629-02,new_latest,205,14.054995,0.9279366697985146,current_image_current_state,5,,0.5296371782544064,0.20588783480590447,0.5481390901928778,0.3845781938321446,60.85113892127198,108.02563080518527,76.0639656011829,121.89927710337766,1.7985841035842896
recorded_obs-0629-02,new_latest,205,14.054995,0.9279366697985146,current_image_current_state,6,,0.5453049750666752,0.15082331853604639,0.5483416356338151,0.3404943412200695,58.87014664109051,115.57905551352479,74.38395815526394,129.00259587306275,2.0346450805664062
recorded_obs-0629-02,new_latest,205,14.054995,0.9279366697985146,current_image_current_state,7,,0.5326604931005988,0.15543305978822824,0.5524777762772869,0.3316595399431135,60.28694871598131,114.9773940674951,75.50263001709564,128.43409519520864,1.9961143732070923
recorded_obs-0629-02,new_latest,205,14.054995,0.9279366697985146,current_image_current_state,8,,0.5257540592611938,0.17097535384208426,0.5486233337419262,0.3492022880441481,61.494602515410165,112.95293705705146,76.77387485705556,126.5464652932179,1.966502070426941
recorded_obs-0629-02,new_latest,205,14.054995,0.9279366697985146,current_image_current_state,9,,0.5404110469870546,0.16018094279029121,0.5404110469870546,0.3505439382911443,59.566474481976954,114.69411369764839,75.03549495034561,128.38400377389283,2.0187759399414062
recorded_obs-0629-02,new_latest,205,14.054995,0.9279366697985146,current_image_current_state,10,,0.5125299238890867,0.17143692751212988,0.5304894750446133,0.3526554297684632,63.07249021956257,113.07099712274402,78.09813397448717,126.76568615624774,1.8181086778640747
recorded_obs-0629-02,new_latest,205,14.054995,0.9279366697985146,current_image_current_state,11,,0.5345473648114558,0.14812487490365944,0.5345473648114558,0.33738812326423123,60.27279748472597,116.29098853054948,75.61342620399131,129.8326032311381,2.0158605575561523
recorded_obs-0629-02,new_latest,205,14.054995,0.9279366697985146,current_image_current_state,12,,0.5421597929157125,0.17136157739770635,0.5630032651555177,0.3593126722829618,59.554699131072006,112.59950416927211,75.21566529256613,126.23445436109814,2.021862745285034
recorded_obs-0629-02,new_latest,205,14.054995,0.9279366697985146,current_image_current_state,13,,0.5303035398392746,0.18211867191411918,0.5596310352068827,0.3738595954357706,60.89863557315652,110.72134153358482,76.1979951644344,124.12614677607851,1.9265724420547485
recorded_obs-0629-02,new_latest,205,14.054995,0.9279366697985146,current_image_current_state,14,,0.5203591822015221,0.16950495360834675,0.5391203327478084,0.34853336856376477,62.11859985916519,113.18019256146779,77.33125482048392,126.81730538335039,1.8922815322875977
recorded_obs-0629-02,new_latest,205,14.054995,0.9279366697985146,current_image_current_state,15,,0.4936241736835008,0.16041042094952931,0.5356148351214108,0.3344742889599776,65.64191406890706,114.11272057013323,80.44226765349269,127.58519730827005,2.0813066959381104
recorded_obs-0629-02,new_latest,205,14.054995,0.9279366697985146,current_image_current_state,16,,0.5112537080079802,0.1683551343734163,0.5470873181465086,0.3429223954400414,63.16391802805372,113.14702575842557,78.02062454694557,126.82582068869166,1.9451067447662354
recorded_obs-0629-02,new_latest,205,14.054995,0.9279366697985146,current_image_current_state,17,,0.5109195943364467,0.17142269253023015,0.5344896442720269,0.35784417035236554,63.582647394985095,112.5402310571936,78.78562342913476,125.98639492818266,1.8393728733062744
recorded_obs-0629-02,new_latest,205,14.054995,0.9279366697985146,current_image_current_state,18,,0.5449259174535549,0.17439219593355998,0.5449259174535549,0.35479143832089843,59.06633996975944,112.4275175135536,74.67231093263426,126.09630490784845,1.8770209550857544
recorded_obs-0629-02,new_latest,205,14.054995,0.9279366697985146,current_image_current_state,19,,0.4785789831536763,0.1830021299062987,0.5404102818814456,0.3495055513165536,68.7541804784448,111.01353001287872,83.89986938443134,124.57128511250026,2.049428939819336
recorded_obs-0629-02,new_latest,205,14.054995,0.9279366697985146,start_image_current_state,0,,0.5557926662302147,0.24976760676339804,0.5790125583070639,0.42599183425594334,57.030830559107066,102.6223787974136,72.52338559234282,116.91619257549017,1.785744071006775
recorded_obs-0629-02,new_latest,205,14.054995,0.9279366697985146,start_image_current_state,1,,0.5167431688373314,0.2566772444430889,0.5536547816978673,0.42129153868129793,62.3193438418968,101.9381598352182,77.38201957182162,116.42804579619822,1.7544142007827759
recorded_obs-0629-02,new_latest,205,14.054995,0.9279366697985146,start_image_current_state,2,,0.5626606445483475,0.2692456649333447,0.601735402457655,0.4438537317375002,56.48611580460509,99.5229139495611,72.30487287484699,113.77413882299598,1.782061219215393
recorded_obs-0629-02,new_latest,205,14.054995,0.9279366697985146,start_image_current_state,3,,0.5629997609755363,0.23264982162120101,0.607480412131412,0.41149460933831494,56.30899457366029,104.84071762283806,72.00164268577305,119.00379149736946,2.0128748416900635
recorded_obs-0629-02,new_latest,205,14.054995,0.9279366697985146,start_image_current_state,4,,0.5355952668259513,0.24803013467916774,0.5844912486928412,0.42095981265007115,59.98795914004865,102.64874164053955,75.35406700516427,116.81595903406014,1.9128965139389038
recorded_obs-0629-02,new_latest,205,14.054995,0.9279366697985146,start_image_current_state,5,,0.559178538203323,0.2918362302352102,0.5890661461580304,0.4552556985422747,56.76344648522981,96.56000190232106,72.38142865268335,111.0751079502861,1.6975504159927368
recorded_obs-0629-02,new_latest,205,14.054995,0.9279366697985146,start_image_current_state,6,,0.5703305484004575,0.22505197106458066,0.5910429756096052,0.40748544294671596,55.3924268990389,105.7778636865132,71.23938383453522,119.78185344389583,1.9263135194778442
recorded_obs-0629-02,new_latest,205,14.054995,0.9279366697985146,start_image_current_state,7,,0.5623487921609355,0.23362861705690594,0.5859258604298496,0.3983475658565078,56.2290210823647,104.62470714150066,71.86505491351117,118.67610327720213,1.9008537530899048
recorded_obs-0629-02,new_latest,205,14.054995,0.9279366697985146,start_image_current_state,8,,0.5531103836749445,0.2500435232582996,0.5898878540492247,0.41684235860828966,57.677137200302646,102.4605511502705,73.30203937376594,116.63000656042036,1.9257171154022217
recorded_obs-0629-02,new_latest,205,14.054995,0.9279366697985146,start_image_current_state,9,,0.567724877776392,0.2423084308391415,0.567724877776392,0.4230215670268692,55.800452438637016,103.83104522170375,71.63730778402449,118.11214482509689,1.7958312034606934
recorded_obs-0629-02,new_latest,205,14.054995,0.9279366697985146,start_image_current_state,10,,0.5490704736717243,0.2538000098120675,0.5743097724766651,0.42404992587087226,58.093144952355125,102.15053358370201,73.61815420666868,116.45762708221896,1.7335058450698853
recorded_obs-0629-02,new_latest,205,14.054995,0.9279366697985146,start_image_current_state,11,,0.5613344887980211,0.22231570421990762,0.5694906948266804,0.4042401688489771,56.568664677055985,106.53028277448011,72.27108150911876,120.65599558212772,1.8659541606903076
recorded_obs-0629-02,new_latest,205,14.054995,0.9279366697985146,start_image_current_state,12,,0.5656106991139047,0.24767466120059162,0.6036866345687238,0.4259481994481371,56.29189893076899,102.50325051986077,72.2400912654474,116.73649138222216,1.9850026369094849
recorded_obs-0629-02,new_latest,205,14.054995,0.9279366697985146,start_image_current_state,13,,0.5602670328571933,0.2552246315424764,0.5918044896572264,0.44135852179575674,56.739165220165006,100.95852277563965,72.43452195332155,114.93406903500967,1.8113418817520142
recorded_obs-0629-02,new_latest,205,14.054995,0.9279366697985146,start_image_current_state,14,,0.5537522591794702,0.2515726466815293,0.5758892719886465,0.41787204831682256,57.56485539815046,102.36130787451476,73.22753105301823,116.62473720329915,1.7984108924865723
recorded_obs-0629-02,new_latest,205,14.054995,0.9279366697985146,start_image_current_state,15,,0.534287719512716,0.2337729247823755,0.5687803429748503,0.4019341236142611,60.072748303329,104.39816510829412,75.40460249248608,118.45764249679625,1.9251691102981567
recorded_obs-0629-02,new_latest,205,14.054995,0.9279366697985146,start_image_current_state,16,,0.5437947219713304,0.2488797410675509,0.589364094545611,0.4122402905222145,58.67506271364581,102.45341929352838,73.96346870933638,116.74207226565633,1.8454811573028564
recorded_obs-0629-02,new_latest,205,14.054995,0.9279366697985146,start_image_current_state,17,,0.5451770870552722,0.2486770933633106,0.5785912505529338,0.4283804444550951,58.91408026349673,102.28869150623972,74.56379874397811,116.34001600689083,1.7617162466049194
recorded_obs-0629-02,new_latest,205,14.054995,0.9279366697985146,start_image_current_state,18,,0.5701559204773278,0.25533325315506106,0.5827538022916369,0.426246614241746,55.59338068232924,101.67791951995363,71.53442142804096,115.94980693029893,1.714004635810852
recorded_obs-0629-02,new_latest,205,14.054995,0.9279366697985146,start_image_current_state,19,,0.513102612185036,0.2613925650997974,0.5729117853920185,0.4181219372394554,64.03859641060629,100.65588226884978,79.57504478763826,114.81902654474294,1.9598119258880615
recorded_obs-0629-02,new_latest,205,14.054995,0.9279366697985146,current_image_start_state,0,,0.0015474146927790587,-0.1211738369293274,0.0015474146927790587,-0.052939005069951785,134.05301588903728,152.9607414637375,144.32242474204244,165.07359851137664,1.2641643285751343
recorded_obs-0629-02,new_latest,205,14.054995,0.9279366697985146,current_image_start_state,1,,0.0020613185716067198,-0.1240236723319804,0.0020613185716067198,-0.05393975468840387,133.99651555785798,153.62051300690487,144.24551646305628,165.94070239269513,1.3162800073623657
recorded_obs-0629-02,new_latest,205,14.054995,0.9279366697985146,current_image_start_state,2,,0.0023591540275154283,-0.11076085396308352,0.0023591540275154283,-0.04843647357882915,133.94362539895235,151.23107373650745,144.19005613945336,163.21923243184065,1.1320019960403442
recorded_obs-0629-02,new_latest,205,14.054995,0.9279366697985146,current_image_start_state,3,,0.0008220757438777051,-0.13009050343423742,0.0008220757438777051,-0.05711320745734536,134.17077792430612,154.22083328682987,144.416247526874,166.29871805214717,1.263859748840332
recorded_obs-0629-02,new_latest,205,14.054995,0.9279366697985146,current_image_start_state,4,,0.0015566325439091888,-0.12239994970126376,0.0015566325439091888,-0.05339961132999253,134.06484967285553,153.04536217283777,144.32162665173178,165.07074192722175,1.2522052526474
recorded_obs-0629-02,new_latest,205,14.054995,0.9279366697985146,current_image_start_state,5,,0.0008193008111886373,-0.1095094331795366,0.0008193008111886373,-0.04712336105093729,134.18387062119456,151.19305819129673,144.42138633665277,163.3471929512759,1.174241065979004
recorded_obs-0629-02,new_latest,205,14.054995,0.9279366697985146,current_image_start_state,6,,0.001334284046678735,-0.13060421831668068,0.001334284046678735,-0.05613114151767361,134.10211951681754,154.19149698004117,144.34505926114898,166.14840751705174,1.3063079118728638
recorded_obs-0629-02,new_latest,205,14.054995,0.9279366697985146,current_image_start_state,7,,0.00048183087122915787,-0.12336432054041671,0.00048183087122915787,-0.05739336799152147,134.20300554650578,153.12008742113434,144.47918565221087,165.0952518139594,1.229802131652832
recorded_obs-0629-02,new_latest,205,14.054995,0.9279366697985146,current_image_start_state,8,,0.0010420248679264264,-0.1240093841038379,0.0010420248679264264,-0.05433447988295845,134.12666589270367,153.32673831545537,144.39693555888786,165.36370776213232,1.250365972518921
recorded_obs-0629-02,new_latest,205,14.054995,0.9279366697985146,current_image_start_state,9,,-0.0002529957169728275,-0.12738251691186342,-0.0002529957169728275,-0.052379002632554524,134.33006196803862,154.0227359378269,144.57448175727586,166.2276134532526,1.2173360586166382
recorded_obs-0629-02,new_latest,205,14.054995,0.9279366697985146,current_image_start_state,10,,0.0026151528374857556,-0.12251987354308325,0.0026151528374857556,-0.05311154739629135,133.93381700404655,153.15548714293544,144.14929692878275,165.248232263117,1.195026159286499
recorded_obs-0629-02,new_latest,205,14.054995,0.9279366697985146,current_image_start_state,11,,0.00409319235797638,-0.1274260808744018,0.00409319235797638,-0.05666911900278413,133.73566265065082,153.86082775339568,143.92195354161217,165.89829284028048,1.2381716966629028
recorded_obs-0629-02,new_latest,205,14.054995,0.9279366697985146,current_image_start_state,12,,0.0017913163425044138,-0.11965089978937637,0.0017913163425044138,-0.05140344745601601,134.0494898607221,152.5224074964492,144.27065812766529,164.5649404810043,1.2194143533706665
recorded_obs-0629-02,new_latest,205,14.054995,0.9279366697985146,current_image_start_state,13,,0.0009452244544471353,-0.11910455730479189,0.0009452244544471353,-0.049839763152210136,134.14968324884913,152.1574389058498,144.4015885245888,163.9146444900921,1.196101188659668
recorded_obs-0629-02,new_latest,205,14.054995,0.9279366697985146,current_image_start_state,14,,0.0019200301693284405,-0.12433091196270624,0.0019200301693284405,-0.054139378774433124,134.01766497082997,153.36185312202906,144.26276973591433,165.43491162619392,1.239495873451233
recorded_obs-0629-02,new_latest,205,14.054995,0.9279366697985146,current_image_start_state,15,,0.004433914384739751,-0.12292784409031393,0.004433914384739751,-0.055182895190752666,133.67302231816947,152.99160877179747,143.89338593520785,164.92700611735646,1.2325222492218018
recorded_obs-0629-02,new_latest,205,14.054995,0.9279366697985146,current_image_start_state,16,,0.0004117133568038333,-0.12206451369140674,0.0008054694513665585,-0.05328385727905027,134.23052246482567,153.01029740556177,144.48030008144906,165.12667275410894,1.1971139907836914
recorded_obs-0629-02,new_latest,205,14.054995,0.9279366697985146,current_image_start_state,17,,0.0017165311635719974,-0.12042272446506126,0.0017165311635719974,-0.051580407907840735,134.05004626649554,152.59160469485428,144.29257195707243,164.48599647155996,1.1886889934539795
recorded_obs-0629-02,new_latest,205,14.054995,0.9279366697985146,current_image_start_state,18,,0.00327351257104368,-0.12113060377328873,0.00327351257104368,-0.05284874000130803,133.82001156405056,152.87697386194,144.06295865990634,164.96703063954746,1.1724739074707031
recorded_obs-0629-02,new_latest,205,14.054995,0.9279366697985146,current_image_start_state,19,,0.003981125119943021,-0.11449047455239,0.003981125119943021,-0.05296087586166773,133.7177367490342,151.76558818648238,143.95612063676225,163.72300165381898,1.2375099658966064
recorded_obs-0629-02,new_latest,205,14.054995,0.9279366697985146,start_image_start_state,0,,0.002986925223935852,-0.10500949380175195,0.002986925223935852,-0.04289058837963365,133.81665774941692,151.0453970316788,144.10664346918713,163.49302696233445,1.3176078796386719
recorded_obs-0629-02,new_latest,205,14.054995,0.9279366697985146,start_image_start_state,1,,0.003480866501885702,-0.10881512762029551,0.003480866501885702,-0.04420680150403623,133.76096536258916,151.9332076070039,144.0326064776909,164.5937807231831,1.364158034324646
recorded_obs-0629-02,new_latest,205,14.054995,0.9279366697985146,start_image_start_state,2,,0.003181780006974535,-0.09520585540462849,0.003181780006974535,-0.03767744373174305,133.8006981102433,149.36969820974002,144.06439665888868,161.70443531811847,1.2094358205795288
recorded_obs-0629-02,new_latest,205,14.054995,0.9279366697985146,start_image_start_state,3,,0.002230185991569612,-0.11630099663067998,0.002230185991569612,-0.04806539149173974,133.93553155547914,152.64261097639837,144.20580854238307,165.04904417425283,1.3339499235153198
recorded_obs-0629-02,new_latest,205,14.054995,0.9279366697985146,start_image_start_state,4,,0.0029291984239901755,-0.1071210488819977,0.0029291984239901755,-0.043794454065263076,133.83863795496583,151.25203954459676,144.11338208097533,163.6159788509691,1.3072624206542969
recorded_obs-0629-02,new_latest,205,14.054995,0.9279366697985146,start_image_start_state,5,,0.001542958808506241,-0.09217476815579562,0.001542958808506241,-0.03649797318820162,134.05074407747352,149.11690577211252,144.30540096387435,161.61869928054182,1.247492790222168
recorded_obs-0629-02,new_latest,205,14.054995,0.9279366697985146,start_image_start_state,6,,0.00222530753514115,-0.11515613900874176,0.00222530753514115,-0.046696471004054614,133.94809186576373,152.2954417603906,144.20499600051141,164.55994081162007,1.3305082321166992
recorded_obs-0629-02,new_latest,205,14.054995,0.9279366697985146,start_image_start_state,7,,0.0009409466685751746,-0.10962903306911591,0.0009409466685751746,-0.048766012099672615,134.1081400614411,151.53228732322466,144.4023720202347,163.83866910911516,1.2842330932617188
recorded_obs-0629-02,new_latest,205,14.054995,0.9279366697985146,start_image_start_state,8,,0.0023479812909586815,-0.10941874702994618,0.0023479812909586815,-0.045028787142918504,133.91451772212997,151.6203674281924,144.1989149657721,163.98649479134974,1.3022929430007935
recorded_obs-0629-02,new_latest,205,14.054995,0.9279366697985146,start_image_start_state,9,,0.0006648057633216735,-0.11226912698086529,0.0020436000316641123,-0.04267189391936085,134.1716958869706,152.3166826357926,144.42932006436254,164.86548163854135,1.2726935148239136
recorded_obs-0629-02,new_latest,205,14.054995,0.9279366697985146,start_image_start_state,10,,0.0046849068824180995,-0.10702355146739485,0.0046849068824180995,-0.043485816898616,133.60632028414292,151.34129985139074,143.84067424858083,163.77405146502028,1.2555233240127563
recorded_obs-0629-02,new_latest,205,14.054995,0.9279366697985146,start_image_start_state,11,,0.00535923336928823,-0.11351464415124772,0.00535923336928823,-0.04757906815530868,133.52475024204242,152.26740117403034,143.72984188913208,164.6373118365202,1.296638011932373
recorded_obs-0629-02,new_latest,205,14.054995,0.9279366697985146,start_image_start_state,12,,0.002853352960874381,-0.10388417997402095,0.002853352960874381,-0.041274845013640975,133.86930136167345,150.62342009106897,144.10827638223134,162.9907272795968,1.2826799154281616
recorded_obs-0629-02,new_latest,205,14.054995,0.9279366697985146,start_image_start_state,13,,0.0023668816162668448,-0.10235260124814335,0.0023668816162668448,-0.03923341012094444,133.9203873655931,150.0033041812402,144.18477284610765,162.06727518143862,1.2190200090408325
recorded_obs-0629-02,new_latest,205,14.054995,0.9279366697985146,start_image_start_state,14,,0.0030820887458206624,-0.10914106118712914,0.0030820887458206624,-0.04459713027657271,133.82287518842617,151.58293958983526,144.08499110940954,163.99552272749764,1.284899353981018
recorded_obs-0629-02,new_latest,205,14.054995,0.9279366697985146,start_image_start_state,15,,0.005224213328070185,-0.10815104433335233,0.005224213328070185,-0.04576186275442255,133.53187130682502,151.226378462004,143.76767531995182,163.49136211247983,1.2972135543823242
recorded_obs-0629-02,new_latest,205,14.054995,0.9279366697985146,start_image_start_state,16,,0.0018740535883401078,-0.10645004292426592,0.003468271103002693,-0.04393578759822013,133.98438013029448,151.14285513573373,144.26376930057762,163.57344112678652,1.2644898891448975
recorded_obs-0629-02,new_latest,205,14.054995,0.9279366697985146,start_image_start_state,17,,0.003376390730889329,-0.10439709007917228,0.003376390730889329,-0.04163143011740911,133.78322460432383,150.6263433983601,144.0415036470374,162.85925870141494,1.2321438789367676
recorded_obs-0629-02,new_latest,205,14.054995,0.9279366697985146,start_image_start_state,18,,0.0044900879103712925,-0.10533047000187931,0.0044900879103712925,-0.04303261644305107,133.62217186163613,151.01942115418035,143.87503273826474,163.4431870220325,1.2208161354064941
recorded_obs-0629-02,new_latest,205,14.054995,0.9279366697985146,start_image_start_state,19,,0.005204912439665636,-0.09935988300074416,0.005204912439665636,-0.04354168320055694,133.5217682465817,149.94286559008572,143.76930740873453,162.23230109805039,1.285038709640503
recorded_obs-0629-02,new_latest,220,15.065503,0.8972647797530326,current_image_current_state,0,,0.5232419041469969,0.1610338311661697,0.5395274250486625,0.34700347234953105,56.39637261493499,109.45097666094058,77.28030850855905,128.3309332253596,1.8728456497192383
recorded_obs-0629-02,new_latest,220,15.065503,0.8972647797530326,current_image_current_state,1,,0.47649526457011715,0.16754775907610223,0.5093743018516304,0.34179164791341465,62.87000928546887,108.72224063804578,83.10903158650507,127.86416843560377,1.8226832151412964
recorded_obs-0629-02,new_latest,220,15.065503,0.8972647797530326,current_image_current_state,2,,0.5370831505236089,0.18385153150949776,0.5610797744559838,0.368503262360347,54.775738169409394,105.92450430600317,76.22991527941713,124.73529014891898,1.869815468788147
recorded_obs-0629-02,new_latest,220,15.065503,0.8972647797530326,current_image_current_state,3,,0.536193723679649,0.14875045936676415,0.5671523293327561,0.33726332299353334,54.813139077803136,111.0484032115056,76.06583408002642,129.79741645402657,2.0978755950927734
recorded_obs-0629-02,new_latest,220,15.065503,0.8972647797530326,current_image_current_state,4,,0.5059269334244703,0.163614716858638,0.5424289787959997,0.34430406060504015,58.93954939836296,108.91942001644024,79.720233425314,127.67034088144628,1.9509869813919067
recorded_obs-0629-02,new_latest,220,15.065503,0.8972647797530326,current_image_current_state,5,,0.5302416685095022,0.1980079643986061,0.5441185905237501,0.3761670354794357,55.60278626324998,104.08976432831922,76.72262927025511,123.20691568725888,1.7884376049041748
recorded_obs-0629-02,new_latest,220,15.065503,0.8972647797530326,current_image_current_state,6,,0.5441049828413396,0.14400044101562046,0.544992078798904,0.33353613672414867,53.80449996632339,111.61537473808113,75.28861587643429,130.15207300516803,2.002741813659668
recorded_obs-0629-02,new_latest,220,15.065503,0.8972647797530326,current_image_current_state,7,,0.532730322235875,0.14778021257767898,0.5496129766686282,0.32461149458844574,55.114649610852226,111.15462588414474,76.2385872317255,129.73750713365504,1.99222993850708
recorded_obs-0629-02,new_latest,220,15.065503,0.8972647797530326,current_image_current_state,8,,0.5252549904830411,0.1628506928657957,0.5445142223125223,0.34169381436761065,56.354478028047446,109.13253855022185,77.54335108320662,127.88063286541029,1.9615455865859985
recorded_obs-0629-02,new_latest,220,15.065503,0.8972647797530326,current_image_current_state,9,,0.5398214277283255,0.15283772654614936,0.5398214277283255,0.3429148271790525,54.42384335799802,110.72755775942899,75.86123532687506,129.62312021913647,1.9804435968399048
recorded_obs-0629-02,new_latest,220,15.065503,0.8972647797530326,current_image_current_state,10,,0.5135054987586669,0.16398786466098916,0.5297902098719691,0.3449519519272526,57.80152176365364,109.10808966403869,78.65132757009188,127.99468114320003,1.8145138025283813
recorded_obs-0629-02,new_latest,220,15.065503,0.8972647797530326,current_image_current_state,11,,0.5344025984235011,0.1405223519488648,0.5344025984235011,0.3302740743712026,55.08830430336998,112.4129225015585,76.35851753025098,131.12090997250542,2.0052621364593506
recorded_obs-0629-02,new_latest,220,15.065503,0.8972647797530326,current_image_current_state,12,,0.5415079021828667,0.1645605690175288,0.5603033495743408,0.3522297121967956,54.35931389998381,108.59683167038342,76.03215518265425,127.4229360085146,2.017266035079956
recorded_obs-0629-02,new_latest,220,15.065503,0.8972647797530326,current_image_current_state,13,,0.530855858355217,0.17528568464445854,0.5562010697231593,0.36617311261275515,55.60828588078123,106.78697088185842,76.83995518704509,125.28544533158176,1.9087448120117188
recorded_obs-0629-02,new_latest,220,15.065503,0.8972647797530326,current_image_current_state,14,,0.5207193669569746,0.16163018540808838,0.5378360425239084,0.34086904093257664,56.90326551036831,109.30762771389027,78.00458371184196,128.1219231746264,1.8884066343307495
recorded_obs-0629-02,new_latest,220,15.065503,0.8972647797530326,current_image_current_state,15,,0.4950722807438016,0.15198191718864068,0.531816624683594,0.32761738158711823,60.35660191311336,110.39419204117812,80.92846738397279,129.0060606433102,2.039740562438965
recorded_obs-0629-02,new_latest,220,15.065503,0.8972647797530326,current_image_current_state,16,,0.514158724211107,0.16143032711315128,0.542770958896182,0.3358595517766941,57.69752251014293,109.13238058281313,78.38809603022398,128.00378967533592,1.9128397703170776
recorded_obs-0629-02,new_latest,220,15.065503,0.8972647797530326,current_image_current_state,17,,0.5107576653513272,0.16348094249937814,0.5330219795759747,0.3500760801877039,58.407196153248464,108.74588194246454,79.4782384140408,127.30119796614427,1.84589421749115
recorded_obs-0629-02,new_latest,220,15.065503,0.8972647797530326,current_image_current_state,18,,0.5442241001766007,0.1659973189499766,0.5442241001766007,0.3469797003779801,53.89302555925071,108.62513447587135,75.5047672627914,127.48285668410684,1.8613210916519165
recorded_obs-0629-02,new_latest,220,15.065503,0.8972647797530326,current_image_current_state,19,,0.48009575119789266,0.17483276744342577,0.5371542408707269,0.34179604236642447,63.25789375641482,107.2238298412859,84.24432656540672,125.92573870807057,2.0408685207366943
recorded_obs-0629-02,new_latest,220,15.065503,0.8972647797530326,start_image_current_state,0,,0.5573136379105293,0.2407628567723772,0.5790838849290761,0.4194723314472029,51.674993539403886,98.71218838671646,73.24347063031519,118.37943592100008,1.7903965711593628
recorded_obs-0629-02,new_latest,220,15.065503,0.8972647797530326,start_image_current_state,1,,0.5192530388143041,0.2487027867477263,0.5530893485136781,0.4149088483398245,56.8907231436544,97.82226093884168,77.8941086843573,117.7639991641115,1.756901741027832
recorded_obs-0629-02,new_latest,220,15.065503,0.8972647797530326,start_image_current_state,2,,0.5630677278575877,0.2609696572431941,0.5995204363031131,0.43784343837708145,51.19654885808754,95.56084779438048,73.18891969419064,115.17666937021687,1.8015775680541992
recorded_obs-0629-02,new_latest,220,15.065503,0.8972647797530326,start_image_current_state,3,,0.5639312323688617,0.2233258310386857,0.605521607419943,0.4049322260961889,50.96686440018063,101.0247595210831,72.79756353925882,120.52360602125759,2.017665147781372
recorded_obs-0629-02,new_latest,220,15.065503,0.8972647797530326,start_image_current_state,4,,0.5387411277200154,0.23858074694783593,0.5839546187537626,0.414571544715761,54.38604118254759,98.87979848483594,75.78811517728596,118.38197890235132,1.9109315872192383
recorded_obs-0629-02,new_latest,220,15.065503,0.8972647797530326,start_image_current_state,5,,0.5601719308467409,0.2839370404170691,0.5862861916243521,0.4489674961583014,51.460453194197655,92.44077798364087,73.20608125748285,112.40020544448953,1.7022030353546143
recorded_obs-0629-02,new_latest,220,15.065503,0.8972647797530326,start_image_current_state,6,,0.5716452236413235,0.21588367028300903,0.5902875583561754,0.40049509390485544,49.99099090141988,101.9779026316736,72.0224079551085,121.26637557484912,1.9376366138458252
recorded_obs-0629-02,new_latest,220,15.065503,0.8972647797530326,start_image_current_state,7,,0.5632626601584402,0.22371934434496962,0.5843303584155349,0.39123200593294744,50.92186473832594,100.96160582550776,72.6671579112678,120.31346045118396,1.9054783582687378
recorded_obs-0629-02,new_latest,220,15.065503,0.8972647797530326,start_image_current_state,8,,0.5547030259343818,0.24092234419024008,0.5869441452927795,0.4101686996834117,52.25909633909345,98.60386547756661,74.00497484940927,118.10687873549908,1.9085742235183716
recorded_obs-0629-02,new_latest,220,15.065503,0.8972647797530326,start_image_current_state,9,,0.5675128394945431,0.23261606435807516,0.5675128394945431,0.4158577364669214,50.6054586265801,100.02308743874956,72.6094425490199,119.69071520583637,1.7735180854797363
recorded_obs-0629-02,new_latest,220,15.065503,0.8972647797530326,start_image_current_state,10,,0.5516345952221866,0.24494926793739188,0.5733724987780894,0.41765495103516503,52.55639221208809,98.22403510746948,74.16716472336414,117.91633085658461,1.7286237478256226
recorded_obs-0629-02,new_latest,220,15.065503,0.8972647797530326,start_image_current_state,11,,0.5629494184025783,0.21205306662511011,0.5665010654443183,0.3974753008018592,51.13719373788193,102.86463915510508,72.9866449436346,122.32305291270593,1.8620452880859375
recorded_obs-0629-02,new_latest,220,15.065503,0.8972647797530326,start_image_current_state,12,,0.5662136432591394,0.23885770911919635,0.6023427261061818,0.4196717048511595,50.94156796470587,98.61617974304694,73.08796265704983,118.21798433045838,1.9973050355911255
recorded_obs-0629-02,new_latest,220,15.065503,0.8972647797530326,start_image_current_state,13,,0.5607525934123744,0.2465652553710308,0.5902971856809955,0.4351454264115722,51.496223468831644,97.12646739392545,73.3537984001682,116.35215301143131,1.8136712312698364
recorded_obs-0629-02,new_latest,220,15.065503,0.8972647797530326,start_image_current_state,14,,0.5549170070860647,0.24163627584405753,0.5753747975434451,0.4108345150703691,52.22001888858831,98.59111330502758,74.0130082268299,118.21295136372393,1.811269998550415
recorded_obs-0629-02,new_latest,220,15.065503,0.8972647797530326,start_image_current_state,15,,0.5367901974463632,0.22387224122603852,0.5675336647968652,0.39503763480409015,54.58821351915164,100.72833293569587,75.94144854389828,120.1004206276755,1.901610016822815
recorded_obs-0629-02,new_latest,220,15.065503,0.8972647797530326,start_image_current_state,16,,0.5478077851155894,0.23948675008984632,0.586283714671804,0.4051458328770011,53.01502324807274,98.60913880485573,74.35023081663226,118.26166982587566,1.8349303007125854
recorded_obs-0629-02,new_latest,220,15.065503,0.8972647797530326,start_image_current_state,17,,0.5460714159811788,0.23967318737703358,0.5768094476871128,0.4215263021680617,53.56209997544013,98.49922990472815,75.31838816617545,117.85424931556688,1.7753347158432007
recorded_obs-0629-02,new_latest,220,15.065503,0.8972647797530326,start_image_current_state,18,,0.5703418194240465,0.24641703378028215,0.5811239559707145,0.4192666486045774,50.30097825648792,97.79542519802126,72.43391727001405,117.4495029509812,1.7217146158218384
recorded_obs-0629-02,new_latest,220,15.065503,0.8972647797530326,start_image_current_state,19,,0.5158119237298162,0.2517487591186416,0.5721001699216886,0.41099986159762303,58.370733479557515,96.90371850737377,79.94969447502439,116.38830776512428,1.9589815139770508
recorded_obs-0629-02,new_latest,220,15.065503,0.8972647797530326,current_image_start_state,0,,0.0010478063482369181,-0.12088582766820083,0.0010478063482369181,-0.052565733890235514,130.30776704356677,148.31888727082574,144.3918490483204,164.9927254356499,1.2560523748397827
recorded_obs-0629-02,new_latest,220,15.065503,0.8972647797530326,current_image_start_state,1,,0.0017386079731043463,-0.12279858184117601,0.0017386079731043463,-0.05357745525081881,130.23283878669744,148.75725960930248,144.29118754954598,165.72210615351543,1.2947726249694824
recorded_obs-0629-02,new_latest,220,15.065503,0.8972647797530326,current_image_start_state,2,,0.0018595487530901553,-0.10987644154601808,0.0018595487530901553,-0.048153713671313304,130.2060966247386,146.55074590734273,144.26263093249608,163.04758282901128,1.1323108673095703
recorded_obs-0629-02,new_latest,220,15.065503,0.8972647797530326,current_image_start_state,3,,0.00085743980685469,-0.1292498460902783,0.00085743980685469,-0.056830538601775255,130.35811025270834,149.5028336270073,144.40840107364377,166.1407387037723,1.268370270729065
recorded_obs-0629-02,new_latest,220,15.065503,0.8972647797530326,current_image_start_state,4,,0.00141617967147118,-0.12148647682301829,0.00141617967147118,-0.05313143759602896,130.26601439460782,148.34394204232723,144.34220794348494,164.89473054335681,1.2500325441360474
recorded_obs-0629-02,new_latest,220,15.065503,0.8972647797530326,current_image_start_state,5,,0.0007054568452870537,-0.10835616877311327,0.0007054568452870537,-0.046803827892722846,130.39525382972894,146.40787736994645,144.4364507833685,163.1380008211168,1.1754255294799805
recorded_obs-0629-02,new_latest,220,15.065503,0.8972647797530326,current_image_start_state,6,,0.0007374569520935137,-0.12955124020420777,0.0007374569520935137,-0.0558416144634814,130.3918033667819,149.48716059308373,144.4263893784182,165.94431531150295,1.2977360486984253
recorded_obs-0629-02,new_latest,220,15.065503,0.8972647797530326,current_image_start_state,7,,6.8274273832641e-05,-0.1226993415950272,6.8274273832641e-05,-0.05708577664837633,130.44537185448218,148.47658065965666,144.53627635191884,164.95561546772794,1.2174150943756104
recorded_obs-0629-02,new_latest,220,15.065503,0.8972647797530326,current_image_start_state,8,,0.000919309583150738,-0.12327429042573096,0.000919309583150738,-0.054057676637835096,130.33037366492422,148.63953874568122,144.41273061430866,165.20853194329808,1.2450358867645264
recorded_obs-0629-02,new_latest,220,15.065503,0.8972647797530326,current_image_start_state,9,,-0.0002928168648354251,-0.12669169966613011,-0.0002928168648354251,-0.05212157092452503,130.522248578696,149.26943741376306,144.58054043194923,166.07616299916717,1.2157931327819824
recorded_obs-0629-02,new_latest,220,15.065503,0.8972647797530326,current_image_start_state,10,,0.002832471536814703,-0.12100400467364303,0.002832471536814703,-0.052649411905156526,130.1044013738156,148.34614903972704,144.1170535608109,164.99182991461737,1.1884630918502808
recorded_obs-0629-02,new_latest,220,15.065503,0.8972647797530326,current_image_start_state,11,,0.0037646213133365435,-0.12658558383415294,0.0037646213133365435,-0.05638413704511617,129.99713625134896,149.17409304812733,143.96986297279608,165.74821721946446,1.233770728111267
recorded_obs-0629-02,new_latest,220,15.065503,0.8972647797530326,current_image_start_state,12,,0.0019314919405330696,-0.11885406102184044,0.0019314919405330696,-0.05105432526689194,130.22667876464428,147.82548161181927,144.25155411278402,164.40512930683377,1.2238354682922363
recorded_obs-0629-02,new_latest,220,15.065503,0.8972647797530326,current_image_start_state,13,,0.0004598078910974628,-0.11808584195653662,0.0004598078910974628,-0.04951476128021882,130.407756809617,147.5477402192369,144.4695068830461,163.7210572873617,1.198179841041565
recorded_obs-0629-02,new_latest,220,15.065503,0.8972647797530326,current_image_start_state,14,,0.0018948686945890261,-0.1231954698984112,0.0018948686945890261,-0.05372745417349074,130.21427989615736,148.60108990900835,144.2664352865521,165.22668836033554,1.22372567653656
recorded_obs-0629-02,new_latest,220,15.065503,0.8972647797530326,current_image_start_state,15,,0.004127942367033587,-0.12192663650304754,0.004127942367033587,-0.054797169883767066,129.925308554067,148.31720983573803,143.9355643164308,164.74677914864614,1.2226308584213257
recorded_obs-0629-02,new_latest,220,15.065503,0.8972647797530326,current_image_start_state,16,,0.0005318635975794251,-0.1210439164459796,0.0006010526538776078,-0.05303038127399722,130.3955486154343,148.26285854530607,144.46518752256796,164.94080206113466,1.2051951885223389
recorded_obs-0629-02,new_latest,220,15.065503,0.8972647797530326,current_image_start_state,17,,0.0013707810997380771,-0.12023344766008798,0.0013707810997380771,-0.051188429177992836,130.2988599989256,148.04770799871537,144.33971338302405,164.41454703544375,1.1801114082336426
recorded_obs-0629-02,new_latest,220,15.065503,0.8972647797530326,current_image_start_state,18,,0.003064783992199329,-0.1199659778667964,0.003064783992199329,-0.05250460687736888,130.04285459071076,148.11140726319573,144.0918678729496,164.76351374750192,1.1689939498901367
recorded_obs-0629-02,new_latest,220,15.065503,0.8972647797530326,current_image_start_state,19,,0.0037188498695860358,-0.11340271729765876,0.0037188498695860358,-0.05256727371676704,129.94686943686466,147.0676483188173,143.99416828512702,163.53224485319518,1.2263530492782593
recorded_obs-0629-02,new_latest,220,15.065503,0.8972647797530326,start_image_start_state,0,,0.002986925223935852,-0.10500949380175195,0.002986925223935852,-0.04289058837963365,129.99002114601487,146.33962024593302,144.10664346918713,163.49302696233445,1.3176078796386719
recorded_obs-0629-02,new_latest,220,15.065503,0.8972647797530326,start_image_start_state,1,,0.003480866501885702,-0.10881512762029551,0.003480866501885702,-0.04420680150403623,129.9421225139518,147.1400348182519,144.0326064776909,164.5937807231831,1.364158034324646
recorded_obs-0629-02,new_latest,220,15.065503,0.8972647797530326,start_image_start_state,2,,0.003181780006974535,-0.09520585540462849,0.003181780006974535,-0.03767744373174305,129.9821297867195,144.71232086334885,144.06439665888868,161.70443531811847,1.2094358205795288
recorded_obs-0629-02,new_latest,220,15.065503,0.8972647797530326,start_image_start_state,3,,0.002230185991569612,-0.11630099663067998,0.002230185991569612,-0.04806539149173974,130.11531211908888,147.94880558792752,144.20580854238307,165.04904417425283,1.3339499235153198
recorded_obs-0629-02,new_latest,220,15.065503,0.8972647797530326,start_image_start_state,4,,0.0029291984239901755,-0.1071210488819977,0.0029291984239901755,-0.043794454065263076,130.01833211108612,146.5789755676121,144.11338208097533,163.6159788509691,1.3072624206542969
recorded_obs-0629-02,new_latest,220,15.065503,0.8972647797530326,start_image_start_state,5,,0.001542958808506241,-0.09217476815579562,0.001542958808506241,-0.03649797318820162,130.23774529710371,144.39342852482767,144.30540096387435,161.61869928054182,1.247492790222168
recorded_obs-0629-02,new_latest,220,15.065503,0.8972647797530326,start_image_start_state,6,,0.00222530753514115,-0.11515613900874176,0.00222530753514115,-0.046696471004054614,130.13519255878867,147.66099340387265,144.20499600051141,164.55994081162007,1.3305082321166992
recorded_obs-0629-02,new_latest,220,15.065503,0.8972647797530326,start_image_start_state,7,,0.0009409466685751746,-0.10962903306911591,0.0009409466685751746,-0.048766012099672615,130.2778030567907,146.88103787421545,144.4023720202347,163.83866910911516,1.2842330932617188
recorded_obs-0629-02,new_latest,220,15.065503,0.8972647797530326,start_image_start_state,8,,0.0023479812909586815,-0.10941874702994618,0.0023479812909586815,-0.045028787142918504,130.09020975922175,146.94771476024556,144.1989149657721,163.98649479134974,1.3022929430007935
recorded_obs-0629-02,new_latest,220,15.065503,0.8972647797530326,start_image_start_state,9,,0.0006648057633216735,-0.11226912698086529,0.0020436000316641123,-0.04267189391936085,130.3573091679444,147.56587424549113,144.42932006436254,164.86548163854135,1.2726935148239136
recorded_obs-0629-02,new_latest,220,15.065503,0.8972647797530326,start_image_start_state,10,,0.0046849068824180995,-0.10702355146739485,0.0046849068824180995,-0.043485816898616,129.80177167549115,146.64155966407012,143.84067424858083,163.77405146502028,1.2555233240127563
recorded_obs-0629-02,new_latest,220,15.065503,0.8972647797530326,start_image_start_state,11,,0.00535923336928823,-0.11351464415124772,0.00535923336928823,-0.04757906815530868,129.7317384485683,147.59167871275193,143.72984188913208,164.6373118365202,1.296638011932373
recorded_obs-0629-02,new_latest,220,15.065503,0.8972647797530326,start_image_start_state,12,,0.002853352960874381,-0.10388417997402095,0.002853352960874381,-0.041274845013640975,130.06323294381437,145.94702320617722,144.10827638223134,162.9907272795968,1.2826799154281616
recorded_obs-0629-02,new_latest,220,15.065503,0.8972647797530326,start_image_start_state,13,,0.0023668816162668448,-0.10235260124814335,0.0023668816162668448,-0.03923341012094444,130.10217227575524,145.44962271671636,144.18477284610765,162.06727518143862,1.2190200090408325
recorded_obs-0629-02,new_latest,220,15.065503,0.8972647797530326,start_image_start_state,14,,0.0030820887458206624,-0.10914106118712914,0.0030820887458206624,-0.04459713027657271,130.0078699703205,146.88841499885447,144.08499110940954,163.99552272749764,1.284899353981018
recorded_obs-0629-02,new_latest,220,15.065503,0.8972647797530326,start_image_start_state,15,,0.005224213328070185,-0.10815104433335233,0.005224213328070185,-0.04576186275442255,129.72818404486858,146.59478249756734,143.76767531995182,163.49136211247983,1.2972135543823242
recorded_obs-0629-02,new_latest,220,15.065503,0.8972647797530326,start_image_start_state,16,,0.0018740535883401078,-0.10645004292426592,0.003468271103002693,-0.04393578759822013,130.16109905883152,146.44243202869725,144.26376930057762,163.57344112678652,1.2644898891448975
recorded_obs-0629-02,new_latest,220,15.065503,0.8972647797530326,start_image_start_state,17,,0.003376390730889329,-0.10439709007917228,0.003376390730889329,-0.04163143011740911,129.97116380057972,146.0076040183854,144.0415036470374,162.85925870141494,1.2321438789367676
recorded_obs-0629-02,new_latest,220,15.065503,0.8972647797530326,start_image_start_state,18,,0.0044900879103712925,-0.10533047000187931,0.0044900879103712925,-0.04303261644305107,129.81071923221555,146.32134419327588,143.87503273826474,163.4431870220325,1.2208161354064941
recorded_obs-0629-02,new_latest,220,15.065503,0.8972647797530326,start_image_start_state,19,,0.005204912439665636,-0.09935988300074416,0.005204912439665636,-0.04354168320055694,129.7104316962972,145.30160753933362,143.76930740873453,162.23230109805039,1.285038709640503
recorded_obs-0629-02,new_latest,222,15.195195,0.886436567932229,current_image_current_state,0,,0.520342642521253,0.15964749098773914,0.5370426019105018,0.3450569332438312,55.18855966861197,107.94979846004595,77.71066151101208,128.5082935358674,1.8712055683135986
recorded_obs-0629-02,new_latest,222,15.195195,0.886436567932229,current_image_current_state,1,,0.47468557956358215,0.16611940150726145,0.5065700974664488,0.3399699791310792,61.510823977921355,107.23218884497426,83.41076235384104,128.05809064215276,1.8136438131332397
recorded_obs-0629-02,new_latest,222,15.195195,0.886436567932229,current_image_current_state,2,,0.5340017381795367,0.1823867967873878,0.5586203365775939,0.36638216603365,53.596831527925836,104.46241240231215,76.70272995576586,124.94801974841697,1.8712520599365234
recorded_obs-0629-02,new_latest,222,15.195195,0.886436567932229,current_image_current_state,3,,0.5332444627744167,0.14717356840412033,0.5640709521169226,0.3354647721658202,53.61159169318555,109.58404499811469,76.51013632620288,130.00135904085644,2.093503952026367
recorded_obs-0629-02,new_latest,222,15.195195,0.886436567932229,current_image_current_state,4,,0.5028709094425023,0.16205988416813388,0.5393611599833228,0.34247192846845753,57.734889328373576,107.4681876050679,80.17002887118547,127.89159345668433,1.9418141841888428
recorded_obs-0629-02,new_latest,222,15.195195,0.886436567932229,current_image_current_state,5,,0.5272821821303103,0.19724555216101858,0.5408232468017996,0.3741107343848274,54.40908030249496,102.52337825466104,77.16432294398174,123.32850964630175,1.7634252309799194
recorded_obs-0629-02,new_latest,222,15.195195,0.886436567932229,current_image_current_state,6,,0.5417627203813042,0.14266394610572092,0.5417627203813042,0.3316562920857202,52.517936649068055,110.12744289753259,75.66295778308306,130.324490324225,1.9819475412368774
recorded_obs-0629-02,new_latest,222,15.195195,0.886436567932229,current_image_current_state,7,,0.5297115332462993,0.14684990007916027,0.5475641590145987,0.3227566794871066,53.94547692546607,109.58848939675686,76.7116700976418,129.8411778737894,1.9950182437896729
recorded_obs-0629-02,new_latest,222,15.195195,0.886436567932229,current_image_current_state,8,,0.5237884987085221,0.16159920800370656,0.5413287756597966,0.3398192080394531,54.934636257658696,107.62428308383987,77.78549074913091,128.0518049549885,1.9388086795806885
recorded_obs-0629-02,new_latest,222,15.195195,0.886436567932229,current_image_current_state,9,,0.5371351193235617,0.15189215849704193,0.5371351193235617,0.34124085446327873,53.168825467813384,109.15915338085762,76.24649656368389,129.73385580062515,1.963897943496704
recorded_obs-0629-02,new_latest,222,15.195195,0.886436567932229,current_image_current_state,10,,0.5108785505847955,0.16356189625883993,0.5272951048041356,0.3430512791630973,56.561204462433864,107.49188333618538,79.06707252577101,128.06708579559097,1.8104408979415894
recorded_obs-0629-02,new_latest,222,15.195195,0.886436567932229,current_image_current_state,11,,0.5317914879149364,0.13936318921205762,0.5317914879149364,0.3284971445663597,53.82082391005091,110.88029695398399,76.72600790908822,131.25850727869002,1.9915133714675903
recorded_obs-0629-02,new_latest,222,15.195195,0.886436567932229,current_image_current_state,12,,0.5384593664512868,0.16285012425329484,0.5569862466528263,0.3502335468960678,53.15622962769033,107.16075609213549,76.47404343100717,127.64851466368842,1.9981718063354492
recorded_obs-0629-02,new_latest,222,15.195195,0.886436567932229,current_image_current_state,13,,0.5278987673056378,0.17361217686228203,0.5529833040470477,0.36423131641396345,54.43126786217762,105.34727141756059,77.30364845207565,125.50810890875701,1.9012267589569092
recorded_obs-0629-02,new_latest,222,15.195195,0.886436567932229,current_image_current_state,14,,0.5176079978991601,0.16045993125738825,0.5345044145631125,0.3390489308795767,55.71625399380333,107.77398145689936,78.46427739858267,128.26188151569383,1.877622365951538
recorded_obs-0629-02,new_latest,222,15.195195,0.886436567932229,current_image_current_state,15,,0.4928903211473147,0.15071091192032868,0.5291159571178146,0.3256787136028467,59.05022005803874,108.88806901527086,81.27939470241468,129.16043171688875,2.0309998989105225
recorded_obs-0629-02,new_latest,222,15.195195,0.886436567932229,current_image_current_state,16,,0.5116622711341541,0.15934148134617035,0.5397125343320888,0.33397088921004486,56.427385207580144,107.75461336335938,78.76128554883473,128.29449079494023,1.9148144721984863
recorded_obs-0629-02,new_latest,222,15.195195,0.886436567932229,current_image_current_state,17,,0.5087615563465386,0.1624478708652204,0.5302047255615601,0.3480616485965044,57.07292279359117,107.2199239508581,79.8039526635672,127.43254155902639,1.8233362436294556
recorded_obs-0629-02,new_latest,222,15.195195,0.886436567932229,current_image_current_state,18,,0.5407718571389718,0.1649055814272546,0.5407718571389718,0.3450574428271726,52.76165102097534,107.10339223571124,76.02978809753397,127.63651972599516,1.848651647567749
recorded_obs-0629-02,new_latest,222,15.195195,0.886436567932229,current_image_current_state,19,,0.4785709542769858,0.17290688538538299,0.5340093052206434,0.3397010221034948,61.85318088296226,105.80023145931274,84.51005030539423,126.16009715890759,2.024970054626465
recorded_obs-0629-02,new_latest,222,15.195195,0.886436567932229,start_image_current_state,0,,0.5539358943592346,0.23395062755081872,0.5738906180291463,0.41255137272259174,50.54823009994349,98.05609313279925,73.78085374552893,119.38325831357818,1.7914340496063232
recorded_obs-0629-02,new_latest,222,15.195195,0.886436567932229,start_image_current_state,1,,0.5169539474793526,0.24109238766058982,0.5478402571125339,0.4078657014739985,55.61032859652494,97.28856701015425,78.27724271864304,118.90076668497872,1.7480251789093018
recorded_obs-0629-02,new_latest,222,15.195195,0.886436567932229,start_image_current_state,2,,0.559320370205164,0.2539847807987961,0.5935184724904874,0.43095355296231164,50.09362853246046,94.92173958119683,73.73195832023092,116.17444170084495,1.7956757545471191
recorded_obs-0629-02,new_latest,222,15.195195,0.886436567932229,start_image_current_state,3,,0.5599211268569446,0.21640933916638203,0.5999877436613191,0.3985441030429571,49.91089465518186,100.3719136308422,73.38000349373472,121.5271330372355,2.0197129249572754
recorded_obs-0629-02,new_latest,222,15.195195,0.886436567932229,start_image_current_state,4,,0.5350264653088316,0.23168041017559668,0.5790701267980031,0.40781687690535473,53.25831407949599,98.22556697800036,76.29896451102466,119.38486873992177,1.9131269454956055
recorded_obs-0629-02,new_latest,222,15.195195,0.886436567932229,start_image_current_state,5,,0.5559808370745811,0.27678403202748,0.581419541838387,0.4421917637370103,50.42764461643595,91.82779875669043,73.79925080027158,113.42696648759379,1.703694462776184
recorded_obs-0629-02,new_latest,222,15.195195,0.886436567932229,start_image_current_state,6,,0.5665655940537875,0.20904625252323544,0.5846245330853216,0.39365180240547476,49.08040660920618,101.33846311852031,72.74406013278383,122.27533811689534,1.9277982711791992
recorded_obs-0629-02,new_latest,222,15.195195,0.886436567932229,start_image_current_state,7,,0.5589174669361898,0.21648785426078462,0.5787641755214686,0.38431067045548906,49.90826346949514,100.36579402600367,73.29750655515939,121.37495320268391,1.9076358079910278
recorded_obs-0629-02,new_latest,222,15.195195,0.886436567932229,start_image_current_state,8,,0.5514496497735598,0.23353873370901118,0.5817539203957462,0.4034034359777621,51.0940194266741,98.03778608822019,74.49602568936476,119.18184177225378,1.9078854322433472
recorded_obs-0629-02,new_latest,222,15.195195,0.886436567932229,start_image_current_state,9,,0.5635963594185909,0.22579190222027817,0.5635963594185909,0.40870225610469196,49.51148684198389,99.36794179399612,73.15402728228737,120.69859123603791,1.7660964727401733
recorded_obs-0629-02,new_latest,222,15.195195,0.886436567932229,start_image_current_state,10,,0.5475307208175109,0.2382244186513716,0.5687302120409655,0.41065733326557363,51.494215385298055,97.55791837527923,74.7325858920644,118.90350097199833,1.7396494150161743
recorded_obs-0629-02,new_latest,222,15.195195,0.886436567932229,start_image_current_state,11,,0.5588530550509858,0.20491133269966594,0.5595616501228579,0.3906179940876092,50.068444122937024,102.25697235003794,73.5607503335305,123.37480601754274,1.8652219772338867
recorded_obs-0629-02,new_latest,222,15.195195,0.886436567932229,start_image_current_state,12,,0.5615125845678979,0.23205396609461063,0.5970260672896729,0.413113175514898,49.945350861335754,97.94066220851059,73.72037683818706,119.19498106640823,1.9888529777526855
recorded_obs-0629-02,new_latest,222,15.195195,0.886436567932229,start_image_current_state,13,,0.5570751710817854,0.24034554806529673,0.5850197901275569,0.428453456448352,50.392926904514525,96.37836061479497,73.8926257779022,117.24537018611197,1.8072106838226318
recorded_obs-0629-02,new_latest,222,15.195195,0.886436567932229,start_image_current_state,14,,0.5505643239321998,0.23466337945859114,0.5715618109968852,0.4038790331065819,51.17060700213529,97.94620629092157,74.58029379059866,119.21645598702594,1.8079568147659302
recorded_obs-0629-02,new_latest,222,15.195195,0.886436567932229,start_image_current_state,15,,0.533701400742156,0.21735589234192385,0.5631617684330887,0.3883044914165827,53.39518915986314,100.04197322076905,76.4097332287367,121.0748018348541,1.8856611251831055
recorded_obs-0629-02,new_latest,222,15.195195,0.886436567932229,start_image_current_state,16,,0.5444886337097968,0.2322532113112507,0.5807993195203118,0.39829528575962647,51.868637915940305,97.99029827495066,74.86847786681113,119.29201334843363,1.8346922397613525
recorded_obs-0629-02,new_latest,222,15.195195,0.886436567932229,start_image_current_state,17,,0.5424278988378354,0.2329186116643762,0.5709007915707349,0.41443540881298035,52.43705742277357,97.84272132425998,75.82768110841015,118.84344195351593,1.7788105010986328
recorded_obs-0629-02,new_latest,222,15.195195,0.886436567932229,start_image_current_state,18,,0.5666364930035286,0.23933391438787843,0.5762218985092257,0.4124389338541777,49.19060794315783,97.15118681110067,72.96800730467098,118.44823865908549,1.7176676988601685
recorded_obs-0629-02,new_latest,222,15.195195,0.886436567932229,start_image_current_state,19,,0.5130512817733623,0.24528268574297285,0.5668437832363016,0.4041119585068656,57.07090407761803,96.17591079998802,80.31350765598388,117.3060902338493,1.947142243385315
recorded_obs-0629-02,new_latest,222,15.195195,0.886436567932229,current_image_start_state,0,,0.0014162333173863104,-0.12011677632796709,0.0014162333173863104,-0.052465317491108346,128.77614776462468,146.6051177971086,144.34330227279628,164.94450890606007,1.2676011323928833
recorded_obs-0629-02,new_latest,222,15.195195,0.886436567932229,current_image_start_state,1,,0.0017717605127782743,-0.1229431278095962,0.0017717605127782743,-0.05339862753296265,128.7502635075175,147.16577501436706,144.29282148064908,165.7995268348076,1.3026193380355835
recorded_obs-0629-02,new_latest,222,15.195195,0.886436567932229,current_image_start_state,2,,0.0019898548724707724,-0.10947617985779959,0.0019898548724707724,-0.04787640269227808,128.7089090992109,144.89830141519587,144.24926124956767,163.0511298227713,1.1400635242462158
recorded_obs-0629-02,new_latest,222,15.195195,0.886436567932229,current_image_start_state,3,,0.0009904016716715276,-0.12889220124476589,0.0009904016716715276,-0.056698570213709894,128.8626156092183,147.84999657124862,144.39319526060237,166.14638985997016,1.2676810026168823
recorded_obs-0629-02,new_latest,222,15.195195,0.886436567932229,current_image_start_state,4,,0.0014585380125126377,-0.12133023198280689,0.0014585380125126377,-0.053015881472173634,128.7892430948365,146.72527470239868,144.33877139012571,164.93612802578076,1.246782898902893
recorded_obs-0629-02,new_latest,222,15.195195,0.886436567932229,current_image_start_state,5,,0.0006933418517466321,-0.10820702416030493,0.0006933418517466321,-0.04650209728789254,128.91906794010225,144.77947525262994,144.44497743596784,163.1620520884667,1.1768498420715332
recorded_obs-0629-02,new_latest,222,15.195195,0.886436567932229,current_image_start_state,6,,0.0010399449125797606,-0.12978072042617136,0.0010399449125797606,-0.05564722666218412,128.86926318828927,147.92787342417606,144.3889773469869,166.031303983337,1.3122367858886719
recorded_obs-0629-02,new_latest,222,15.195195,0.886436567932229,current_image_start_state,7,,-3.187344843900437e-05,-0.1226783444298555,-3.187344843900437e-05,-0.05699476948493877,128.9827908374713,146.87691633369835,144.55378398180477,165.0098234999382,1.2201616764068604
recorded_obs-0629-02,new_latest,222,15.195195,0.886436567932229,current_image_start_state,8,,0.0009631154399659113,-0.12301326867432733,0.0009631154399659113,-0.05396393387162858,128.84007583264383,147.0116633589765,144.41084315830366,165.23512356062557,1.2511476278305054
recorded_obs-0629-02,new_latest,222,15.195195,0.886436567932229,current_image_start_state,9,,-0.0004426654610324199,-0.12670280809040707,-0.0004426654610324199,-0.05200878312330095,129.0769438214215,147.6735038643129,144.60479150088554,166.1572737880273,1.2249928712844849
recorded_obs-0629-02,new_latest,222,15.195195,0.886436567932229,current_image_start_state,10,,0.002792634861373791,-0.12134672795605761,0.002792634861373791,-0.052588097393985636,128.64040297846816,146.79624604295296,144.12582306041602,165.10051679489555,1.1982121467590332
recorded_obs-0629-02,new_latest,222,15.195195,0.886436567932229,current_image_start_state,11,,0.004194138810757742,-0.12638866856873798,0.004194138810757742,-0.056275157544953255,128.46032386934476,147.53914596879952,143.91232145724635,165.77365830361515,1.236544132232666
recorded_obs-0629-02,new_latest,222,15.195195,0.886436567932229,current_image_start_state,12,,0.0013553204293952072,-0.1186189022917373,0.0013553204293952072,-0.050907639430452345,128.84248710915253,146.1960914968899,144.33597123878667,164.42504546587173,1.2322499752044678
recorded_obs-0629-02,new_latest,222,15.195195,0.886436567932229,current_image_start_state,13,,0.0007739006073088202,-0.1174320232010883,0.0007739006073088202,-0.049282819212868895,128.89074361916627,145.86591719193473,144.42957566533354,163.67443022603126,1.1949108839035034
recorded_obs-0629-02,new_latest,222,15.195195,0.886436567932229,current_image_start_state,14,,0.0014940937691699302,-0.12310926739410055,0.0014940937691699302,-0.053626460016032086,128.79808520737149,146.98899609848903,144.3282641585443,165.27425411437014,1.2318443059921265
recorded_obs-0629-02,new_latest,222,15.195195,0.886436567932229,current_image_start_state,15,,0.004336778941946698,-0.12169830951921513,0.004336778941946698,-0.054682839556748436,128.42214309314562,146.68444035292814,143.90823205749325,164.761011772561,1.2320349216461182
recorded_obs-0629-02,new_latest,222,15.195195,0.886436567932229,current_image_start_state,16,,0.0009293665206330464,-0.12090249307509664,0.0009293665206330464,-0.052890869113020156,128.86146353537958,146.64031149168818,144.41141377268292,164.97092764428706,1.207490086555481
recorded_obs-0629-02,new_latest,222,15.195195,0.886436567932229,current_image_start_state,17,,0.0013921814178543806,-0.11953772920669,0.0013921814178543806,-0.05104988546477936,128.82009511515457,146.35352233016712,144.34262923768495,164.36412394325393,1.1816606521606445
recorded_obs-0629-02,new_latest,222,15.195195,0.886436567932229,current_image_start_state,18,,0.003552896584701468,-0.11989751107518087,0.003552896584701468,-0.052365842067580055,128.49714960071663,146.49673287484381,144.02655172493866,164.8022892864379,1.1788971424102783
recorded_obs-0629-02,new_latest,222,15.195195,0.886436567932229,current_image_start_state,19,,0.004351199866708555,-0.11331361676703158,0.004351199866708555,-0.05242848379560625,128.37831157638308,145.46237446287688,143.90767397251983,163.57723979707717,1.235670566558838
recorded_obs-0629-02,new_latest,222,15.195195,0.886436567932229,start_image_start_state,0,,0.002986925223935852,-0.10500949380175195,0.002986925223935852,-0.04289058837963365,128.52027952767128,144.7131545562363,144.10664346918713,163.49302696233445,1.3176078796386719
recorded_obs-0629-02,new_latest,222,15.195195,0.886436567932229,start_image_start_state,1,,0.003480866501885702,-0.10881512762029551,0.003480866501885702,-0.04420680150403623,128.47810019529285,145.49993806000214,144.0326064776909,164.5937807231831,1.364158034324646
recorded_obs-0629-02,new_latest,222,15.195195,0.886436567932229,start_image_start_state,2,,0.003181780006974535,-0.09520585540462849,0.003181780006974535,-0.03767744373174305,128.51521639739454,143.09326081661106,144.06439665888868,161.70443531811847,1.2094358205795288
recorded_obs-0629-02,new_latest,222,15.195195,0.886436567932229,start_image_start_state,3,,0.002230185991569612,-0.11630099663067998,0.002230185991569612,-0.04806539149173974,128.64687124661725,146.32333437340617,144.20580854238307,165.04904417425283,1.3339499235153198
recorded_obs-0629-02,new_latest,222,15.195195,0.886436567932229,start_image_start_state,4,,0.0029291984239901755,-0.1071210488819977,0.0029291984239901755,-0.043794454065263076,128.55159588464116,144.957617355351,144.11338208097533,163.6159788509691,1.3072624206542969
recorded_obs-0629-02,new_latest,222,15.195195,0.886436567932229,start_image_start_state,5,,0.001542958808506241,-0.09217476815579562,0.001542958808506241,-0.03649797318820162,128.77479058508754,142.76506346136682,144.30540096387435,161.61869928054182,1.247492790222168
recorded_obs-0629-02,new_latest,222,15.195195,0.886436567932229,start_image_start_state,6,,0.00222530753514115,-0.11515613900874176,0.00222530753514115,-0.046696471004054614,128.66953579866174,146.04974345411523,144.20499600051141,164.55994081162007,1.3305082321166992
recorded_obs-0629-02,new_latest,222,15.195195,0.886436567932229,start_image_start_state,7,,0.0009409466685751746,-0.10962903306911591,0.0009409466685751746,-0.048766012099672615,128.80925777348872,145.26375153605022,144.4023720202347,163.83866910911516,1.2842330932617188
recorded_obs-0629-02,new_latest,222,15.195195,0.886436567932229,start_image_start_state,8,,0.0023479812909586815,-0.10941874702994618,0.0023479812909586815,-0.045028787142918504,128.62179789744516,145.3279715592507,144.1989149657721,163.98649479134974,1.3022929430007935
recorded_obs-0629-02,new_latest,222,15.195195,0.886436567932229,start_image_start_state,9,,0.0006648057633216735,-0.11226912698086529,0.0020436000316641123,-0.04267189391936085,128.89150280424883,145.93248236526634,144.42932006436254,164.86548163854135,1.2726935148239136
recorded_obs-0629-02,new_latest,222,15.195195,0.886436567932229,start_image_start_state,10,,0.0046849068824180995,-0.10702355146739485,0.0046849068824180995,-0.043485816898616,128.33737354913333,145.0165626534542,143.84067424858083,163.77405146502028,1.2555233240127563
recorded_obs-0629-02,new_latest,222,15.195195,0.886436567932229,start_image_start_state,11,,0.00535923336928823,-0.11351464415124772,0.00535923336928823,-0.04757906815530868,128.2686337661219,145.96904405433332,143.72984188913208,164.6373118365202,1.296638011932373
recorded_obs-0629-02,new_latest,222,15.195195,0.886436567932229,start_image_start_state,12,,0.002853352960874381,-0.10388417997402095,0.002853352960874381,-0.041274845013640975,128.5978059548524,144.32548442584007,144.10827638223134,162.9907272795968,1.2826799154281616
recorded_obs-0629-02,new_latest,222,15.195195,0.886436567932229,start_image_start_state,13,,0.0023668816162668448,-0.10235260124814335,0.0023668816162668448,-0.03923341012094444,128.63774058472595,143.84826181565026,144.18477284610765,162.06727518143862,1.2190200090408325
recorded_obs-0629-02,new_latest,222,15.195195,0.886436567932229,start_image_start_state,14,,0.0030820887458206624,-0.10914106118712914,0.0030820887458206624,-0.04459713027657271,128.541703954012,145.26492767023882,144.08499110940954,163.99552272749764,1.284899353981018
recorded_obs-0629-02,new_latest,222,15.195195,0.886436567932229,start_image_start_state,15,,0.005224213328070185,-0.10815104433335233,0.005224213328070185,-0.04576186275442255,128.26502674889207,144.98078479132866,143.76767531995182,163.49136211247983,1.2972135543823242
recorded_obs-0629-02,new_latest,222,15.195195,0.886436567932229,start_image_start_state,16,,0.0018740535883401078,-0.10645004292426592,0.003468271103002693,-0.04393578759822013,128.69265767293166,144.81698015490105,144.26376930057762,163.57344112678652,1.2644898891448975
recorded_obs-0629-02,new_latest,222,15.195195,0.886436567932229,start_image_start_state,17,,0.003376390730889329,-0.10439709007917228,0.003376390730889329,-0.04163143011740911,128.50617669835034,144.39540573577258,144.0415036470374,162.85925870141494,1.2321438789367676
recorded_obs-0629-02,new_latest,222,15.195195,0.886436567932229,start_image_start_state,18,,0.0044900879103712925,-0.10533047000187931,0.0044900879103712925,-0.04303261644305107,128.34337780790244,144.69507855844847,143.87503273826474,163.4431870220325,1.2208161354064941
recorded_obs-0629-02,new_latest,222,15.195195,0.886436567932229,start_image_start_state,19,,0.005204912439665636,-0.09935988300074416,0.005204912439665636,-0.04354168320055694,128.24322239341205,143.68577697864197,143.76930740873453,162.23230109805039,1.285038709640503
